county,month,enrollment
Albany,2018-01,63394
Allegany,2018-01,12378
Bronx,2018-01,817200
Broome,2018-01,53759
Cattaraugus,2018-01,21645
Cayuga,2018-01,19692
Chautauqua,2018-01,39092
Chemung,2018-01,25993
Chenango,2018-01,13841
Clinton,2018-01,20055
Columbia,2018-01,14256
Cortland,2018-01,11621
Delaware,2018-01,10446
Dutchess,2018-01,55168
Erie,2018-01,239087
Essex,2018-01,8587
Franklin,2018-01,14587
Fulton,2018-01,14642
Genesee,2018-01,12487
Greene,2018-01,12271
Hamilton,2018-01,718
Herkimer,2018-01,16344
Jefferson,2018-01,28288
Kings,2018-01,1170696
Lewis,2018-01,5338
Livingston,2018-01,12153
Madison,2018-01,15914
Monroe,2018-01,194594
Montgomery,2018-01,18037
Nassau,2018-01,250837
New York,2018-01,447608
Niagara,2018-01,52719
Oneida,2018-01,70762
Onondaga,2018-01,116509
Ontario,2018-01,21670
Orange,2018-01,100069
Orleans,2018-01,10879
Oswego,2018-01,33043
Otsego,2018-01,13055
Putnam,2018-01,13135
Queens,2018-01,920675
Rensselaer,2018-01,34549
Richmond,2018-01,137876
Rockland,2018-01,106272
Saratoga,2018-01,32573
Schenectady,2018-01,43661
Schoharie,2018-01,6896
Schuyler,2018-01,3754
Seneca,2018-01,7892
St. Lawrence,2018-01,29076
Steuben,2018-01,25149
Suffolk,2018-01,307071
Sullivan,2018-01,25346
Tioga,2018-01,11512
Tompkins,2018-01,16056
Ulster,2018-01,43814
Warren,2018-01,15003
Washington,2018-01,16305
Wayne,2018-01,21268
Westchester,2018-01,205384
Wyoming,2018-01,8474
Yates,2018-01,4934
Albany,2018-02,63319
Allegany,2018-02,12390
Bronx,2018-02,816942
Broome,2018-02,53803
Cattaraugus,2018-02,21654
Cayuga,2018-02,19706
Chautauqua,2018-02,39041
Chemung,2018-02,25928
Chenango,2018-02,13794
Clinton,2018-02,20115
Columbia,2018-02,14245
Cortland,2018-02,11694
Delaware,2018-02,10425
Dutchess,2018-02,55347
Erie,2018-02,239101
Essex,2018-02,8588
Franklin,2018-02,14542
Fulton,2018-02,14639
Genesee,2018-02,12427
Greene,2018-02,12288
Hamilton,2018-02,717
Herkimer,2018-02,16250
Jefferson,2018-02,28320
Kings,2018-02,1168376
Lewis,2018-02,5330
Livingston,2018-02,12152
Madison,2018-02,15891
Monroe,2018-02,194846
Montgomery,2018-02,18016
Nassau,2018-02,251214
New York,2018-02,446799
Niagara,2018-02,52862
Oneida,2018-02,70943
Onondaga,2018-02,116610
Ontario,2018-02,21737
Orange,2018-02,100403
Orleans,2018-02,10911
Oswego,2018-02,32995
Otsego,2018-02,13021
Putnam,2018-02,13177
Queens,2018-02,919741
Rensselaer,2018-02,34603
Richmond,2018-02,137950
Rockland,2018-02,106633
Saratoga,2018-02,32490
Schenectady,2018-02,43878
Schoharie,2018-02,6887
Schuyler,2018-02,3758
Seneca,2018-02,7882
St. Lawrence,2018-02,29115
Steuben,2018-02,25103
Suffolk,2018-02,307582
Sullivan,2018-02,25401
Tioga,2018-02,11454
Tompkins,2018-02,16001
Ulster,2018-02,43774
Warren,2018-02,14938
Washington,2018-02,16322
Wayne,2018-02,21254
Westchester,2018-02,205764
Wyoming,2018-02,8484
Yates,2018-02,4941
Albany,2018-03,63610
Allegany,2018-03,12383
Bronx,2018-03,818451
Broome,2018-03,53711
Cattaraugus,2018-03,21652
Cayuga,2018-03,19711
Chautauqua,2018-03,38981
Chemung,2018-03,25976
Chenango,2018-03,13868
Clinton,2018-03,20174
Columbia,2018-03,14318
Cortland,2018-03,11648
Delaware,2018-03,10368
Dutchess,2018-03,55439
Erie,2018-03,239075
Essex,2018-03,8583
Franklin,2018-03,14496
Fulton,2018-03,14623
Genesee,2018-03,12387
Greene,2018-03,12297
Hamilton,2018-03,705
Herkimer,2018-03,16215
Jefferson,2018-03,28395
Kings,2018-03,1168084
Lewis,2018-03,5304
Livingston,2018-03,12105
Madison,2018-03,15921
Monroe,2018-03,195300
Montgomery,2018-03,18011
Nassau,2018-03,251450
New York,2018-03,446427
Niagara,2018-03,52768
Oneida,2018-03,71016
Onondaga,2018-03,116808
Ontario,2018-03,21829
Orange,2018-03,100530
Orleans,2018-03,10936
Oswego,2018-03,33039
Otsego,2018-03,13040
Putnam,2018-03,13211
Queens,2018-03,920691
Rensselaer,2018-03,34667
Richmond,2018-03,138240
Rockland,2018-03,106932
Saratoga,2018-03,32594
Schenectady,2018-03,44002
Schoharie,2018-03,6876
Schuyler,2018-03,3731
Seneca,2018-03,7912
St. Lawrence,2018-03,28992
Steuben,2018-03,25198
Suffolk,2018-03,307656
Sullivan,2018-03,25404
Tioga,2018-03,11417
Tompkins,2018-03,16009
Ulster,2018-03,43776
Warren,2018-03,14949
Washington,2018-03,16299
Wayne,2018-03,21294
Westchester,2018-03,206000
Wyoming,2018-03,8521
Yates,2018-03,4930
Albany,2018-04,63595
Allegany,2018-04,12374
Bronx,2018-04,817857
Broome,2018-04,53653
Cattaraugus,2018-04,21684
Cayuga,2018-04,19694
Chautauqua,2018-04,38926
Chemung,2018-04,25906
Chenango,2018-04,13861
Clinton,2018-04,20147
Columbia,2018-04,14369
Cortland,2018-04,11652
Delaware,2018-04,10371
Dutchess,2018-04,55390
Erie,2018-04,239008
Essex,2018-04,8553
Franklin,2018-04,14504
Fulton,2018-04,14601
Genesee,2018-04,12382
Greene,2018-04,12243
Hamilton,2018-04,724
Herkimer,2018-04,16132
Jefferson,2018-04,28444
Kings,2018-04,1166774
Lewis,2018-04,5284
Livingston,2018-04,12087
Madison,2018-04,15838
Monroe,2018-04,195374
Montgomery,2018-04,18020
Nassau,2018-04,251804
New York,2018-04,445805
Niagara,2018-04,52817
Oneida,2018-04,70977
Onondaga,2018-04,116921
Ontario,2018-04,21750
Orange,2018-04,100687
Orleans,2018-04,10977
Oswego,2018-04,32976
Otsego,2018-04,13085
Putnam,2018-04,13220
Queens,2018-04,919609
Rensselaer,2018-04,34501
Richmond,2018-04,138417
Rockland,2018-04,107471
Saratoga,2018-04,32564
Schenectady,2018-04,44022
Schoharie,2018-04,6900
Schuyler,2018-04,3751
Seneca,2018-04,7880
St. Lawrence,2018-04,28790
Steuben,2018-04,25176
Suffolk,2018-04,308060
Sullivan,2018-04,25437
Tioga,2018-04,11437
Tompkins,2018-04,15986
Ulster,2018-04,43877
Warren,2018-04,14978
Washington,2018-04,16320
Wayne,2018-04,21353
Westchester,2018-04,206113
Wyoming,2018-04,8538
Yates,2018-04,4937
Albany,2018-05,63542
Allegany,2018-05,12386
Bronx,2018-05,818244
Broome,2018-05,53561
Cattaraugus,2018-05,21677
Cayuga,2018-05,19631
Chautauqua,2018-05,38864
Chemung,2018-05,25856
Chenango,2018-05,13922
Clinton,2018-05,20051
Columbia,2018-05,14365
Cortland,2018-05,11697
Delaware,2018-05,10396
Dutchess,2018-05,55460
Erie,2018-05,238896
Essex,2018-05,8489
Franklin,2018-05,14494
Fulton,2018-05,14572
Genesee,2018-05,12416
Greene,2018-05,12245
Hamilton,2018-05,722
Herkimer,2018-05,16076
Jefferson,2018-05,28311
Kings,2018-05,1166547
Lewis,2018-05,5309
Livingston,2018-05,12108
Madison,2018-05,15823
Monroe,2018-05,195420
Montgomery,2018-05,17978
Nassau,2018-05,252675
New York,2018-05,445672
Niagara,2018-05,52938
Oneida,2018-05,70882
Onondaga,2018-05,116858
Ontario,2018-05,21773
Orange,2018-05,100891
Orleans,2018-05,10963
Oswego,2018-05,33003
Otsego,2018-05,13056
Putnam,2018-05,13260
Queens,2018-05,920266
Rensselaer,2018-05,34474
Richmond,2018-05,138475
Rockland,2018-05,107662
Saratoga,2018-05,32580
Schenectady,2018-05,44062
Schoharie,2018-05,6897
Schuyler,2018-05,3747
Seneca,2018-05,7878
St. Lawrence,2018-05,28701
Steuben,2018-05,25131
Suffolk,2018-05,308506
Sullivan,2018-05,25412
Tioga,2018-05,11464
Tompkins,2018-05,16013
Ulster,2018-05,43849
Warren,2018-05,15006
Washington,2018-05,16313
Wayne,2018-05,21348
Westchester,2018-05,206220
Wyoming,2018-05,8509
Yates,2018-05,4990
Albany,2018-06,63590
Allegany,2018-06,12310
Bronx,2018-06,818166
Broome,2018-06,53415
Cattaraugus,2018-06,21674
Cayuga,2018-06,19603
Chautauqua,2018-06,38609
Chemung,2018-06,25794
Chenango,2018-06,13856
Clinton,2018-06,19962
Columbia,2018-06,14388
Cortland,2018-06,11702
Delaware,2018-06,10409
Dutchess,2018-06,55639
Erie,2018-06,237420
Essex,2018-06,8460
Franklin,2018-06,14512
Fulton,2018-06,14493
Genesee,2018-06,12495
Greene,2018-06,12247
Hamilton,2018-06,726
Herkimer,2018-06,16128
Jefferson,2018-06,28359
Kings,2018-06,1165743
Lewis,2018-06,5339
Livingston,2018-06,12062
Madison,2018-06,15827
Monroe,2018-06,195303
Montgomery,2018-06,18008
Nassau,2018-06,252415
New York,2018-06,445323
Niagara,2018-06,52991
Oneida,2018-06,71026
Onondaga,2018-06,116758
Ontario,2018-06,21741
Orange,2018-06,100894
Orleans,2018-06,10963
Oswego,2018-06,32982
Otsego,2018-06,12992
Putnam,2018-06,13334
Queens,2018-06,920137
Rensselaer,2018-06,34510
Richmond,2018-06,138682
Rockland,2018-06,107887
Saratoga,2018-06,32588
Schenectady,2018-06,44142
Schoharie,2018-06,6870
Schuyler,2018-06,3741
Seneca,2018-06,7905
St. Lawrence,2018-06,28712
Steuben,2018-06,25102
Suffolk,2018-06,308174
Sullivan,2018-06,25529
Tioga,2018-06,11422
Tompkins,2018-06,15976
Ulster,2018-06,43834
Warren,2018-06,15000
Washington,2018-06,16320
Wayne,2018-06,21268
Westchester,2018-06,206175
Wyoming,2018-06,8511
Yates,2018-06,4945
Albany,2018-07,63461
Allegany,2018-07,12268
Bronx,2018-07,818496
Broome,2018-07,53140
Cattaraugus,2018-07,21663
Cayuga,2018-07,19634
Chautauqua,2018-07,38446
Chemung,2018-07,25854
Chenango,2018-07,13807
Clinton,2018-07,19868
Columbia,2018-07,14376
Cortland,2018-07,11704
Delaware,2018-07,10409
Dutchess,2018-07,55499
Erie,2018-07,236822
Essex,2018-07,8375
Franklin,2018-07,14501
Fulton,2018-07,14529
Genesee,2018-07,12620
Greene,2018-07,12234
Hamilton,2018-07,715
Herkimer,2018-07,16108
Jefferson,2018-07,28396
Kings,2018-07,1166005
Lewis,2018-07,5283
Livingston,2018-07,11973
Madison,2018-07,15873
Monroe,2018-07,195310
Montgomery,2018-07,18041
Nassau,2018-07,252166
New York,2018-07,444544
Niagara,2018-07,53035
Oneida,2018-07,71046
Onondaga,2018-07,116794
Ontario,2018-07,21765
Orange,2018-07,101159
Orleans,2018-07,10933
Oswego,2018-07,32887
Otsego,2018-07,12909
Putnam,2018-07,13383
Queens,2018-07,920366
Rensselaer,2018-07,34587
Richmond,2018-07,138837
Rockland,2018-07,108232
Saratoga,2018-07,32492
Schenectady,2018-07,44175
Schoharie,2018-07,6891
Schuyler,2018-07,3749
Seneca,2018-07,7904
St. Lawrence,2018-07,28612
Steuben,2018-07,25106
Suffolk,2018-07,308547
Sullivan,2018-07,25531
Tioga,2018-07,11395
Tompkins,2018-07,15958
Ulster,2018-07,43829
Warren,2018-07,14987
Washington,2018-07,16393
Wayne,2018-07,21287
Westchester,2018-07,206188
Wyoming,2018-07,8518
Yates,2018-07,4936
Albany,2018-08,63450
Allegany,2018-08,12333
Bronx,2018-08,819305
Broome,2018-08,53036
Cattaraugus,2018-08,21700
Cayuga,2018-08,19595
Chautauqua,2018-08,38416
Chemung,2018-08,25852
Chenango,2018-08,13820
Clinton,2018-08,19836
Columbia,2018-08,14353
Cortland,2018-08,11721
Delaware,2018-08,10448
Dutchess,2018-08,55570
Erie,2018-08,235964
Essex,2018-08,8343
Franklin,2018-08,14513
Fulton,2018-08,14557
Genesee,2018-08,12617
Greene,2018-08,12309
Hamilton,2018-08,712
Herkimer,2018-08,16135
Jefferson,2018-08,28472
Kings,2018-08,1166219
Lewis,2018-08,5229
Livingston,2018-08,11936
Madison,2018-08,15897
Monroe,2018-08,195419
Montgomery,2018-08,18118
Nassau,2018-08,252297
New York,2018-08,443814
Niagara,2018-08,53061
Oneida,2018-08,70959
Onondaga,2018-08,116946
Ontario,2018-08,21843
Orange,2018-08,101328
Orleans,2018-08,10948
Oswego,2018-08,32852
Otsego,2018-08,12809
Putnam,2018-08,13403
Queens,2018-08,920511
Rensselaer,2018-08,34597
Richmond,2018-08,139422
Rockland,2018-08,108741
Saratoga,2018-08,32556
Schenectady,2018-08,44291
Schoharie,2018-08,6917
Schuyler,2018-08,3777
Seneca,2018-08,7932
St. Lawrence,2018-08,28707
Steuben,2018-08,25069
Suffolk,2018-08,308836
Sullivan,2018-08,25505
Tioga,2018-08,11427
Tompkins,2018-08,15993
Ulster,2018-08,43946
Warren,2018-08,15019
Washington,2018-08,16313
Wayne,2018-08,21307
Westchester,2018-08,206542
Wyoming,2018-08,8509
Yates,2018-08,4957
Albany,2018-09,63205
Allegany,2018-09,12359
Bronx,2018-09,818826
Broome,2018-09,52895
Cattaraugus,2018-09,21645
Cayuga,2018-09,19534
Chautauqua,2018-09,38256
Chemung,2018-09,25751
Chenango,2018-09,13897
Clinton,2018-09,19800
Columbia,2018-09,14417
Cortland,2018-09,11691
Delaware,2018-09,10418
Dutchess,2018-09,55599
Erie,2018-09,235771
Essex,2018-09,8339
Franklin,2018-09,14384
Fulton,2018-09,14619
Genesee,2018-09,12582
Greene,2018-09,12308
Hamilton,2018-09,715
Herkimer,2018-09,16056
Jefferson,2018-09,28525
Kings,2018-09,1164866
Lewis,2018-09,5201
Livingston,2018-09,11974
Madison,2018-09,15879
Monroe,2018-09,195174
Montgomery,2018-09,18136
Nassau,2018-09,252026
New York,2018-09,443100
Niagara,2018-09,53017
Oneida,2018-09,70985
Onondaga,2018-09,116640
Ontario,2018-09,21795
Orange,2018-09,101449
Orleans,2018-09,10833
Oswego,2018-09,32773
Otsego,2018-09,12751
Putnam,2018-09,13350
Queens,2018-09,919162
Rensselaer,2018-09,34478
Richmond,2018-09,139321
Rockland,2018-09,108700
Saratoga,2018-09,32492
Schenectady,2018-09,44175
Schoharie,2018-09,6887
Schuyler,2018-09,3768
Seneca,2018-09,7906
St. Lawrence,2018-09,28648
Steuben,2018-09,25097
Suffolk,2018-09,308484
Sullivan,2018-09,25542
Tioga,2018-09,11424
Tompkins,2018-09,16060
Ulster,2018-09,43917
Warren,2018-09,14965
Washington,2018-09,16285
Wayne,2018-09,21277
Westchester,2018-09,206230
Wyoming,2018-09,8511
Yates,2018-09,4948
Albany,2018-10,63188
Allegany,2018-10,12342
Bronx,2018-10,820364
Broome,2018-10,52798
Cattaraugus,2018-10,21707
Cayuga,2018-10,19532
Chautauqua,2018-10,38265
Chemung,2018-10,25782
Chenango,2018-10,13906
Clinton,2018-10,19812
Columbia,2018-10,14413
Cortland,2018-10,11701
Delaware,2018-10,10428
Dutchess,2018-10,55687
Erie,2018-10,236071
Essex,2018-10,8337
Franklin,2018-10,14366
Fulton,2018-10,14587
Genesee,2018-10,12644
Greene,2018-10,12259
Hamilton,2018-10,713
Herkimer,2018-10,16061
Jefferson,2018-10,28635
Kings,2018-10,1165622
Lewis,2018-10,5177
Livingston,2018-10,12007
Madison,2018-10,15959
Monroe,2018-10,195479
Montgomery,2018-10,18088
Nassau,2018-10,252611
New York,2018-10,443208
Niagara,2018-10,53080
Oneida,2018-10,71190
Onondaga,2018-10,116589
Ontario,2018-10,21813
Orange,2018-10,101925
Orleans,2018-10,10811
Oswego,2018-10,32728
Otsego,2018-10,12748
Putnam,2018-10,13321
Queens,2018-10,920267
Rensselaer,2018-10,34544
Richmond,2018-10,139567
Rockland,2018-10,109380
Saratoga,2018-10,32507
Schenectady,2018-10,44361
Schoharie,2018-10,6872
Schuyler,2018-10,3787
Seneca,2018-10,7926
St. Lawrence,2018-10,28657
Steuben,2018-10,25072
Suffolk,2018-10,308781
Sullivan,2018-10,25519
Tioga,2018-10,11433
Tompkins,2018-10,16000
Ulster,2018-10,43998
Warren,2018-10,15008
Washington,2018-10,16275
Wayne,2018-10,21298
Westchester,2018-10,206516
Wyoming,2018-10,8532
Yates,2018-10,4955
Albany,2018-11,63301
Allegany,2018-11,12368
Bronx,2018-11,819243
Broome,2018-11,52556
Cattaraugus,2018-11,21695
Cayuga,2018-11,19449
Chautauqua,2018-11,38203
Chemung,2018-11,25748
Chenango,2018-11,13925
Clinton,2018-11,19737
Columbia,2018-11,14425
Cortland,2018-11,11693
Delaware,2018-11,10456
Dutchess,2018-11,55816
Erie,2018-11,235977
Essex,2018-11,8363
Franklin,2018-11,14357
Fulton,2018-11,14652
Genesee,2018-11,12584
Greene,2018-11,12280
Hamilton,2018-11,715
Herkimer,2018-11,16079
Jefferson,2018-11,28531
Kings,2018-11,1163765
Lewis,2018-11,5139
Livingston,2018-11,11958
Madison,2018-11,15918
Monroe,2018-11,195651
Montgomery,2018-11,18066
Nassau,2018-11,252941
New York,2018-11,441635
Niagara,2018-11,53031
Oneida,2018-11,71315
Onondaga,2018-11,116751
Ontario,2018-11,21777
Orange,2018-11,102060
Orleans,2018-11,10807
Oswego,2018-11,32618
Otsego,2018-11,12768
Putnam,2018-11,13351
Queens,2018-11,918504
Rensselaer,2018-11,34488
Richmond,2018-11,139413
Rockland,2018-11,109823
Saratoga,2018-11,32491
Schenectady,2018-11,44364
Schoharie,2018-11,6883
Schuyler,2018-11,3767
Seneca,2018-11,7945
St. Lawrence,2018-11,28725
Steuben,2018-11,25207
Suffolk,2018-11,308683
Sullivan,2018-11,25582
Tioga,2018-11,11422
Tompkins,2018-11,15967
Ulster,2018-11,44080
Warren,2018-11,15003
Washington,2018-11,16337
Wayne,2018-11,21250
Westchester,2018-11,206391
Wyoming,2018-11,8575
Yates,2018-11,4982
Albany,2018-12,63368
Allegany,2018-12,12341
Bronx,2018-12,817818
Broome,2018-12,52419
Cattaraugus,2018-12,21684
Cayuga,2018-12,19395
Chautauqua,2018-12,38131
Chemung,2018-12,25644
Chenango,2018-12,13920
Clinton,2018-12,19800
Columbia,2018-12,14476
Cortland,2018-12,11748
Delaware,2018-12,10418
Dutchess,2018-12,55912
Erie,2018-12,235932
Essex,2018-12,8417
Franklin,2018-12,14392
Fulton,2018-12,14637
Genesee,2018-12,12631
Greene,2018-12,12253
Hamilton,2018-12,727
Herkimer,2018-12,16078
Jefferson,2018-12,28505
Kings,2018-12,1163614
Lewis,2018-12,5149
Livingston,2018-12,11871
Madison,2018-12,15922
Monroe,2018-12,195682
Montgomery,2018-12,18038
Nassau,2018-12,253515
New York,2018-12,441285
Niagara,2018-12,53089
Oneida,2018-12,71185
Onondaga,2018-12,116876
Ontario,2018-12,21824
Orange,2018-12,102196
Orleans,2018-12,10747
Oswego,2018-12,32651
Otsego,2018-12,12711
Putnam,2018-12,13380
Queens,2018-12,918494
Rensselaer,2018-12,34580
Richmond,2018-12,139438
Rockland,2018-12,110131
Saratoga,2018-12,32575
Schenectady,2018-12,44427
Schoharie,2018-12,6883
Schuyler,2018-12,3769
Seneca,2018-12,7944
St. Lawrence,2018-12,28683
Steuben,2018-12,25169
Suffolk,2018-12,308844
Sullivan,2018-12,25577
Tioga,2018-12,11380
Tompkins,2018-12,16001
Ulster,2018-12,44113
Warren,2018-12,14997
Washington,2018-12,16343
Wayne,2018-12,21256
Westchester,2018-12,206552
Wyoming,2018-12,8537
Yates,2018-12,4976
Albany,2019-01,63479
Allegany,2019-01,12358
Bronx,2019-01,819196
Broome,2019-01,52646
Cattaraugus,2019-01,21662
Cayuga,2019-01,19539
Chautauqua,2019-01,38206
Chemung,2019-01,25685
Chenango,2019-01,13961
Clinton,2019-01,19806
Columbia,2019-01,14511
Cortland,2019-01,11778
Delaware,2019-01,10379
Dutchess,2019-01,56284
Erie,2019-01,236139
Essex,2019-01,8443
Franklin,2019-01,14433
Fulton,2019-01,14688
Genesee,2019-01,12622
Greene,2019-01,12324
Hamilton,2019-01,753
Herkimer,2019-01,16134
Jefferson,2019-01,28499
Kings,2019-01,1164612
Lewis,2019-01,5155
Livingston,2019-01,11883
Madison,2019-01,15943
Monroe,2019-01,196540
Montgomery,2019-01,18165
Nassau,2019-01,254153
New York,2019-01,441125
Niagara,2019-01,53155
Oneida,2019-01,71151
Onondaga,2019-01,117227
Ontario,2019-01,21887
Orange,2019-01,102353
Orleans,2019-01,10690
Oswego,2019-01,32795
Otsego,2019-01,12763
Putnam,2019-01,13417
Queens,2019-01,918636
Rensselaer,2019-01,34684
Richmond,2019-01,139820
Rockland,2019-01,110782
Saratoga,2019-01,32718
Schenectady,2019-01,44531
Schoharie,2019-01,6858
Schuyler,2019-01,3793
Seneca,2019-01,7974
St. Lawrence,2019-01,28752
Steuben,2019-01,25196
Suffolk,2019-01,309937
Sullivan,2019-01,25620
Tioga,2019-01,11347
Tompkins,2019-01,15996
Ulster,2019-01,44149
Warren,2019-01,15016
Washington,2019-01,16434
Wayne,2019-01,21209
Westchester,2019-01,207045
Wyoming,2019-01,8555
Yates,2019-01,4985
Albany,2019-02,63364
Allegany,2019-02,12389
Bronx,2019-02,817055
Broome,2019-02,52462
Cattaraugus,2019-02,21560
Cayuga,2019-02,19420
Chautauqua,2019-02,38116
Chemung,2019-02,25587
Chenango,2019-02,13887
Clinton,2019-02,19695
Columbia,2019-02,14477
Cortland,2019-02,11814
Delaware,2019-02,10327
Dutchess,2019-02,56274
Erie,2019-02,236176
Essex,2019-02,8391
Franklin,2019-02,14340
Fulton,2019-02,14667
Genesee,2019-02,12605
Greene,2019-02,12226
Hamilton,2019-02,760
Herkimer,2019-02,16121
Jefferson,2019-02,28438
Kings,2019-02,1161124
Lewis,2019-02,5182
Livingston,2019-02,11878
Madison,2019-02,15969
Monroe,2019-02,196077
Montgomery,2019-02,18145
Nassau,2019-02,253695
New York,2019-02,439275
Niagara,2019-02,53166
Oneida,2019-02,70975
Onondaga,2019-02,117006
Ontario,2019-02,21862
Orange,2019-02,102420
Orleans,2019-02,10635
Oswego,2019-02,32806
Otsego,2019-02,12711
Putnam,2019-02,13375
Queens,2019-02,915255
Rensselaer,2019-02,34612
Richmond,2019-02,139684
Rockland,2019-02,110892
Saratoga,2019-02,32660
Schenectady,2019-02,44508
Schoharie,2019-02,6842
Schuyler,2019-02,3774
Seneca,2019-02,7978
St. Lawrence,2019-02,28673
Steuben,2019-02,25178
Suffolk,2019-02,309433
Sullivan,2019-02,25604
Tioga,2019-02,11383
Tompkins,2019-02,15966
Ulster,2019-02,44010
Warren,2019-02,14941
Washington,2019-02,16369
Wayne,2019-02,21255
Westchester,2019-02,206760
Wyoming,2019-02,8579
Yates,2019-02,4974
Albany,2019-03,63354
Allegany,2019-03,12447
Bronx,2019-03,818221
Broome,2019-03,52394
Cattaraugus,2019-03,21576
Cayuga,2019-03,19388
Chautauqua,2019-03,38055
Chemung,2019-03,25435
Chenango,2019-03,13901
Clinton,2019-03,19710
Columbia,2019-03,14540
Cortland,2019-03,11846
Delaware,2019-03,10313
Dutchess,2019-03,56341
Erie,2019-03,235753
Essex,2019-03,8362
Franklin,2019-03,14268
Fulton,2019-03,14673
Genesee,2019-03,12594
Greene,2019-03,12222
Hamilton,2019-03,772
Herkimer,2019-03,16059
Jefferson,2019-03,28512
Kings,2019-03,1161057
Lewis,2019-03,5198
Livingston,2019-03,11847
Madison,2019-03,15922
Monroe,2019-03,195866
Montgomery,2019-03,18120
Nassau,2019-03,253815
New York,2019-03,438710
Niagara,2019-03,53017
Oneida,2019-03,70909
Onondaga,2019-03,117079
Ontario,2019-03,21833
Orange,2019-03,102604
Orleans,2019-03,10560
Oswego,2019-03,32722
Otsego,2019-03,12697
Putnam,2019-03,13382
Queens,2019-03,915651
Rensselaer,2019-03,34682
Richmond,2019-03,139941
Rockland,2019-03,111323
Saratoga,2019-03,32665
Schenectady,2019-03,44467
Schoharie,2019-03,6837
Schuyler,2019-03,3770
Seneca,2019-03,7952
St. Lawrence,2019-03,28669
Steuben,2019-03,25214
Suffolk,2019-03,309870
Sullivan,2019-03,25647
Tioga,2019-03,11361
Tompkins,2019-03,15948
Ulster,2019-03,43986
Warren,2019-03,14996
Washington,2019-03,16289
Wayne,2019-03,21220
Westchester,2019-03,206639
Wyoming,2019-03,8533
Yates,2019-03,4977
Albany,2019-04,63301
Allegany,2019-04,12421
Bronx,2019-04,817776
Broome,2019-04,52313
Cattaraugus,2019-04,21570
Cayuga,2019-04,19381
Chautauqua,2019-04,37967
Chemung,2019-04,25393
Chenango,2019-04,13926
Clinton,2019-04,19604
Columbia,2019-04,14494
Cortland,2019-04,11801
Delaware,2019-04,10350
Dutchess,2019-04,56338
Erie,2019-04,235183
Essex,2019-04,8315
Franklin,2019-04,14357
Fulton,2019-04,14661
Genesee,2019-04,12525
Greene,2019-04,12265
Hamilton,2019-04,762
Herkimer,2019-04,16046
Jefferson,2019-04,28475
Kings,2019-04,1160042
Lewis,2019-04,5147
Livingston,2019-04,11926
Madison,2019-04,15886
Monroe,2019-04,195453
Montgomery,2019-04,18108
Nassau,2019-04,253407
New York,2019-04,437747
Niagara,2019-04,53013
Oneida,2019-04,70986
Onondaga,2019-04,116848
Ontario,2019-04,21826
Orange,2019-04,102543
Orleans,2019-04,10603
Oswego,2019-04,32669
Otsego,2019-04,12630
Putnam,2019-04,13393
Queens,2019-04,915625
Rensselaer,2019-04,34596
Richmond,2019-04,139912
Rockland,2019-04,111401
Saratoga,2019-04,32675
Schenectady,2019-04,44537
Schoharie,2019-04,6820
Schuyler,2019-04,3766
Seneca,2019-04,7961
St. Lawrence,2019-04,28549
Steuben,2019-04,25080
Suffolk,2019-04,309441
Sullivan,2019-04,25619
Tioga,2019-04,11387
Tompkins,2019-04,15910
Ulster,2019-04,43901
Warren,2019-04,14980
Washington,2019-04,16334
Wayne,2019-04,21127
Westchester,2019-04,206587
Wyoming,2019-04,8553
Yates,2019-04,4980
Albany,2019-05,63546
Allegany,2019-05,12380
Bronx,2019-05,817033
Broome,2019-05,52226
Cattaraugus,2019-05,21534
Cayuga,2019-05,19348
Chautauqua,2019-05,37925
Chemung,2019-05,25383
Chenango,2019-05,13871
Clinton,2019-05,19590
Columbia,2019-05,14498
Cortland,2019-05,11763
Delaware,2019-05,10367
Dutchess,2019-05,56497
Erie,2019-05,235504
Essex,2019-05,8270
Franklin,2019-05,14418
Fulton,2019-05,14723
Genesee,2019-05,12572
Greene,2019-05,12271
Hamilton,2019-05,763
Herkimer,2019-05,16029
Jefferson,2019-05,28469
Kings,2019-05,1160087
Lewis,2019-05,5151
Livingston,2019-05,12028
Madison,2019-05,15882
Monroe,2019-05,195549
Montgomery,2019-05,18124
Nassau,2019-05,253671
New York,2019-05,436778
Niagara,2019-05,53007
Oneida,2019-05,71176
Onondaga,2019-05,116866
Ontario,2019-05,21762
Orange,2019-05,102731
Orleans,2019-05,10705
Oswego,2019-05,32610
Otsego,2019-05,12594
Putnam,2019-05,13510
Queens,2019-05,916135
Rensselaer,2019-05,34684
Richmond,2019-05,140168
Rockland,2019-05,112174
Saratoga,2019-05,32740
Schenectady,2019-05,44433
Schoharie,2019-05,6849
Schuyler,2019-05,3757
Seneca,2019-05,7948
St. Lawrence,2019-05,28488
Steuben,2019-05,25071
Suffolk,2019-05,309635
Sullivan,2019-05,25726
Tioga,2019-05,11356
Tompkins,2019-05,15900
Ulster,2019-05,44140
Warren,2019-05,14966
Washington,2019-05,16358
Wayne,2019-05,21116
Westchester,2019-05,206662
Wyoming,2019-05,8647
Yates,2019-05,4939
Albany,2019-06,63562
Allegany,2019-06,12431
Bronx,2019-06,814855
Broome,2019-06,52162
Cattaraugus,2019-06,21547
Cayuga,2019-06,19335
Chautauqua,2019-06,37838
Chemung,2019-06,25310
Chenango,2019-06,13847
Clinton,2019-06,19552
Columbia,2019-06,14440
Cortland,2019-06,11748
Delaware,2019-06,10318
Dutchess,2019-06,56416
Erie,2019-06,235343
Essex,2019-06,8239
Franklin,2019-06,14379
Fulton,2019-06,14673
Genesee,2019-06,12583
Greene,2019-06,12254
Hamilton,2019-06,759
Herkimer,2019-06,16064
Jefferson,2019-06,28419
Kings,2019-06,1157626
Lewis,2019-06,5183
Livingston,2019-06,11964
Madison,2019-06,15845
Monroe,2019-06,195364
Montgomery,2019-06,18063
Nassau,2019-06,254214
New York,2019-06,434607
Niagara,2019-06,52899
Oneida,2019-06,71198
Onondaga,2019-06,116745
Ontario,2019-06,21728
Orange,2019-06,102794
Orleans,2019-06,10702
Oswego,2019-06,32653
Otsego,2019-06,12523
Putnam,2019-06,13605
Queens,2019-06,915133
Rensselaer,2019-06,34680
Richmond,2019-06,140165
Rockland,2019-06,112477
Saratoga,2019-06,32762
Schenectady,2019-06,44417
Schoharie,2019-06,6791
Schuyler,2019-06,3771
Seneca,2019-06,7964
St. Lawrence,2019-06,28400
Steuben,2019-06,24965
Suffolk,2019-06,309910
Sullivan,2019-06,25656
Tioga,2019-06,11322
Tompkins,2019-06,15888
Ulster,2019-06,44044
Warren,2019-06,14860
Washington,2019-06,16372
Wayne,2019-06,21081
Westchester,2019-06,206399
Wyoming,2019-06,8658
Yates,2019-06,4898
Albany,2019-07,63601
Allegany,2019-07,12431
Bronx,2019-07,814160
Broome,2019-07,52067
Cattaraugus,2019-07,21588
Cayuga,2019-07,19366
Chautauqua,2019-07,37834
Chemung,2019-07,25390
Chenango,2019-07,13842
Clinton,2019-07,19571
Columbia,2019-07,14420
Cortland,2019-07,11722
Delaware,2019-07,10356
Dutchess,2019-07,56554
Erie,2019-07,235343
Essex,2019-07,8219
Franklin,2019-07,14367
Fulton,2019-07,14616
Genesee,2019-07,12622
Greene,2019-07,12258
Hamilton,2019-07,766
Herkimer,2019-07,16038
Jefferson,2019-07,28465
Kings,2019-07,1157056
Lewis,2019-07,5191
Livingston,2019-07,11980
Madison,2019-07,15838
Monroe,2019-07,195539
Montgomery,2019-07,18050
Nassau,2019-07,254596
New York,2019-07,433345
Niagara,2019-07,52945
Oneida,2019-07,71218
Onondaga,2019-07,116672
Ontario,2019-07,21708
Orange,2019-07,102938
Orleans,2019-07,10689
Oswego,2019-07,32566
Otsego,2019-07,12502
Putnam,2019-07,13608
Queens,2019-07,915180
Rensselaer,2019-07,34641
Richmond,2019-07,140011
Rockland,2019-07,112785
Saratoga,2019-07,32747
Schenectady,2019-07,44393
Schoharie,2019-07,6827
Schuyler,2019-07,3786
Seneca,2019-07,7925
St. Lawrence,2019-07,28368
Steuben,2019-07,24942
Suffolk,2019-07,310100
Sullivan,2019-07,25623
Tioga,2019-07,11256
Tompkins,2019-07,15914
Ulster,2019-07,44004
Warren,2019-07,14881
Washington,2019-07,16361
Wayne,2019-07,21132
Westchester,2019-07,206346
Wyoming,2019-07,8640
Yates,2019-07,4953
Albany,2019-08,63718
Allegany,2019-08,12407
Bronx,2019-08,813440
Broome,2019-08,52103
Cattaraugus,2019-08,21530
Cayuga,2019-08,19415
Chautauqua,2019-08,37867
Chemung,2019-08,25379
Chenango,2019-08,13814
Clinton,2019-08,19507
Columbia,2019-08,14401
Cortland,2019-08,11707
Delaware,2019-08,10319
Dutchess,2019-08,56652
Erie,2019-08,235368
Essex,2019-08,8300
Franklin,2019-08,14342
Fulton,2019-08,14598
Genesee,2019-08,12666
Greene,2019-08,12266
Hamilton,2019-08,759
Herkimer,2019-08,16027
Jefferson,2019-08,28418
Kings,2019-08,1155239
Lewis,2019-08,5214
Livingston,2019-08,11976
Madison,2019-08,15862
Monroe,2019-08,195577
Montgomery,2019-08,17928
Nassau,2019-08,255143
New York,2019-08,432082
Niagara,2019-08,52995
Oneida,2019-08,71106
Onondaga,2019-08,116796
Ontario,2019-08,21799
Orange,2019-08,103333
Orleans,2019-08,10645
Oswego,2019-08,32605
Otsego,2019-08,12465
Putnam,2019-08,13591
Queens,2019-08,914358
Rensselaer,2019-08,34632
Richmond,2019-08,139904
Rockland,2019-08,113421
Saratoga,2019-08,32791
Schenectady,2019-08,44539
Schoharie,2019-08,6844
Schuyler,2019-08,3760
Seneca,2019-08,7857
St. Lawrence,2019-08,28271
Steuben,2019-08,24884
Suffolk,2019-08,310638
Sullivan,2019-08,25744
Tioga,2019-08,11251
Tompkins,2019-08,15892
Ulster,2019-08,44119
Warren,2019-08,14894
Washington,2019-08,16225
Wayne,2019-08,21167
Westchester,2019-08,206426
Wyoming,2019-08,8625
Yates,2019-08,4939
Albany,2019-09,63605
Allegany,2019-09,12386
Bronx,2019-09,812144
Broome,2019-09,52055
Cattaraugus,2019-09,21509
Cayuga,2019-09,19481
Chautauqua,2019-09,37802
Chemung,2019-09,25236
Chenango,2019-09,13834
Clinton,2019-09,19454
Columbia,2019-09,14328
Cortland,2019-09,11721
Delaware,2019-09,10283
Dutchess,2019-09,56577
Erie,2019-09,235142
Essex,2019-09,8277
Franklin,2019-09,14329
Fulton,2019-09,14596
Genesee,2019-09,12589
Greene,2019-09,12232
Hamilton,2019-09,756
Herkimer,2019-09,16006
Jefferson,2019-09,28380
Kings,2019-09,1152389
Lewis,2019-09,5205
Livingston,2019-09,11936
Madison,2019-09,15858
Monroe,2019-09,195371
Montgomery,2019-09,17951
Nassau,2019-09,254792
New York,2019-09,429998
Niagara,2019-09,52857
Oneida,2019-09,70993
Onondaga,2019-09,116602
Ontario,2019-09,21846
Orange,2019-09,103246
Orleans,2019-09,10640
Oswego,2019-09,32509
Otsego,2019-09,12447
Putnam,2019-09,13565
Queens,2019-09,913186
Rensselaer,2019-09,34527
Richmond,2019-09,140088
Rockland,2019-09,113478
Saratoga,2019-09,32808
Schenectady,2019-09,44443
Schoharie,2019-09,6781
Schuyler,2019-09,3732
Seneca,2019-09,7817
St. Lawrence,2019-09,28229
Steuben,2019-09,24786
Suffolk,2019-09,310350
Sullivan,2019-09,25728
Tioga,2019-09,11198
Tompkins,2019-09,15811
Ulster,2019-09,44068
Warren,2019-09,14865
Washington,2019-09,16230
Wayne,2019-09,21080
Westchester,2019-09,206106
Wyoming,2019-09,8613
Yates,2019-09,4930
Albany,2019-10,63670
Allegany,2019-10,12414
Bronx,2019-10,810335
Broome,2019-10,52099
Cattaraugus,2019-10,21457
Cayuga,2019-10,19510
Chautauqua,2019-10,37806
Chemung,2019-10,25345
Chenango,2019-10,13862
Clinton,2019-10,19508
Columbia,2019-10,14307
Cortland,2019-10,11739
Delaware,2019-10,10214
Dutchess,2019-10,56704
Erie,2019-10,235384
Essex,2019-10,8224
Franklin,2019-10,14367
Fulton,2019-10,14577
Genesee,2019-10,12608
Greene,2019-10,12241
Hamilton,2019-10,761
Herkimer,2019-10,15978
Jefferson,2019-10,28306
Kings,2019-10,1149035
Lewis,2019-10,5180
Livingston,2019-10,11899
Madison,2019-10,15819
Monroe,2019-10,195507
Montgomery,2019-10,18018
Nassau,2019-10,254127
New York,2019-10,428924
Niagara,2019-10,52790
Oneida,2019-10,70962
Onondaga,2019-10,116512
Ontario,2019-10,21852
Orange,2019-10,103395
Orleans,2019-10,10668
Oswego,2019-10,32476
Otsego,2019-10,12444
Putnam,2019-10,13528
Queens,2019-10,911819
Rensselaer,2019-10,34370
Richmond,2019-10,140131
Rockland,2019-10,113521
Saratoga,2019-10,32799
Schenectady,2019-10,44532
Schoharie,2019-10,6776
Schuyler,2019-10,3752
Seneca,2019-10,7867
St. Lawrence,2019-10,28258
Steuben,2019-10,24697
Suffolk,2019-10,310044
Sullivan,2019-10,25754
Tioga,2019-10,11244
Tompkins,2019-10,15806
Ulster,2019-10,44131
Warren,2019-10,14902
Washington,2019-10,16197
Wayne,2019-10,20998
Westchester,2019-10,205778
Wyoming,2019-10,8602
Yates,2019-10,4919
Albany,2019-11,63406
Allegany,2019-11,12412
Bronx,2019-11,805816
Broome,2019-11,51904
Cattaraugus,2019-11,21436
Cayuga,2019-11,19508
Chautauqua,2019-11,37729
Chemung,2019-11,25155
Chenango,2019-11,13812
Clinton,2019-11,19429
Columbia,2019-11,14271
Cortland,2019-11,11695
Delaware,2019-11,10172
Dutchess,2019-11,56541
Erie,2019-11,234812
Essex,2019-11,8163
Franklin,2019-11,14309
Fulton,2019-11,14580
Genesee,2019-11,12532
Greene,2019-11,12187
Hamilton,2019-11,747
Herkimer,2019-11,15911
Jefferson,2019-11,28245
Kings,2019-11,1143129
Lewis,2019-11,5145
Livingston,2019-11,11879
Madison,2019-11,15748
Monroe,2019-11,194977
Montgomery,2019-11,17958
Nassau,2019-11,253403
New York,2019-11,426057
Niagara,2019-11,52658
Oneida,2019-11,70881
Onondaga,2019-11,116295
Ontario,2019-11,21786
Orange,2019-11,103463
Orleans,2019-11,10674
Oswego,2019-11,32477
Otsego,2019-11,12349
Putnam,2019-11,13539
Queens,2019-11,908684
Rensselaer,2019-11,34197
Richmond,2019-11,139867
Rockland,2019-11,113659
Saratoga,2019-11,32784
Schenectady,2019-11,44443
Schoharie,2019-11,6795
Schuyler,2019-11,3714
Seneca,2019-11,7852
St. Lawrence,2019-11,28207
Steuben,2019-11,24573
Suffolk,2019-11,309137
Sullivan,2019-11,25748
Tioga,2019-11,11259
Tompkins,2019-11,15757
Ulster,2019-11,44019
Warren,2019-11,14957
Washington,2019-11,16140
Wayne,2019-11,20921
Westchester,2019-11,204953
Wyoming,2019-11,8538
Yates,2019-11,4944
Albany,2019-12,63352
Allegany,2019-12,12375
Bronx,2019-12,801541
Broome,2019-12,51866
Cattaraugus,2019-12,21447
Cayuga,2019-12,19436
Chautauqua,2019-12,37617
Chemung,2019-12,25127
Chenango,2019-12,13802
Clinton,2019-12,19422
Columbia,2019-12,14186
Cortland,2019-12,11670
Delaware,2019-12,10153
Dutchess,2019-12,56504
Erie,2019-12,234739
Essex,2019-12,8111
Franklin,2019-12,14321
Fulton,2019-12,14561
Genesee,2019-12,12522
Greene,2019-12,12182
Hamilton,2019-12,732
Herkimer,2019-12,15878
Jefferson,2019-12,28208
Kings,2019-12,1137546
Lewis,2019-12,5112
Livingston,2019-12,11777
Madison,2019-12,15701
Monroe,2019-12,194703
Montgomery,2019-12,17886
Nassau,2019-12,252856
New York,2019-12,424225
Niagara,2019-12,52487
Oneida,2019-12,70795
Onondaga,2019-12,115907
Ontario,2019-12,21739
Orange,2019-12,103426
Orleans,2019-12,10606
Oswego,2019-12,32433
Otsego,2019-12,12340
Putnam,2019-12,13545
Queens,2019-12,905409
Rensselaer,2019-12,33932
Richmond,2019-12,139692
Rockland,2019-12,114023
Saratoga,2019-12,32791
Schenectady,2019-12,44290
Schoharie,2019-12,6786
Schuyler,2019-12,3696
Seneca,2019-12,7880
St. Lawrence,2019-12,28162
Steuben,2019-12,24459
Suffolk,2019-12,308505
Sullivan,2019-12,25763
Tioga,2019-12,11253
Tompkins,2019-12,15702
Ulster,2019-12,43894
Warren,2019-12,14821
Washington,2019-12,16118
Wayne,2019-12,20877
Westchester,2019-12,204502
Wyoming,2019-12,8533
Yates,2019-12,4938
Albany,2020-01,63442
Allegany,2020-01,12405
Bronx,2020-01,801988
Broome,2020-01,52147
Cattaraugus,2020-01,21470
Cayuga,2020-01,19436
Chautauqua,2020-01,37698
Chemung,2020-01,25227
Chenango,2020-01,13849
Clinton,2020-01,19560
Columbia,2020-01,14181
Cortland,2020-01,11685
Delaware,2020-01,10145
Dutchess,2020-01,56692
Erie,2020-01,235446
Essex,2020-01,8150
Franklin,2020-01,14332
Fulton,2020-01,14690
Genesee,2020-01,12547
Greene,2020-01,12131
Hamilton,2020-01,728
Herkimer,2020-01,15876
Jefferson,2020-01,28343
Kings,2020-01,1136468
Lewis,2020-01,5127
Livingston,2020-01,11846
Madison,2020-01,15762
Monroe,2020-01,195872
Montgomery,2020-01,17956
Nassau,2020-01,253247
New York,2020-01,424057
Niagara,2020-01,52459
Oneida,2020-01,70875
Onondaga,2020-01,116444
Ontario,2020-01,21825
Orange,2020-01,103944
Orleans,2020-01,10679
Oswego,2020-01,32541
Otsego,2020-01,12435
Putnam,2020-01,13583
Queens,2020-01,906203
Rensselaer,2020-01,34051
Richmond,2020-01,139975
Rockland,2020-01,114263
Saratoga,2020-01,32954
Schenectady,2020-01,44402
Schoharie,2020-01,6846
Schuyler,2020-01,3711
Seneca,2020-01,7887
St. Lawrence,2020-01,28187
Steuben,2020-01,24498
Suffolk,2020-01,308879
Sullivan,2020-01,25895
Tioga,2020-01,11315
Tompkins,2020-01,15729
Ulster,2020-01,44119
Warren,2020-01,14806
Washington,2020-01,16190
Wayne,2020-01,20905
Westchester,2020-01,205139
Wyoming,2020-01,8492
Yates,2020-01,5001
Albany,2020-02,63396
Allegany,2020-02,12325
Bronx,2020-02,800866
Broome,2020-02,52155
Cattaraugus,2020-02,21447
Cayuga,2020-02,19410
Chautauqua,2020-02,37713
Chemung,2020-02,25277
Chenango,2020-02,13887
Clinton,2020-02,19592
Columbia,2020-02,14224
Cortland,2020-02,11665
Delaware,2020-02,10170
Dutchess,2020-02,56965
Erie,2020-02,235685
Essex,2020-02,8139
Franklin,2020-02,14264
Fulton,2020-02,14671
Genesee,2020-02,12578
Greene,2020-02,12124
Hamilton,2020-02,729
Herkimer,2020-02,15895
Jefferson,2020-02,28391
Kings,2020-02,1134384
Lewis,2020-02,5158
Livingston,2020-02,11814
Madison,2020-02,15747
Monroe,2020-02,195864
Montgomery,2020-02,17946
Nassau,2020-02,253127
New York,2020-02,422743
Niagara,2020-02,52504
Oneida,2020-02,70663
Onondaga,2020-02,116440
Ontario,2020-02,21785
Orange,2020-02,104162
Orleans,2020-02,10696
Oswego,2020-02,32523
Otsego,2020-02,12476
Putnam,2020-02,13643
Queens,2020-02,905764
Rensselaer,2020-02,34090
Richmond,2020-02,140300
Rockland,2020-02,114460
Saratoga,2020-02,33010
Schenectady,2020-02,44447
Schoharie,2020-02,6842
Schuyler,2020-02,3736
Seneca,2020-02,7915
St. Lawrence,2020-02,28206
Steuben,2020-02,24494
Suffolk,2020-02,308624
Sullivan,2020-02,26014
Tioga,2020-02,11278
Tompkins,2020-02,15785
Ulster,2020-02,44085
Warren,2020-02,14820
Washington,2020-02,16237
Wayne,2020-02,20943
Westchester,2020-02,205279
Wyoming,2020-02,8418
Yates,2020-02,4953
Albany,2020-03,63420
Allegany,2020-03,12301
Bronx,2020-03,801268
Broome,2020-03,52017
Cattaraugus,2020-03,21436
Cayuga,2020-03,19413
Chautauqua,2020-03,37693
Chemung,2020-03,25217
Chenango,2020-03,13887
Clinton,2020-03,19647
Columbia,2020-03,14179
Cortland,2020-03,11582
Delaware,2020-03,10255
Dutchess,2020-03,56854
Erie,2020-03,235867
Essex,2020-03,8162
Franklin,2020-03,14267
Fulton,2020-03,14624
Genesee,2020-03,12566
Greene,2020-03,12160
Hamilton,2020-03,724
Herkimer,2020-03,15902
Jefferson,2020-03,28311
Kings,2020-03,1133944
Lewis,2020-03,5168
Livingston,2020-03,11826
Madison,2020-03,15768
Monroe,2020-03,195872
Montgomery,2020-03,17879
Nassau,2020-03,253860
New York,2020-03,422864
Niagara,2020-03,52624
Oneida,2020-03,70628
Onondaga,2020-03,116397
Ontario,2020-03,21873
Orange,2020-03,104313
Orleans,2020-03,10702
Oswego,2020-03,32512
Otsego,2020-03,12454
Putnam,2020-03,13641
Queens,2020-03,906568
Rensselaer,2020-03,34070
Richmond,2020-03,140734
Rockland,2020-03,114769
Saratoga,2020-03,33071
Schenectady,2020-03,44455
Schoharie,2020-03,6847
Schuyler,2020-03,3752
Seneca,2020-03,7859
St. Lawrence,2020-03,28077
Steuben,2020-03,24468
Suffolk,2020-03,308884
Sullivan,2020-03,26019
Tioga,2020-03,11348
Tompkins,2020-03,15837
Ulster,2020-03,44129
Warren,2020-03,14802
Washington,2020-03,16232
Wayne,2020-03,20960
Westchester,2020-03,205352
Wyoming,2020-03,8433
Yates,2020-03,4932
Albany,2020-04,64735
Allegany,2020-04,12449
Bronx,2020-04,814301
Broome,2020-04,52995
Cattaraugus,2020-04,21644
Cayuga,2020-04,19775
Chautauqua,2020-04,38262
Chemung,2020-04,25590
Chenango,2020-04,14062
Clinton,2020-04,19917
Columbia,2020-04,14458
Cortland,2020-04,11769
Delaware,2020-04,10394
Dutchess,2020-04,58296
Erie,2020-04,240312
Essex,2020-04,8333
Franklin,2020-04,14406
Fulton,2020-04,14832
Genesee,2020-04,12808
Greene,2020-04,12337
Hamilton,2020-04,734
Herkimer,2020-04,16182
Jefferson,2020-04,28751
Kings,2020-04,1151728
Lewis,2020-04,5237
Livingston,2020-04,11974
Madison,2020-04,16086
Monroe,2020-04,199859
Montgomery,2020-04,18143
Nassau,2020-04,261112
New York,2020-04,429704
Niagara,2020-04,53519
Oneida,2020-04,71755
Onondaga,2020-04,118502
Ontario,2020-04,22349
Orange,2020-04,106328
Orleans,2020-04,10785
Oswego,2020-04,32890
Otsego,2020-04,12671
Putnam,2020-04,14060
Queens,2020-04,926222
Rensselaer,2020-04,34662
Richmond,2020-04,143329
Rockland,2020-04,116835
Saratoga,2020-04,33940
Schenectady,2020-04,45322
Schoharie,2020-04,6931
Schuyler,2020-04,3839
Seneca,2020-04,7928
St. Lawrence,2020-04,28379
Steuben,2020-04,24903
Suffolk,2020-04,317242
Sullivan,2020-04,26393
Tioga,2020-04,11640
Tompkins,2020-04,16225
Ulster,2020-04,45148
Warren,2020-04,15038
Washington,2020-04,16542
Wayne,2020-04,21344
Westchester,2020-04,210556
Wyoming,2020-04,8554
Yates,2020-04,5009
Albany,2020-05,65719
Allegany,2020-05,12545
Bronx,2020-05,827416
Broome,2020-05,53669
Cattaraugus,2020-05,21877
Cayuga,2020-05,20065
Chautauqua,2020-05,38716
Chemung,2020-05,25879
Chenango,2020-05,14197
Clinton,2020-05,20107
Columbia,2020-05,14604
Cortland,2020-05,11901
Delaware,2020-05,10540
Dutchess,2020-05,59297
Erie,2020-05,243537
Essex,2020-05,8430
Franklin,2020-05,14551
Fulton,2020-05,14988
Genesee,2020-05,12975
Greene,2020-05,12532
Hamilton,2020-05,748
Herkimer,2020-05,16434
Jefferson,2020-05,29120
Kings,2020-05,1169246
Lewis,2020-05,5326
Livingston,2020-05,12072
Madison,2020-05,16279
Monroe,2020-05,202599
Montgomery,2020-05,18379
Nassau,2020-05,266857
New York,2020-05,435488
Niagara,2020-05,54426
Oneida,2020-05,72556
Onondaga,2020-05,120149
Ontario,2020-05,22783
Orange,2020-05,108164
Orleans,2020-05,10918
Oswego,2020-05,33215
Otsego,2020-05,12831
Putnam,2020-05,14363
Queens,2020-05,944583
Rensselaer,2020-05,35148
Richmond,2020-05,145648
Rockland,2020-05,118515
Saratoga,2020-05,34630
Schenectady,2020-05,46076
Schoharie,2020-05,7005
Schuyler,2020-05,3916
Seneca,2020-05,7956
St. Lawrence,2020-05,28587
Steuben,2020-05,25228
Suffolk,2020-05,323970
Sullivan,2020-05,26729
Tioga,2020-05,11808
Tompkins,2020-05,16522
Ulster,2020-05,45888
Warren,2020-05,15276
Washington,2020-05,16747
Wayne,2020-05,21617
Westchester,2020-05,214529
Wyoming,2020-05,8624
Yates,2020-05,5079
Albany,2020-06,66424
Allegany,2020-06,12632
Bronx,2020-06,839754
Broome,2020-06,54261
Cattaraugus,2020-06,22163
Cayuga,2020-06,20274
Chautauqua,2020-06,39054
Chemung,2020-06,26147
Chenango,2020-06,14408
Clinton,2020-06,20328
Columbia,2020-06,14767
Cortland,2020-06,12049
Delaware,2020-06,10627
Dutchess,2020-06,60058
Erie,2020-06,246163
Essex,2020-06,8558
Franklin,2020-06,14716
Fulton,2020-06,15124
Genesee,2020-06,13153
Greene,2020-06,12678
Hamilton,2020-06,742
Herkimer,2020-06,16639
Jefferson,2020-06,29370
Kings,2020-06,1185479
Lewis,2020-06,5372
Livingston,2020-06,12221
Madison,2020-06,16443
Monroe,2020-06,204506
Montgomery,2020-06,18620
Nassau,2020-06,270593
New York,2020-06,441623
Niagara,2020-06,55031
Oneida,2020-06,73179
Onondaga,2020-06,121452
Ontario,2020-06,22982
Orange,2020-06,109769
Orleans,2020-06,10981
Oswego,2020-06,33521
Otsego,2020-06,12974
Putnam,2020-06,14569
Queens,2020-06,960763
Rensselaer,2020-06,35480
Richmond,2020-06,147689
Rockland,2020-06,120031
Saratoga,2020-06,35133
Schenectady,2020-06,46787
Schoharie,2020-06,7086
Schuyler,2020-06,3938
Seneca,2020-06,7988
St. Lawrence,2020-06,28825
Steuben,2020-06,25538
Suffolk,2020-06,328628
Sullivan,2020-06,26996
Tioga,2020-06,11909
Tompkins,2020-06,16741
Ulster,2020-06,46385
Warren,2020-06,15468
Washington,2020-06,16918
Wayne,2020-06,21950
Westchester,2020-06,217670
Wyoming,2020-06,8677
Yates,2020-06,5096
Albany,2020-07,67292
Allegany,2020-07,12734
Bronx,2020-07,851645
Broome,2020-07,54920
Cattaraugus,2020-07,22426
Cayuga,2020-07,20478
Chautauqua,2020-07,39432
Chemung,2020-07,26446
Chenango,2020-07,14537
Clinton,2020-07,20527
Columbia,2020-07,14966
Cortland,2020-07,12164
Delaware,2020-07,10747
Dutchess,2020-07,60821
Erie,2020-07,249068
Essex,2020-07,8632
Franklin,2020-07,14899
Fulton,2020-07,15279
Genesee,2020-07,13309
Greene,2020-07,12836
Hamilton,2020-07,756
Herkimer,2020-07,16795
Jefferson,2020-07,29641
Kings,2020-07,1200951
Lewis,2020-07,5445
Livingston,2020-07,12275
Madison,2020-07,16617
Monroe,2020-07,206999
Montgomery,2020-07,18820
Nassau,2020-07,274898
New York,2020-07,447351
Niagara,2020-07,55632
Oneida,2020-07,73891
Onondaga,2020-07,122798
Ontario,2020-07,23299
Orange,2020-07,111320
Orleans,2020-07,11086
Oswego,2020-07,33869
Otsego,2020-07,13171
Putnam,2020-07,14797
Queens,2020-07,976489
Rensselaer,2020-07,35854
Richmond,2020-07,150054
Rockland,2020-07,121436
Saratoga,2020-07,35710
Schenectady,2020-07,47317
Schoharie,2020-07,7177
Schuyler,2020-07,3969
Seneca,2020-07,8015
St. Lawrence,2020-07,29127
Steuben,2020-07,25881
Suffolk,2020-07,333433
Sullivan,2020-07,27295
Tioga,2020-07,12052
Tompkins,2020-07,17007
Ulster,2020-07,46995
Warren,2020-07,15625
Washington,2020-07,17148
Wayne,2020-07,22174
Westchester,2020-07,220748
Wyoming,2020-07,8753
Yates,2020-07,5166
Albany,2020-08,68112
Allegany,2020-08,12884
Bronx,2020-08,860374
Broome,2020-08,55528
Cattaraugus,2020-08,22589
Cayuga,2020-08,20696
Chautauqua,2020-08,39724
Chemung,2020-08,26704
Chenango,2020-08,14739
Clinton,2020-08,20667
Columbia,2020-08,15150
Cortland,2020-08,12233
Delaware,2020-08,10850
Dutchess,2020-08,61614
Erie,2020-08,251729
Essex,2020-08,8711
Franklin,2020-08,15027
Fulton,2020-08,15414
Genesee,2020-08,13445
Greene,2020-08,12953
Hamilton,2020-08,762
Herkimer,2020-08,16940
Jefferson,2020-08,29907
Kings,2020-08,1213232
Lewis,2020-08,5474
Livingston,2020-08,12384
Madison,2020-08,16781
Monroe,2020-08,208968
Montgomery,2020-08,19028
Nassau,2020-08,278621
New York,2020-08,452430
Niagara,2020-08,56230
Oneida,2020-08,74543
Onondaga,2020-08,123982
Ontario,2020-08,23540
Orange,2020-08,112547
Orleans,2020-08,11170
Oswego,2020-08,34221
Otsego,2020-08,13315
Putnam,2020-08,14963
Queens,2020-08,989357
Rensselaer,2020-08,36140
Richmond,2020-08,151931
Rockland,2020-08,122608
Saratoga,2020-08,36183
Schenectady,2020-08,47830
Schoharie,2020-08,7268
Schuyler,2020-08,4033
Seneca,2020-08,8108
St. Lawrence,2020-08,29340
Steuben,2020-08,26127
Suffolk,2020-08,337986
Sullivan,2020-08,27595
Tioga,2020-08,12177
Tompkins,2020-08,17226
Ulster,2020-08,47663
Warren,2020-08,15806
Washington,2020-08,17289
Wayne,2020-08,22421
Westchester,2020-08,223620
Wyoming,2020-08,8845
Yates,2020-08,5223
Albany,2020-09,68954
Allegany,2020-09,13007
Bronx,2020-09,869587
Broome,2020-09,56128
Cattaraugus,2020-09,22881
Cayuga,2020-09,20902
Chautauqua,2020-09,40059
Chemung,2020-09,27007
Chenango,2020-09,14927
Clinton,2020-09,20845
Columbia,2020-09,15323
Cortland,2020-09,12345
Delaware,2020-09,10968
Dutchess,2020-09,62425
Erie,2020-09,254651
Essex,2020-09,8795
Franklin,2020-09,15149
Fulton,2020-09,15535
Genesee,2020-09,13575
Greene,2020-09,13071
Hamilton,2020-09,776
Herkimer,2020-09,17058
Jefferson,2020-09,30114
Kings,2020-09,1225963
Lewis,2020-09,5504
Livingston,2020-09,12547
Madison,2020-09,16948
Monroe,2020-09,211082
Montgomery,2020-09,19239
Nassau,2020-09,282299
New York,2020-09,457139
Niagara,2020-09,56750
Oneida,2020-09,75194
Onondaga,2020-09,125201
Ontario,2020-09,23802
Orange,2020-09,113752
Orleans,2020-09,11285
Oswego,2020-09,34518
Otsego,2020-09,13460
Putnam,2020-09,15176
Queens,2020-09,1002245
Rensselaer,2020-09,36548
Richmond,2020-09,153986
Rockland,2020-09,123809
Saratoga,2020-09,36693
Schenectady,2020-09,48451
Schoharie,2020-09,7345
Schuyler,2020-09,4078
Seneca,2020-09,8220
St. Lawrence,2020-09,29620
Steuben,2020-09,26365
Suffolk,2020-09,342298
Sullivan,2020-09,27853
Tioga,2020-09,12339
Tompkins,2020-09,17365
Ulster,2020-09,48225
Warren,2020-09,15944
Washington,2020-09,17448
Wayne,2020-09,22653
Westchester,2020-09,226436
Wyoming,2020-09,8924
Yates,2020-09,5299
Albany,2020-10,69820
Allegany,2020-10,13122
Bronx,2020-10,878440
Broome,2020-10,56732
Cattaraugus,2020-10,23055
Cayuga,2020-10,21057
Chautauqua,2020-10,40331
Chemung,2020-10,27303
Chenango,2020-10,15140
Clinton,2020-10,21028
Columbia,2020-10,15453
Cortland,2020-10,12453
Delaware,2020-10,11077
Dutchess,2020-10,63122
Erie,2020-10,256866
Essex,2020-10,8851
Franklin,2020-10,15210
Fulton,2020-10,15689
Genesee,2020-10,13671
Greene,2020-10,13225
Hamilton,2020-10,785
Herkimer,2020-10,17253
Jefferson,2020-10,30302
Kings,2020-10,1236289
Lewis,2020-10,5566
Livingston,2020-10,12697
Madison,2020-10,17071
Monroe,2020-10,212825
Montgomery,2020-10,19394
Nassau,2020-10,285810
New York,2020-10,461293
Niagara,2020-10,57284
Oneida,2020-10,75797
Onondaga,2020-10,126229
Ontario,2020-10,23999
Orange,2020-10,115085
Orleans,2020-10,11376
Oswego,2020-10,34802
Otsego,2020-10,13600
Putnam,2020-10,15408
Queens,2020-10,1013823
Rensselaer,2020-10,36936
Richmond,2020-10,155768
Rockland,2020-10,124860
Saratoga,2020-10,37188
Schenectady,2020-10,48857
Schoharie,2020-10,7406
Schuyler,2020-10,4090
Seneca,2020-10,8310
St. Lawrence,2020-10,29825
Steuben,2020-10,26626
Suffolk,2020-10,346134
Sullivan,2020-10,28122
Tioga,2020-10,12439
Tompkins,2020-10,17534
Ulster,2020-10,48699
Warren,2020-10,16090
Washington,2020-10,17628
Wayne,2020-10,22874
Westchester,2020-10,229233
Wyoming,2020-10,8973
Yates,2020-10,5347
Albany,2020-11,70444
Allegany,2020-11,13231
Bronx,2020-11,886135
Broome,2020-11,57229
Cattaraugus,2020-11,23235
Cayuga,2020-11,21230
Chautauqua,2020-11,40618
Chemung,2020-11,27503
Chenango,2020-11,15205
Clinton,2020-11,21155
Columbia,2020-11,15628
Cortland,2020-11,12558
Delaware,2020-11,11184
Dutchess,2020-11,63824
Erie,2020-11,259161
Essex,2020-11,8939
Franklin,2020-11,15287
Fulton,2020-11,15822
Genesee,2020-11,13822
Greene,2020-11,13255
Hamilton,2020-11,785
Herkimer,2020-11,17575
Jefferson,2020-11,30536
Kings,2020-11,1247266
Lewis,2020-11,5608
Livingston,2020-11,12796
Madison,2020-11,17203
Monroe,2020-11,214802
Montgomery,2020-11,19547
Nassau,2020-11,289333
New York,2020-11,465969
Niagara,2020-11,57678
Oneida,2020-11,76261
Onondaga,2020-11,127189
Ontario,2020-11,24197
Orange,2020-11,116270
Orleans,2020-11,11492
Oswego,2020-11,35064
Otsego,2020-11,13755
Putnam,2020-11,15618
Queens,2020-11,1025312
Rensselaer,2020-11,37309
Richmond,2020-11,157366
Rockland,2020-11,125989
Saratoga,2020-11,37715
Schenectady,2020-11,49360
Schoharie,2020-11,7414
Schuyler,2020-11,4093
Seneca,2020-11,8414
St. Lawrence,2020-11,29976
Steuben,2020-11,26788
Suffolk,2020-11,349918
Sullivan,2020-11,28369
Tioga,2020-11,12560
Tompkins,2020-11,17747
Ulster,2020-11,49258
Warren,2020-11,16257
Washington,2020-11,17756
Wayne,2020-11,23101
Westchester,2020-11,231543
Wyoming,2020-11,9037
Yates,2020-11,5403
Albany,2020-12,71426
Allegany,2020-12,13307
Bronx,2020-12,896938
Broome,2020-12,57834
Cattaraugus,2020-12,23492
Cayuga,2020-12,21503
Chautauqua,2020-12,41016
Chemung,2020-12,27760
Chenango,2020-12,15361
Clinton,2020-12,21327
Columbia,2020-12,15819
Cortland,2020-12,12703
Delaware,2020-12,11322
Dutchess,2020-12,64900
Erie,2020-12,262258
Essex,2020-12,9082
Franklin,2020-12,15428
Fulton,2020-12,15997
Genesee,2020-12,14010
Greene,2020-12,13399
Hamilton,2020-12,799
Herkimer,2020-12,17861
Jefferson,2020-12,30882
Kings,2020-12,1263576
Lewis,2020-12,5659
Livingston,2020-12,12979
Madison,2020-12,17437
Monroe,2020-12,217587
Montgomery,2020-12,19721
Nassau,2020-12,294446
New York,2020-12,473648
Niagara,2020-12,58333
Oneida,2020-12,77010
Onondaga,2020-12,128731
Ontario,2020-12,24536
Orange,2020-12,117757
Orleans,2020-12,11612
Oswego,2020-12,35441
Otsego,2020-12,13918
Putnam,2020-12,15957
Queens,2020-12,1043431
Rensselaer,2020-12,37878
Richmond,2020-12,159850
Rockland,2020-12,127597
Saratoga,2020-12,38364
Schenectady,2020-12,49980
Schoharie,2020-12,7489
Schuyler,2020-12,4139
Seneca,2020-12,8529
St. Lawrence,2020-12,30252
Steuben,2020-12,27045
Suffolk,2020-12,355343
Sullivan,2020-12,28680
Tioga,2020-12,12684
Tompkins,2020-12,18016
Ulster,2020-12,50070
Warren,2020-12,16463
Washington,2020-12,17975
Wayne,2020-12,23330
Westchester,2020-12,235479
Wyoming,2020-12,9114
Yates,2020-12,5472
Albany,2021-01,72236
Allegany,2021-01,13422
Bronx,2021-01,904018
Broome,2021-01,58306
Cattaraugus,2021-01,23666
Cayuga,2021-01,21699
Chautauqua,2021-01,41310
Chemung,2021-01,27922
Chenango,2021-01,15556
Clinton,2021-01,21482
Columbia,2021-01,16015
Cortland,2021-01,12805
Delaware,2021-01,11390
Dutchess,2021-01,65564
Erie,2021-01,264523
Essex,2021-01,9141
Franklin,2021-01,15548
Fulton,2021-01,16105
Genesee,2021-01,14143
Greene,2021-01,13526
Hamilton,2021-01,803
Herkimer,2021-01,18069
Jefferson,2021-01,31173
Kings,2021-01,1274145
Lewis,2021-01,5714
Livingston,2021-01,13070
Madison,2021-01,17566
Monroe,2021-01,219331
Montgomery,2021-01,19924
Nassau,2021-01,298322
New York,2021-01,477341
Niagara,2021-01,58759
Oneida,2021-01,77510
Onondaga,2021-01,129826
Ontario,2021-01,24819
Orange,2021-01,118895
Orleans,2021-01,11713
Oswego,2021-01,35751
Otsego,2021-01,14022
Putnam,2021-01,16244
Queens,2021-01,1054683
Rensselaer,2021-01,38227
Richmond,2021-01,161780
Rockland,2021-01,128847
Saratoga,2021-01,38873
Schenectady,2021-01,50455
Schoharie,2021-01,7553
Schuyler,2021-01,4160
Seneca,2021-01,8562
St. Lawrence,2021-01,30429
Steuben,2021-01,27221
Suffolk,2021-01,359878
Sullivan,2021-01,28934
Tioga,2021-01,12793
Tompkins,2021-01,18172
Ulster,2021-01,50639
Warren,2021-01,16630
Washington,2021-01,18150
Wayne,2021-01,23513
Westchester,2021-01,238000
Wyoming,2021-01,9181
Yates,2021-01,5512
Albany,2021-02,72531
Allegany,2021-02,13498
Bronx,2021-02,906202
Broome,2021-02,58537
Cattaraugus,2021-02,23751
Cayuga,2021-02,21708
Chautauqua,2021-02,41416
Chemung,2021-02,28051
Chenango,2021-02,15598
Clinton,2021-02,21529
Columbia,2021-02,16078
Cortland,2021-02,12879
Delaware,2021-02,11358
Dutchess,2021-02,65708
Erie,2021-02,265507
Essex,2021-02,9170
Franklin,2021-02,15593
Fulton,2021-02,16186
Genesee,2021-02,14197
Greene,2021-02,13530
Hamilton,2021-02,804
Herkimer,2021-02,18125
Jefferson,2021-02,31306
Kings,2021-02,1277854
Lewis,2021-02,5745
Livingston,2021-02,13067
Madison,2021-02,17654
Monroe,2021-02,219682
Montgomery,2021-02,19940
Nassau,2021-02,299874
New York,2021-02,477918
Niagara,2021-02,59000
Oneida,2021-02,77704
Onondaga,2021-02,130077
Ontario,2021-02,24901
Orange,2021-02,119442
Orleans,2021-02,11763
Oswego,2021-02,35887
Otsego,2021-02,14118
Putnam,2021-02,16333
Queens,2021-02,1059323
Rensselaer,2021-02,38339
Richmond,2021-02,162686
Rockland,2021-02,129598
Saratoga,2021-02,39111
Schenectady,2021-02,50553
Schoharie,2021-02,7578
Schuyler,2021-02,4169
Seneca,2021-02,8615
St. Lawrence,2021-02,30571
Steuben,2021-02,27395
Suffolk,2021-02,361600
Sullivan,2021-02,29094
Tioga,2021-02,12844
Tompkins,2021-02,18214
Ulster,2021-02,50759
Warren,2021-02,16706
Washington,2021-02,18210
Wayne,2021-02,23586
Westchester,2021-02,238878
Wyoming,2021-02,9217
Yates,2021-02,5553
Albany,2021-03,73183
Allegany,2021-03,13573
Bronx,2021-03,913317
Broome,2021-03,58907
Cattaraugus,2021-03,23858
Cayuga,2021-03,21797
Chautauqua,2021-03,41565
Chemung,2021-03,28116
Chenango,2021-03,15641
Clinton,2021-03,21648
Columbia,2021-03,16203
Cortland,2021-03,12964
Delaware,2021-03,11461
Dutchess,2021-03,66181
Erie,2021-03,267145
Essex,2021-03,9262
Franklin,2021-03,15669
Fulton,2021-03,16311
Genesee,2021-03,14250
Greene,2021-03,13563
Hamilton,2021-03,803
Herkimer,2021-03,18243
Jefferson,2021-03,31476
Kings,2021-03,1286639
Lewis,2021-03,5783
Livingston,2021-03,13082
Madison,2021-03,17766
Monroe,2021-03,220854
Montgomery,2021-03,20022
Nassau,2021-03,302534
New York,2021-03,481015
Niagara,2021-03,59388
Oneida,2021-03,78057
Onondaga,2021-03,130856
Ontario,2021-03,25066
Orange,2021-03,120320
Orleans,2021-03,11829
Oswego,2021-03,36103
Otsego,2021-03,14235
Putnam,2021-03,16457
Queens,2021-03,1068949
Rensselaer,2021-03,38575
Richmond,2021-03,164349
Rockland,2021-03,130608
Saratoga,2021-03,39448
Schenectady,2021-03,50935
Schoharie,2021-03,7626
Schuyler,2021-03,4196
Seneca,2021-03,8662
St. Lawrence,2021-03,30736
Steuben,2021-03,27600
Suffolk,2021-03,364748
Sullivan,2021-03,29278
Tioga,2021-03,12966
Tompkins,2021-03,18343
Ulster,2021-03,50996
Warren,2021-03,16855
Washington,2021-03,18330
Wayne,2021-03,23756
Westchester,2021-03,240559
Wyoming,2021-03,9264
Yates,2021-03,5591
Albany,2021-04,73768
Allegany,2021-04,13620
Bronx,2021-04,918204
Broome,2021-04,59308
Cattaraugus,2021-04,24026
Cayuga,2021-04,21914
Chautauqua,2021-04,41711
Chemung,2021-04,28236
Chenango,2021-04,15705
Clinton,2021-04,21778
Columbia,2021-04,16267
Cortland,2021-04,13054
Delaware,2021-04,11547
Dutchess,2021-04,66603
Erie,2021-04,268628
Essex,2021-04,9320
Franklin,2021-04,15722
Fulton,2021-04,16367
Genesee,2021-04,14344
Greene,2021-04,13608
Hamilton,2021-04,813
Herkimer,2021-04,18349
Jefferson,2021-04,31697
Kings,2021-04,1294606
Lewis,2021-04,5818
Livingston,2021-04,13111
Madison,2021-04,17888
Monroe,2021-04,221965
Montgomery,2021-04,20161
Nassau,2021-04,304684
New York,2021-04,483687
Niagara,2021-04,59636
Oneida,2021-04,78455
Onondaga,2021-04,131696
Ontario,2021-04,25168
Orange,2021-04,121312
Orleans,2021-04,11886
Oswego,2021-04,36398
Otsego,2021-04,14277
Putnam,2021-04,16547
Queens,2021-04,1077225
Rensselaer,2021-04,38772
Richmond,2021-04,165680
Rockland,2021-04,131693
Saratoga,2021-04,39773
Schenectady,2021-04,51259
Schoharie,2021-04,7656
Schuyler,2021-04,4197
Seneca,2021-04,8700
St. Lawrence,2021-04,30937
Steuben,2021-04,27839
Suffolk,2021-04,367595
Sullivan,2021-04,29484
Tioga,2021-04,13060
Tompkins,2021-04,18440
Ulster,2021-04,51354
Warren,2021-04,16977
Washington,2021-04,18430
Wayne,2021-04,23871
Westchester,2021-04,242148
Wyoming,2021-04,9294
Yates,2021-04,5619
Albany,2021-05,74115
Allegany,2021-05,13667
Bronx,2021-05,922357
Broome,2021-05,59623
Cattaraugus,2021-05,24113
Cayuga,2021-05,21944
Chautauqua,2021-05,41891
Chemung,2021-05,28485
Chenango,2021-05,15782
Clinton,2021-05,21878
Columbia,2021-05,16368
Cortland,2021-05,13132
Delaware,2021-05,11579
Dutchess,2021-05,66973
Erie,2021-05,269857
Essex,2021-05,9354
Franklin,2021-05,15788
Fulton,2021-05,16447
Genesee,2021-05,14462
Greene,2021-05,13690
Hamilton,2021-05,826
Herkimer,2021-05,18475
Jefferson,2021-05,31920
Kings,2021-05,1300673
Lewis,2021-05,5842
Livingston,2021-05,13155
Madison,2021-05,17912
Monroe,2021-05,222820
Montgomery,2021-05,20245
Nassau,2021-05,306708
New York,2021-05,485407
Niagara,2021-05,59867
Oneida,2021-05,78772
Onondaga,2021-05,132151
Ontario,2021-05,25238
Orange,2021-05,122022
Orleans,2021-05,11896
Oswego,2021-05,36544
Otsego,2021-05,14327
Putnam,2021-05,16714
Queens,2021-05,1083810
Rensselaer,2021-05,38921
Richmond,2021-05,166669
Rockland,2021-05,132652
Saratoga,2021-05,40037
Schenectady,2021-05,51513
Schoharie,2021-05,7697
Schuyler,2021-05,4223
Seneca,2021-05,8765
St. Lawrence,2021-05,31046
Steuben,2021-05,27933
Suffolk,2021-05,370014
Sullivan,2021-05,29629
Tioga,2021-05,13112
Tompkins,2021-05,18518
Ulster,2021-05,51725
Warren,2021-05,17090
Washington,2021-05,18478
Wayne,2021-05,23952
Westchester,2021-05,243376
Wyoming,2021-05,9342
Yates,2021-05,5640
Albany,2021-06,74529
Allegany,2021-06,13732
Bronx,2021-06,927812
Broome,2021-06,60011
Cattaraugus,2021-06,24249
Cayuga,2021-06,22019
Chautauqua,2021-06,42140
Chemung,2021-06,28771
Chenango,2021-06,15865
Clinton,2021-06,21980
Columbia,2021-06,16455
Cortland,2021-06,13148
Delaware,2021-06,11687
Dutchess,2021-06,67599
Erie,2021-06,271288
Essex,2021-06,9397
Franklin,2021-06,15859
Fulton,2021-06,16511
Genesee,2021-06,14561
Greene,2021-06,13794
Hamilton,2021-06,834
Herkimer,2021-06,18578
Jefferson,2021-06,32133
Kings,2021-06,1308111
Lewis,2021-06,5846
Livingston,2021-06,13204
Madison,2021-06,17999
Monroe,2021-06,224007
Montgomery,2021-06,20313
Nassau,2021-06,308978
New York,2021-06,487950
Niagara,2021-06,60207
Oneida,2021-06,79171
Onondaga,2021-06,132759
Ontario,2021-06,25447
Orange,2021-06,122902
Orleans,2021-06,11970
Oswego,2021-06,36735
Otsego,2021-06,14406
Putnam,2021-06,16835
Queens,2021-06,1090796
Rensselaer,2021-06,39158
Richmond,2021-06,167813
Rockland,2021-06,133797
Saratoga,2021-06,40344
Schenectady,2021-06,51901
Schoharie,2021-06,7762
Schuyler,2021-06,4228
Seneca,2021-06,8851
St. Lawrence,2021-06,31159
Steuben,2021-06,28060
Suffolk,2021-06,372738
Sullivan,2021-06,29729
Tioga,2021-06,13222
Tompkins,2021-06,18677
Ulster,2021-06,52058
Warren,2021-06,17173
Washington,2021-06,18522
Wayne,2021-06,24147
Westchester,2021-06,245017
Wyoming,2021-06,9390
Yates,2021-06,5666
Albany,2021-07,75024
Allegany,2021-07,13798
Bronx,2021-07,933225
Broome,2021-07,60413
Cattaraugus,2021-07,24295
Cayuga,2021-07,22175
Chautauqua,2021-07,42303
Chemung,2021-07,29027
Chenango,2021-07,15984
Clinton,2021-07,22095
Columbia,2021-07,16552
Cortland,2021-07,13199
Delaware,2021-07,11753
Dutchess,2021-07,68137
Erie,2021-07,272780
Essex,2021-07,9459
Franklin,2021-07,15957
Fulton,2021-07,16595
Genesee,2021-07,14683
Greene,2021-07,13883
Hamilton,2021-07,834
Herkimer,2021-07,18652
Jefferson,2021-07,32279
Kings,2021-07,1315308
Lewis,2021-07,5901
Livingston,2021-07,13300
Madison,2021-07,18049
Monroe,2021-07,225188
Montgomery,2021-07,20411
Nassau,2021-07,311295
New York,2021-07,490095
Niagara,2021-07,60425
Oneida,2021-07,79500
Onondaga,2021-07,133435
Ontario,2021-07,25637
Orange,2021-07,123893
Orleans,2021-07,12027
Oswego,2021-07,36881
Otsego,2021-07,14439
Putnam,2021-07,17004
Queens,2021-07,1098054
Rensselaer,2021-07,39318
Richmond,2021-07,169161
Rockland,2021-07,135053
Saratoga,2021-07,40512
Schenectady,2021-07,52242
Schoharie,2021-07,7817
Schuyler,2021-07,4258
Seneca,2021-07,8902
St. Lawrence,2021-07,31255
Steuben,2021-07,28202
Suffolk,2021-07,375641
Sullivan,2021-07,29940
Tioga,2021-07,13277
Tompkins,2021-07,18815
Ulster,2021-07,52372
Warren,2021-07,17298
Washington,2021-07,18599
Wayne,2021-07,24278
Westchester,2021-07,246656
Wyoming,2021-07,9449
Yates,2021-07,5708
Albany,2021-08,75360
Allegany,2021-08,13904
Bronx,2021-08,936147
Broome,2021-08,60739
Cattaraugus,2021-08,24413
Cayuga,2021-08,22207
Chautauqua,2021-08,42366
Chemung,2021-08,29171
Chenango,2021-08,16071
Clinton,2021-08,22163
Columbia,2021-08,16626
Cortland,2021-08,13273
Delaware,2021-08,11811
Dutchess,2021-08,68617
Erie,2021-08,273971
Essex,2021-08,9482
Franklin,2021-08,15933
Fulton,2021-08,16640
Genesee,2021-08,14736
Greene,2021-08,13926
Hamilton,2021-08,824
Herkimer,2021-08,18724
Jefferson,2021-08,32417
Kings,2021-08,1320428
Lewis,2021-08,5944
Livingston,2021-08,13347
Madison,2021-08,18167
Monroe,2021-08,225737
Montgomery,2021-08,20457
Nassau,2021-08,313341
New York,2021-08,492037
Niagara,2021-08,60670
Oneida,2021-08,79930
Onondaga,2021-08,133915
Ontario,2021-08,25809
Orange,2021-08,124738
Orleans,2021-08,12056
Oswego,2021-08,36992
Otsego,2021-08,14499
Putnam,2021-08,17139
Queens,2021-08,1103936
Rensselaer,2021-08,39485
Richmond,2021-08,170488
Rockland,2021-08,136311
Saratoga,2021-08,40726
Schenectady,2021-08,52439
Schoharie,2021-08,7840
Schuyler,2021-08,4287
Seneca,2021-08,8981
St. Lawrence,2021-08,31362
Steuben,2021-08,28379
Suffolk,2021-08,378317
Sullivan,2021-08,30157
Tioga,2021-08,13343
Tompkins,2021-08,18870
Ulster,2021-08,52604
Warren,2021-08,17365
Washington,2021-08,18731
Wayne,2021-08,24350
Westchester,2021-08,248049
Wyoming,2021-08,9493
Yates,2021-08,5714
Albany,2021-09,76005
Allegany,2021-09,13960
Bronx,2021-09,942313
Broome,2021-09,61155
Cattaraugus,2021-09,24496
Cayuga,2021-09,22301
Chautauqua,2021-09,42579
Chemung,2021-09,29358
Chenango,2021-09,16167
Clinton,2021-09,22273
Columbia,2021-09,16758
Cortland,2021-09,13346
Delaware,2021-09,11843
Dutchess,2021-09,69185
Erie,2021-09,275578
Essex,2021-09,9553
Franklin,2021-09,16094
Fulton,2021-09,16748
Genesee,2021-09,14803
Greene,2021-09,14019
Hamilton,2021-09,829
Herkimer,2021-09,18774
Jefferson,2021-09,32547
Kings,2021-09,1327306
Lewis,2021-09,6002
Livingston,2021-09,13446
Madison,2021-09,18232
Monroe,2021-09,226958
Montgomery,2021-09,20591
Nassau,2021-09,315994
New York,2021-09,495178
Niagara,2021-09,60916
Oneida,2021-09,80215
Onondaga,2021-09,134692
Ontario,2021-09,25988
Orange,2021-09,125663
Orleans,2021-09,12106
Oswego,2021-09,37225
Otsego,2021-09,14595
Putnam,2021-09,17366
Queens,2021-09,1112270
Rensselaer,2021-09,39653
Richmond,2021-09,171729
Rockland,2021-09,137500
Saratoga,2021-09,41068
Schenectady,2021-09,52848
Schoharie,2021-09,7904
Schuyler,2021-09,4325
Seneca,2021-09,9045
St. Lawrence,2021-09,31536
Steuben,2021-09,28622
Suffolk,2021-09,381470
Sullivan,2021-09,30346
Tioga,2021-09,13485
Tompkins,2021-09,18991
Ulster,2021-09,52937
Warren,2021-09,17442
Washington,2021-09,18873
Wayne,2021-09,24543
Westchester,2021-09,249991
Wyoming,2021-09,9555
Yates,2021-09,5714
Albany,2021-10,76577
Allegany,2021-10,14089
Bronx,2021-10,948440
Broome,2021-10,61622
Cattaraugus,2021-10,24634
Cayuga,2021-10,22426
Chautauqua,2021-10,42825
Chemung,2021-10,29583
Chenango,2021-10,16219
Clinton,2021-10,22363
Columbia,2021-10,16832
Cortland,2021-10,13442
Delaware,2021-10,11878
Dutchess,2021-10,69734
Erie,2021-10,277176
Essex,2021-10,9599
Franklin,2021-10,16103
Fulton,2021-10,16836
Genesee,2021-10,14903
Greene,2021-10,14054
Hamilton,2021-10,834
Herkimer,2021-10,18850
Jefferson,2021-10,32702
Kings,2021-10,1334666
Lewis,2021-10,6031
Livingston,2021-10,13557
Madison,2021-10,18298
Monroe,2021-10,228069
Montgomery,2021-10,20729
Nassau,2021-10,318415
New York,2021-10,497476
Niagara,2021-10,61287
Oneida,2021-10,80520
Onondaga,2021-10,135596
Ontario,2021-10,26134
Orange,2021-10,126900
Orleans,2021-10,12150
Oswego,2021-10,37331
Otsego,2021-10,14677
Putnam,2021-10,17534
Queens,2021-10,1119549
Rensselaer,2021-10,39876
Richmond,2021-10,173190
Rockland,2021-10,139020
Saratoga,2021-10,41306
Schenectady,2021-10,53258
Schoharie,2021-10,7975
Schuyler,2021-10,4346
Seneca,2021-10,9094
St. Lawrence,2021-10,31683
Steuben,2021-10,28724
Suffolk,2021-10,384625
Sullivan,2021-10,30542
Tioga,2021-10,13518
Tompkins,2021-10,19109
Ulster,2021-10,53198
Warren,2021-10,17538
Washington,2021-10,19015
Wayne,2021-10,24740
Westchester,2021-10,251757
Wyoming,2021-10,9640
Yates,2021-10,5726
Albany,2021-11,76916
Allegany,2021-11,14167
Bronx,2021-11,950225
Broome,2021-11,61866
Cattaraugus,2021-11,24693
Cayuga,2021-11,22501
Chautauqua,2021-11,42825
Chemung,2021-11,29614
Chenango,2021-11,16316
Clinton,2021-11,22442
Columbia,2021-11,16902
Cortland,2021-11,13480
Delaware,2021-11,11897
Dutchess,2021-11,69955
Erie,2021-11,278265
Essex,2021-11,9588
Franklin,2021-11,16146
Fulton,2021-11,16908
Genesee,2021-11,14968
Greene,2021-11,14070
Hamilton,2021-11,841
Herkimer,2021-11,18927
Jefferson,2021-11,32733
Kings,2021-11,1338238
Lewis,2021-11,6073
Livingston,2021-11,13478
Madison,2021-11,18357
Monroe,2021-11,228615
Montgomery,2021-11,20722
Nassau,2021-11,320103
New York,2021-11,498355
Niagara,2021-11,61510
Oneida,2021-11,80653
Onondaga,2021-11,136116
Ontario,2021-11,26232
Orange,2021-11,127326
Orleans,2021-11,12214
Oswego,2021-11,37520
Otsego,2021-11,14727
Putnam,2021-11,17647
Queens,2021-11,1123502
Rensselaer,2021-11,39955
Richmond,2021-11,174077
Rockland,2021-11,139991
Saratoga,2021-11,41518
Schenectady,2021-11,53526
Schoharie,2021-11,8005
Schuyler,2021-11,4351
Seneca,2021-11,9113
St. Lawrence,2021-11,31829
Steuben,2021-11,28883
Suffolk,2021-11,386496
Sullivan,2021-11,30694
Tioga,2021-11,13586
Tompkins,2021-11,19177
Ulster,2021-11,53362
Warren,2021-11,17643
Washington,2021-11,19066
Wayne,2021-11,24874
Westchester,2021-11,252715
Wyoming,2021-11,9655
Yates,2021-11,5738
Albany,2021-12,77699
Allegany,2021-12,14268
Bronx,2021-12,956311
Broome,2021-12,62279
Cattaraugus,2021-12,24807
Cayuga,2021-12,22614
Chautauqua,2021-12,43202
Chemung,2021-12,29828
Chenango,2021-12,16385
Clinton,2021-12,22599
Columbia,2021-12,17071
Cortland,2021-12,13580
Delaware,2021-12,12016
Dutchess,2021-12,70605
Erie,2021-12,280369
Essex,2021-12,9633
Franklin,2021-12,16232
Fulton,2021-12,16966
Genesee,2021-12,15052
Greene,2021-12,14119
Hamilton,2021-12,851
Herkimer,2021-12,19053
Jefferson,2021-12,32964
Kings,2021-12,1347060
Lewis,2021-12,6123
Livingston,2021-12,13547
Madison,2021-12,18543
Monroe,2021-12,230353
Montgomery,2021-12,20816
Nassau,2021-12,323242
New York,2021-12,502083
Niagara,2021-12,61949
Oneida,2021-12,81109
Onondaga,2021-12,137159
Ontario,2021-12,26425
Orange,2021-12,128631
Orleans,2021-12,12321
Oswego,2021-12,37792
Otsego,2021-12,14824
Putnam,2021-12,17876
Queens,2021-12,1132100
Rensselaer,2021-12,40296
Richmond,2021-12,175726
Rockland,2021-12,141487
Saratoga,2021-12,41984
Schenectady,2021-12,53959
Schoharie,2021-12,8060
Schuyler,2021-12,4400
Seneca,2021-12,9177
St. Lawrence,2021-12,32073
Steuben,2021-12,29143
Suffolk,2021-12,390315
Sullivan,2021-12,30948
Tioga,2021-12,13736
Tompkins,2021-12,19318
Ulster,2021-12,53750
Warren,2021-12,17819
Washington,2021-12,19144
Wayne,2021-12,25076
Westchester,2021-12,254709
Wyoming,2021-12,9731
Yates,2021-12,5783
Albany,2022-01,78208
Allegany,2022-01,14317
Bronx,2022-01,961319
Broome,2022-01,62614
Cattaraugus,2022-01,24959
Cayuga,2022-01,22737
Chautauqua,2022-01,43447
Chemung,2022-01,30104
Chenango,2022-01,16450
Clinton,2022-01,22744
Columbia,2022-01,17199
Cortland,2022-01,13660
Delaware,2022-01,12032
Dutchess,2022-01,71163
Erie,2022-01,282126
Essex,2022-01,9653
Franklin,2022-01,16333
Fulton,2022-01,17078
Genesee,2022-01,15103
Greene,2022-01,14235
Hamilton,2022-01,852
Herkimer,2022-01,19129
Jefferson,2022-01,33248
Kings,2022-01,1354406
Lewis,2022-01,6186
Livingston,2022-01,13592
Madison,2022-01,18669
Monroe,2022-01,231647
Montgomery,2022-01,20914
Nassau,2022-01,325738
New York,2022-01,504451
Niagara,2022-01,62167
Oneida,2022-01,81511
Onondaga,2022-01,138009
Ontario,2022-01,26615
Orange,2022-01,129490
Orleans,2022-01,12401
Oswego,2022-01,37982
Otsego,2022-01,14880
Putnam,2022-01,18078
Queens,2022-01,1138843
Rensselaer,2022-01,40609
Richmond,2022-01,177192
Rockland,2022-01,142390
Saratoga,2022-01,42226
Schenectady,2022-01,54334
Schoharie,2022-01,8139
Schuyler,2022-01,4428
Seneca,2022-01,9236
St. Lawrence,2022-01,32223
Steuben,2022-01,29300
Suffolk,2022-01,393775
Sullivan,2022-01,31129
Tioga,2022-01,13849
Tompkins,2022-01,19408
Ulster,2022-01,54051
Warren,2022-01,17939
Washington,2022-01,19289
Wayne,2022-01,25262
Westchester,2022-01,256543
Wyoming,2022-01,9782
Yates,2022-01,5826
Albany,2022-02,78743
Allegany,2022-02,14411
Bronx,2022-02,964296
Broome,2022-02,62865
Cattaraugus,2022-02,25043
Cayuga,2022-02,22847
Chautauqua,2022-02,43616
Chemung,2022-02,30323
Chenango,2022-02,16520
Clinton,2022-02,22844
Columbia,2022-02,17227
Cortland,2022-02,13723
Delaware,2022-02,12039
Dutchess,2022-02,71526
Erie,2022-02,283462
Essex,2022-02,9678
Franklin,2022-02,16356
Fulton,2022-02,17137
Genesee,2022-02,15183
Greene,2022-02,14300
Hamilton,2022-02,846
Herkimer,2022-02,19268
Jefferson,2022-02,33369
Kings,2022-02,1358348
Lewis,2022-02,6206
Livingston,2022-02,13653
Madison,2022-02,18795
Monroe,2022-02,232567
Montgomery,2022-02,20993
Nassau,2022-02,328014
New York,2022-02,505026
Niagara,2022-02,62360
Oneida,2022-02,81808
Onondaga,2022-02,138510
Ontario,2022-02,26750
Orange,2022-02,130150
Orleans,2022-02,12445
Oswego,2022-02,38117
Otsego,2022-02,14913
Putnam,2022-02,18244
Queens,2022-02,1143305
Rensselaer,2022-02,40706
Richmond,2022-02,178115
Rockland,2022-02,143378
Saratoga,2022-02,42511
Schenectady,2022-02,54547
Schoharie,2022-02,8185
Schuyler,2022-02,4418
Seneca,2022-02,9254
St. Lawrence,2022-02,32265
Steuben,2022-02,29449
Suffolk,2022-02,396103
Sullivan,2022-02,31258
Tioga,2022-02,13924
Tompkins,2022-02,19519
Ulster,2022-02,54415
Warren,2022-02,18006
Washington,2022-02,19329
Wayne,2022-02,25344
Westchester,2022-02,257790
Wyoming,2022-02,9811
Yates,2022-02,5854
Albany,2022-03,79333
Allegany,2022-03,14490
Bronx,2022-03,969115
Broome,2022-03,63180
Cattaraugus,2022-03,25144
Cayuga,2022-03,22944
Chautauqua,2022-03,43771
Chemung,2022-03,30604
Chenango,2022-03,16593
Clinton,2022-03,22914
Columbia,2022-03,17319
Cortland,2022-03,13838
Delaware,2022-03,12085
Dutchess,2022-03,71964
Erie,2022-03,284988
Essex,2022-03,9710
Franklin,2022-03,16460
Fulton,2022-03,17228
Genesee,2022-03,15229
Greene,2022-03,14354
Hamilton,2022-03,851
Herkimer,2022-03,19338
Jefferson,2022-03,33512
Kings,2022-03,1364534
Lewis,2022-03,6248
Livingston,2022-03,13693
Madison,2022-03,18944
Monroe,2022-03,233709
Montgomery,2022-03,21117
Nassau,2022-03,330159
New York,2022-03,506531
Niagara,2022-03,62700
Oneida,2022-03,82026
Onondaga,2022-03,139129
Ontario,2022-03,26959
Orange,2022-03,130863
Orleans,2022-03,12519
Oswego,2022-03,38267
Otsego,2022-03,15040
Putnam,2022-03,18409
Queens,2022-03,1149646
Rensselaer,2022-03,40940
Richmond,2022-03,179449
Rockland,2022-03,144523
Saratoga,2022-03,42715
Schenectady,2022-03,54775
Schoharie,2022-03,8213
Schuyler,2022-03,4437
Seneca,2022-03,9250
St. Lawrence,2022-03,32413
Steuben,2022-03,29619
Suffolk,2022-03,398834
Sullivan,2022-03,31406
Tioga,2022-03,13998
Tompkins,2022-03,19608
Ulster,2022-03,54757
Warren,2022-03,18108
Washington,2022-03,19419
Wayne,2022-03,25449
Westchester,2022-03,259484
Wyoming,2022-03,9895
Yates,2022-03,5850
Albany,2022-04,79478
Allegany,2022-04,14467
Bronx,2022-04,970872
Broome,2022-04,63256
Cattaraugus,2022-04,25200
Cayuga,2022-04,23019
Chautauqua,2022-04,43756
Chemung,2022-04,30784
Chenango,2022-04,16627
Clinton,2022-04,22939
Columbia,2022-04,17361
Cortland,2022-04,13855
Delaware,2022-04,12100
Dutchess,2022-04,72082
Erie,2022-04,285382
Essex,2022-04,9712
Franklin,2022-04,16502
Fulton,2022-04,17258
Genesee,2022-04,15177
Greene,2022-04,14373
Hamilton,2022-04,855
Herkimer,2022-04,19375
Jefferson,2022-04,33535
Kings,2022-04,1367451
Lewis,2022-04,6291
Livingston,2022-04,13706
Madison,2022-04,18940
Monroe,2022-04,233783
Montgomery,2022-04,21143
Nassau,2022-04,331235
New York,2022-04,506464
Niagara,2022-04,62743
Oneida,2022-04,82070
Onondaga,2022-04,139321
Ontario,2022-04,26953
Orange,2022-04,131124
Orleans,2022-04,12515
Oswego,2022-04,38342
Otsego,2022-04,15105
Putnam,2022-04,18471
Queens,2022-04,1153858
Rensselaer,2022-04,41061
Richmond,2022-04,180356
Rockland,2022-04,145234
Saratoga,2022-04,42755
Schenectady,2022-04,54921
Schoharie,2022-04,8235
Schuyler,2022-04,4447
Seneca,2022-04,9256
St. Lawrence,2022-04,32471
Steuben,2022-04,29629
Suffolk,2022-04,400388
Sullivan,2022-04,31423
Tioga,2022-04,14025
Tompkins,2022-04,19662
Ulster,2022-04,54868
Warren,2022-04,18135
Washington,2022-04,19439
Wayne,2022-04,25519
Westchester,2022-04,260142
Wyoming,2022-04,9904
Yates,2022-04,5866
Albany,2022-05,79889
Allegany,2022-05,14508
Bronx,2022-05,973374
Broome,2022-05,63329
Cattaraugus,2022-05,25275
Cayuga,2022-05,23068
Chautauqua,2022-05,43847
Chemung,2022-05,31048
Chenango,2022-05,16698
Clinton,2022-05,23006
Columbia,2022-05,17404
Cortland,2022-05,13890
Delaware,2022-05,12121
Dutchess,2022-05,72249
Erie,2022-05,285719
Essex,2022-05,9762
Franklin,2022-05,16553
Fulton,2022-05,17260
Genesee,2022-05,15270
Greene,2022-05,14356
Hamilton,2022-05,865
Herkimer,2022-05,19433
Jefferson,2022-05,33588
Kings,2022-05,1370818
Lewis,2022-05,6321
Livingston,2022-05,13734
Madison,2022-05,19007
Monroe,2022-05,234112
Montgomery,2022-05,21165
Nassau,2022-05,331943
New York,2022-05,506558
Niagara,2022-05,62931
Oneida,2022-05,82193
Onondaga,2022-05,139634
Ontario,2022-05,27035
Orange,2022-05,131557
Orleans,2022-05,12583
Oswego,2022-05,38480
Otsego,2022-05,15126
Putnam,2022-05,18519
Queens,2022-05,1157503
Rensselaer,2022-05,41142
Richmond,2022-05,181102
Rockland,2022-05,145859
Saratoga,2022-05,42734
Schenectady,2022-05,55056
Schoharie,2022-05,8236
Schuyler,2022-05,4460
Seneca,2022-05,9280
St. Lawrence,2022-05,32519
Steuben,2022-05,29725
Suffolk,2022-05,401432
Sullivan,2022-05,31499
Tioga,2022-05,14043
Tompkins,2022-05,19692
Ulster,2022-05,55031
Warren,2022-05,18190
Washington,2022-05,19502
Wayne,2022-05,25597
Westchester,2022-05,260796
Wyoming,2022-05,9911
Yates,2022-05,5859
Albany,2022-06,80250
Allegany,2022-06,14559
Bronx,2022-06,978899
Broome,2022-06,63595
Cattaraugus,2022-06,25396
Cayuga,2022-06,23192
Chautauqua,2022-06,44060
Chemung,2022-06,31252
Chenango,2022-06,16799
Clinton,2022-06,23117
Columbia,2022-06,17492
Cortland,2022-06,13954
Delaware,2022-06,12168
Dutchess,2022-06,72642
Erie,2022-06,287176
Essex,2022-06,9811
Franklin,2022-06,16580
Fulton,2022-06,17349
Genesee,2022-06,15380
Greene,2022-06,14422
Hamilton,2022-06,864
Herkimer,2022-06,19457
Jefferson,2022-06,33747
Kings,2022-06,1378173
Lewis,2022-06,6341
Livingston,2022-06,13760
Madison,2022-06,19105
Monroe,2022-06,235065
Montgomery,2022-06,21263
Nassau,2022-06,333867
New York,2022-06,508656
Niagara,2022-06,63203
Oneida,2022-06,82406
Onondaga,2022-06,140346
Ontario,2022-06,27189
Orange,2022-06,132343
Orleans,2022-06,12653
Oswego,2022-06,38629
Otsego,2022-06,15132
Putnam,2022-06,18618
Queens,2022-06,1164391
Rensselaer,2022-06,41396
Richmond,2022-06,182335
Rockland,2022-06,146724
Saratoga,2022-06,42920
Schenectady,2022-06,55362
Schoharie,2022-06,8274
Schuyler,2022-06,4466
Seneca,2022-06,9315
St. Lawrence,2022-06,32661
Steuben,2022-06,29928
Suffolk,2022-06,403465
Sullivan,2022-06,31676
Tioga,2022-06,14100
Tompkins,2022-06,19856
Ulster,2022-06,55313
Warren,2022-06,18276
Washington,2022-06,19579
Wayne,2022-06,25728
Westchester,2022-06,262290
Wyoming,2022-06,9971
Yates,2022-06,5862
Albany,2022-07,80804
Allegany,2022-07,14608
Bronx,2022-07,984146
Broome,2022-07,63894
Cattaraugus,2022-07,25543
Cayuga,2022-07,23254
Chautauqua,2022-07,44296
Chemung,2022-07,31572
Chenango,2022-07,16857
Clinton,2022-07,23188
Columbia,2022-07,17572
Cortland,2022-07,14025
Delaware,2022-07,12244
Dutchess,2022-07,73031
Erie,2022-07,288511
Essex,2022-07,9835
Franklin,2022-07,16678
Fulton,2022-07,17393
Genesee,2022-07,15505
Greene,2022-07,14444
Hamilton,2022-07,869
Herkimer,2022-07,19551
Jefferson,2022-07,33882
Kings,2022-07,1385422
Lewis,2022-07,6330
Livingston,2022-07,13831
Madison,2022-07,19226
Monroe,2022-07,236213
Montgomery,2022-07,21359
Nassau,2022-07,336001
New York,2022-07,511143
Niagara,2022-07,63461
Oneida,2022-07,82781
Onondaga,2022-07,140893
Ontario,2022-07,27298
Orange,2022-07,133207
Orleans,2022-07,12714
Oswego,2022-07,38760
Otsego,2022-07,15151
Putnam,2022-07,18786
Queens,2022-07,1171503
Rensselaer,2022-07,41572
Richmond,2022-07,183797
Rockland,2022-07,147844
Saratoga,2022-07,43153
Schenectady,2022-07,55744
Schoharie,2022-07,8300
Schuyler,2022-07,4484
Seneca,2022-07,9319
St. Lawrence,2022-07,32866
Steuben,2022-07,30044
Suffolk,2022-07,406080
Sullivan,2022-07,31837
Tioga,2022-07,14174
Tompkins,2022-07,19951
Ulster,2022-07,55641
Warren,2022-07,18403
Washington,2022-07,19666
Wayne,2022-07,25859
Westchester,2022-07,263965
Wyoming,2022-07,10010
Yates,2022-07,5860
Albany,2022-08,81196
Allegany,2022-08,14697
Bronx,2022-08,987783
Broome,2022-08,64095
Cattaraugus,2022-08,25647
Cayuga,2022-08,23332
Chautauqua,2022-08,44338
Chemung,2022-08,31776
Chenango,2022-08,16898
Clinton,2022-08,23273
Columbia,2022-08,17582
Cortland,2022-08,14025
Delaware,2022-08,12296
Dutchess,2022-08,73281
Erie,2022-08,289497
Essex,2022-08,9844
Franklin,2022-08,16704
Fulton,2022-08,17449
Genesee,2022-08,15557
Greene,2022-08,14469
Hamilton,2022-08,872
Herkimer,2022-08,19658
Jefferson,2022-08,33942
Kings,2022-08,1391450
Lewis,2022-08,6336
Livingston,2022-08,13881
Madison,2022-08,19265
Monroe,2022-08,236853
Montgomery,2022-08,21343
Nassau,2022-08,338043
New York,2022-08,513207
Niagara,2022-08,63615
Oneida,2022-08,82986
Onondaga,2022-08,141319
Ontario,2022-08,27369
Orange,2022-08,133872
Orleans,2022-08,12774
Oswego,2022-08,38900
Otsego,2022-08,15198
Putnam,2022-08,18865
Queens,2022-08,1177396
Rensselaer,2022-08,41710
Richmond,2022-08,184982
Rockland,2022-08,148740
Saratoga,2022-08,43307
Schenectady,2022-08,55991
Schoharie,2022-08,8356
Schuyler,2022-08,4495
Seneca,2022-08,9378
St. Lawrence,2022-08,32983
Steuben,2022-08,30209
Suffolk,2022-08,408557
Sullivan,2022-08,31970
Tioga,2022-08,14214
Tompkins,2022-08,20058
Ulster,2022-08,55807
Warren,2022-08,18488
Washington,2022-08,19725
Wayne,2022-08,25964
Westchester,2022-08,265275
Wyoming,2022-08,10097
Yates,2022-08,5881
Albany,2022-09,81827
Allegany,2022-09,14806
Bronx,2022-09,994875
Broome,2022-09,64502
Cattaraugus,2022-09,25832
Cayuga,2022-09,23442
Chautauqua,2022-09,44635
Chemung,2022-09,32091
Chenango,2022-09,17005
Clinton,2022-09,23363
Columbia,2022-09,17682
Cortland,2022-09,14121
Delaware,2022-09,12348
Dutchess,2022-09,73681
Erie,2022-09,291199
Essex,2022-09,9875
Franklin,2022-09,16766
Fulton,2022-09,17560
Genesee,2022-09,15674
Greene,2022-09,14537
Hamilton,2022-09,874
Herkimer,2022-09,19820
Jefferson,2022-09,34174
Kings,2022-09,1400993
Lewis,2022-09,6391
Livingston,2022-09,13994
Madison,2022-09,19441
Monroe,2022-09,238263
Montgomery,2022-09,21497
Nassau,2022-09,340920
New York,2022-09,516728
Niagara,2022-09,63935
Oneida,2022-09,83528
Onondaga,2022-09,142222
Ontario,2022-09,27601
Orange,2022-09,134898
Orleans,2022-09,12867
Oswego,2022-09,39172
Otsego,2022-09,15287
Putnam,2022-09,19053
Queens,2022-09,1187100
Rensselaer,2022-09,42063
Richmond,2022-09,186763
Rockland,2022-09,149968
Saratoga,2022-09,43720
Schenectady,2022-09,56292
Schoharie,2022-09,8449
Schuyler,2022-09,4516
Seneca,2022-09,9396
St. Lawrence,2022-09,33155
Steuben,2022-09,30461
Suffolk,2022-09,411792
Sullivan,2022-09,32309
Tioga,2022-09,14288
Tompkins,2022-09,20215
Ulster,2022-09,56184
Warren,2022-09,18642
Washington,2022-09,19831
Wayne,2022-09,26139
Westchester,2022-09,267110
Wyoming,2022-09,10161
Yates,2022-09,5896
Albany,2022-10,82156
Allegany,2022-10,14866
Bronx,2022-10,999702
Broome,2022-10,64623
Cattaraugus,2022-10,25936
Cayuga,2022-10,23525
Chautauqua,2022-10,44732
Chemung,2022-10,32225
Chenango,2022-10,17000
Clinton,2022-10,23436
Columbia,2022-10,17683
Cortland,2022-10,14112
Delaware,2022-10,12353
Dutchess,2022-10,73781
Erie,2022-10,291746
Essex,2022-10,9914
Franklin,2022-10,16791
Fulton,2022-10,17554
Genesee,2022-10,15747
Greene,2022-10,14552
Hamilton,2022-10,872
Herkimer,2022-10,19870
Jefferson,2022-10,34133
Kings,2022-10,1407111
Lewis,2022-10,6410
Livingston,2022-10,13993
Madison,2022-10,19407
Monroe,2022-10,238688
Montgomery,2022-10,21478
Nassau,2022-10,342266
New York,2022-10,519648
Niagara,2022-10,64014
Oneida,2022-10,83645
Onondaga,2022-10,142503
Ontario,2022-10,27637
Orange,2022-10,135385
Orleans,2022-10,12907
Oswego,2022-10,39231
Otsego,2022-10,15371
Putnam,2022-10,19138
Queens,2022-10,1193814
Rensselaer,2022-10,42048
Richmond,2022-10,188371
Rockland,2022-10,150740
Saratoga,2022-10,43853
Schenectady,2022-10,56548
Schoharie,2022-10,8451
Schuyler,2022-10,4516
Seneca,2022-10,9415
St. Lawrence,2022-10,33163
Steuben,2022-10,30553
Suffolk,2022-10,413150
Sullivan,2022-10,32388
Tioga,2022-10,14288
Tompkins,2022-10,20261
Ulster,2022-10,56432
Warren,2022-10,18669
Washington,2022-10,19858
Wayne,2022-10,26221
Westchester,2022-10,268323
Wyoming,2022-10,10148
Yates,2022-10,5934
Albany,2022-11,82403
Allegany,2022-11,14948
Bronx,2022-11,1003449
Broome,2022-11,64810
Cattaraugus,2022-11,25960
Cayuga,2022-11,23617
Chautauqua,2022-11,44822
Chemung,2022-11,32352
Chenango,2022-11,17018
Clinton,2022-11,23518
Columbia,2022-11,17740
Cortland,2022-11,14140
Delaware,2022-11,12383
Dutchess,2022-11,73921
Erie,2022-11,292372
Essex,2022-11,9928
Franklin,2022-11,16868
Fulton,2022-11,17537
Genesee,2022-11,15753
Greene,2022-11,14644
Hamilton,2022-11,864
Herkimer,2022-11,19908
Jefferson,2022-11,34269
Kings,2022-11,1412550
Lewis,2022-11,6427
Livingston,2022-11,13964
Madison,2022-11,19414
Monroe,2022-11,239391
Montgomery,2022-11,21599
Nassau,2022-11,343724
New York,2022-11,522652
Niagara,2022-11,64183
Oneida,2022-11,83775
Onondaga,2022-11,142734
Ontario,2022-11,27729
Orange,2022-11,136098
Orleans,2022-11,12938
Oswego,2022-11,39321
Otsego,2022-11,15417
Putnam,2022-11,19287
Queens,2022-11,1199860
Rensselaer,2022-11,42104
Richmond,2022-11,189543
Rockland,2022-11,151619
Saratoga,2022-11,44034
Schenectady,2022-11,56733
Schoharie,2022-11,8483
Schuyler,2022-11,4526
Seneca,2022-11,9432
St. Lawrence,2022-11,33299
Steuben,2022-11,30653
Suffolk,2022-11,415083
Sullivan,2022-11,32523
Tioga,2022-11,14353
Tompkins,2022-11,20301
Ulster,2022-11,56697
Warren,2022-11,18764
Washington,2022-11,19936
Wayne,2022-11,26359
Westchester,2022-11,269556
Wyoming,2022-11,10164
Yates,2022-11,5916
Albany,2022-12,83017
Allegany,2022-12,15013
Bronx,2022-12,1009127
Broome,2022-12,65208
Cattaraugus,2022-12,26071
Cayuga,2022-12,23722
Chautauqua,2022-12,44998
Chemung,2022-12,32530
Chenango,2022-12,17057
Clinton,2022-12,23604
Columbia,2022-12,17834
Cortland,2022-12,14188
Delaware,2022-12,12448
Dutchess,2022-12,74493
Erie,2022-12,293656
Essex,2022-12,9947
Franklin,2022-12,16964
Fulton,2022-12,17652
Genesee,2022-12,15816
Greene,2022-12,14711
Hamilton,2022-12,877
Herkimer,2022-12,19974
Jefferson,2022-12,34482
Kings,2022-12,1420931
Lewis,2022-12,6439
Livingston,2022-12,14021
Madison,2022-12,19527
Monroe,2022-12,240797
Montgomery,2022-12,21642
Nassau,2022-12,346409
New York,2022-12,527764
Niagara,2022-12,64483
Oneida,2022-12,84178
Onondaga,2022-12,143336
Ontario,2022-12,27891
Orange,2022-12,137290
Orleans,2022-12,13002
Oswego,2022-12,39529
Otsego,2022-12,15466
Putnam,2022-12,19508
Queens,2022-12,1207745
Rensselaer,2022-12,42288
Richmond,2022-12,191070
Rockland,2022-12,152995
Saratoga,2022-12,44315
Schenectady,2022-12,57020
Schoharie,2022-12,8517
Schuyler,2022-12,4577
Seneca,2022-12,9451
St. Lawrence,2022-12,33408
Steuben,2022-12,30723
Suffolk,2022-12,418247
Sullivan,2022-12,32767
Tioga,2022-12,14443
Tompkins,2022-12,20403
Ulster,2022-12,57035
Warren,2022-12,18893
Washington,2022-12,20096
Wayne,2022-12,26475
Westchester,2022-12,271679
Wyoming,2022-12,10234
Yates,2022-12,5935
Albany,2023-01,83480
Allegany,2023-01,15117
Bronx,2023-01,1014248
Broome,2023-01,65537
Cattaraugus,2023-01,26261
Cayuga,2023-01,23838
Chautauqua,2023-01,45246
Chemung,2023-01,32778
Chenango,2023-01,17179
Clinton,2023-01,23776
Columbia,2023-01,17962
Cortland,2023-01,14316
Delaware,2023-01,12487
Dutchess,2023-01,74994
Erie,2023-01,295385
Essex,2023-01,10016
Franklin,2023-01,17067
Fulton,2023-01,17761
Genesee,2023-01,15935
Greene,2023-01,14829
Hamilton,2023-01,885
Herkimer,2023-01,20041
Jefferson,2023-01,34703
Kings,2023-01,1428895
Lewis,2023-01,6475
Livingston,2023-01,14092
Madison,2023-01,19648
Monroe,2023-01,242159
Montgomery,2023-01,21775
Nassau,2023-01,348946
New York,2023-01,531530
Niagara,2023-01,64871
Oneida,2023-01,84811
Onondaga,2023-01,144014
Ontario,2023-01,28080
Orange,2023-01,138630
Orleans,2023-01,13086
Oswego,2023-01,39848
Otsego,2023-01,15575
Putnam,2023-01,19701
Queens,2023-01,1216094
Rensselaer,2023-01,42539
Richmond,2023-01,192552
Rockland,2023-01,154374
Saratoga,2023-01,44635
Schenectady,2023-01,57285
Schoharie,2023-01,8614
Schuyler,2023-01,4593
Seneca,2023-01,9518
St. Lawrence,2023-01,33565
Steuben,2023-01,30962
Suffolk,2023-01,421328
Sullivan,2023-01,33026
Tioga,2023-01,14545
Tompkins,2023-01,20495
Ulster,2023-01,57486
Warren,2023-01,19063
Washington,2023-01,20225
Wayne,2023-01,26654
Westchester,2023-01,273560
Wyoming,2023-01,10354
Yates,2023-01,5985
Albany,2023-02,83807
Allegany,2023-02,15221
Bronx,2023-02,1017174
Broome,2023-02,65720
Cattaraugus,2023-02,26355
Cayuga,2023-02,23862
Chautauqua,2023-02,45339
Chemung,2023-02,32868
Chenango,2023-02,17210
Clinton,2023-02,23860
Columbia,2023-02,18033
Cortland,2023-02,14350
Delaware,2023-02,12519
Dutchess,2023-02,75226
Erie,2023-02,295878
Essex,2023-02,10021
Franklin,2023-02,17119
Fulton,2023-02,17820
Genesee,2023-02,15907
Greene,2023-02,14837
Hamilton,2023-02,883
Herkimer,2023-02,20069
Jefferson,2023-02,34742
Kings,2023-02,1432844
Lewis,2023-02,6522
Livingston,2023-02,14103
Madison,2023-02,19684
Monroe,2023-02,242481
Montgomery,2023-02,21842
Nassau,2023-02,350706
New York,2023-02,534010
Niagara,2023-02,65087
Oneida,2023-02,85034
Onondaga,2023-02,144143
Ontario,2023-02,28152
Orange,2023-02,139377
Orleans,2023-02,13143
Oswego,2023-02,39976
Otsego,2023-02,15611
Putnam,2023-02,19845
Queens,2023-02,1221600
Rensselaer,2023-02,42637
Richmond,2023-02,193388
Rockland,2023-02,155437
Saratoga,2023-02,44713
Schenectady,2023-02,57480
Schoharie,2023-02,8638
Schuyler,2023-02,4606
Seneca,2023-02,9552
St. Lawrence,2023-02,33676
Steuben,2023-02,31053
Suffolk,2023-02,423123
Sullivan,2023-02,33157
Tioga,2023-02,14612
Tompkins,2023-02,20549
Ulster,2023-02,57638
Warren,2023-02,19139
Washington,2023-02,20296
Wayne,2023-02,26799
Westchester,2023-02,274625
Wyoming,2023-02,10430
Yates,2023-02,6014
Albany,2023-03,84355
Allegany,2023-03,15279
Bronx,2023-03,1023625
Broome,2023-03,66229
Cattaraugus,2023-03,26518
Cayuga,2023-03,24023
Chautauqua,2023-03,45653
Chemung,2023-03,33172
Chenango,2023-03,17312
Clinton,2023-03,24029
Columbia,2023-03,18082
Cortland,2023-03,14467
Delaware,2023-03,12554
Dutchess,2023-03,75712
Erie,2023-03,297305
Essex,2023-03,10081
Franklin,2023-03,17236
Fulton,2023-03,17882
Genesee,2023-03,16033
Greene,2023-03,14922
Hamilton,2023-03,887
Herkimer,2023-03,20192
Jefferson,2023-03,35075
Kings,2023-03,1442028
Lewis,2023-03,6556
Livingston,2023-03,14248
Madison,2023-03,19847
Monroe,2023-03,243745
Montgomery,2023-03,21995
Nassau,2023-03,353587
New York,2023-03,537921
Niagara,2023-03,65346
Oneida,2023-03,85450
Onondaga,2023-03,144878
Ontario,2023-03,28287
Orange,2023-03,140598
Orleans,2023-03,13217
Oswego,2023-03,40287
Otsego,2023-03,15710
Putnam,2023-03,19969
Queens,2023-03,1230780
Rensselaer,2023-03,42852
Richmond,2023-03,195016
Rockland,2023-03,156738
Saratoga,2023-03,44938
Schenectady,2023-03,57858
Schoharie,2023-03,8661
Schuyler,2023-03,4608
Seneca,2023-03,9585
St. Lawrence,2023-03,33856
Steuben,2023-03,31276
Suffolk,2023-03,426537
Sullivan,2023-03,33314
Tioga,2023-03,14698
Tompkins,2023-03,20620
Ulster,2023-03,58036
Warren,2023-03,19233
Washington,2023-03,20345
Wayne,2023-03,26912
Westchester,2023-03,276535
Wyoming,2023-03,10491
Yates,2023-03,6026
Albany,2023-04,84502
Allegany,2023-04,15319
Bronx,2023-04,1027715
Broome,2023-04,66486
Cattaraugus,2023-04,26563
Cayuga,2023-04,24139
Chautauqua,2023-04,45890
Chemung,2023-04,33368
Chenango,2023-04,17342
Clinton,2023-04,24129
Columbia,2023-04,18159
Cortland,2023-04,14553
Delaware,2023-04,12568
Dutchess,2023-04,76051
Erie,2023-04,298297
Essex,2023-04,10152
Franklin,2023-04,17301
Fulton,2023-04,17979
Genesee,2023-04,16048
Greene,2023-04,14983
Hamilton,2023-04,893
Herkimer,2023-04,20189
Jefferson,2023-04,35149
Kings,2023-04,1447871
Lewis,2023-04,6584
Livingston,2023-04,14315
Madison,2023-04,19889
Monroe,2023-04,244639
Montgomery,2023-04,22069
Nassau,2023-04,355567
New York,2023-04,540424
Niagara,2023-04,65537
Oneida,2023-04,85700
Onondaga,2023-04,145377
Ontario,2023-04,28455
Orange,2023-04,141423
Orleans,2023-04,13317
Oswego,2023-04,40464
Otsego,2023-04,15784
Putnam,2023-04,20097
Queens,2023-04,1237792
Rensselaer,2023-04,43062
Richmond,2023-04,195905
Rockland,2023-04,157816
Saratoga,2023-04,45173
Schenectady,2023-04,58088
Schoharie,2023-04,8688
Schuyler,2023-04,4625
Seneca,2023-04,9616
St. Lawrence,2023-04,33989
Steuben,2023-04,31405
Suffolk,2023-04,428598
Sullivan,2023-04,33432
Tioga,2023-04,14761
Tompkins,2023-04,20679
Ulster,2023-04,58319
Warren,2023-04,19360
Washington,2023-04,20462
Wayne,2023-04,26943
Westchester,2023-04,277891
Wyoming,2023-04,10558
Yates,2023-04,6033
Albany,2023-05,84774
Allegany,2023-05,15367
Bronx,2023-05,1030813
Broome,2023-05,66715
Cattaraugus,2023-05,26668
Cayuga,2023-05,24235
Chautauqua,2023-05,46128
Chemung,2023-05,33489
Chenango,2023-05,17425
Clinton,2023-05,24154
Columbia,2023-05,18200
Cortland,2023-05,14615
Delaware,2023-05,12598
Dutchess,2023-05,76300
Erie,2023-05,299434
Essex,2023-05,10197
Franklin,2023-05,17399
Fulton,2023-05,18012
Genesee,2023-05,16123
Greene,2023-05,15082
Hamilton,2023-05,899
Herkimer,2023-05,20281
Jefferson,2023-05,35296
Kings,2023-05,1453752
Lewis,2023-05,6631
Livingston,2023-05,14412
Madison,2023-05,19980
Monroe,2023-05,245343
Montgomery,2023-05,22142
Nassau,2023-05,357644
New York,2023-05,541902
Niagara,2023-05,65720
Oneida,2023-05,85999
Onondaga,2023-05,145871
Ontario,2023-05,28573
Orange,2023-05,142318
Orleans,2023-05,13366
Oswego,2023-05,40561
Otsego,2023-05,15811
Putnam,2023-05,20256
Queens,2023-05,1245148
Rensselaer,2023-05,43254
Richmond,2023-05,196997
Rockland,2023-05,158896
Saratoga,2023-05,45391
Schenectady,2023-05,58357
Schoharie,2023-05,8688
Schuyler,2023-05,4650
Seneca,2023-05,9667
St. Lawrence,2023-05,34089
Steuben,2023-05,31478
Suffolk,2023-05,430815
Sullivan,2023-05,33514
Tioga,2023-05,14812
Tompkins,2023-05,20786
Ulster,2023-05,58590
Warren,2023-05,19417
Washington,2023-05,20530
Wayne,2023-05,27013
Westchester,2023-05,279270
Wyoming,2023-05,10565
Yates,2023-05,6068
Albany,2023-06,85420
Allegany,2023-06,15442
Bronx,2023-06,1036848
Broome,2023-06,67094
Cattaraugus,2023-06,26818
Cayuga,2023-06,24341
Chautauqua,2023-06,46359
Chemung,2023-06,33785
Chenango,2023-06,17522
Clinton,2023-06,24251
Columbia,2023-06,18288
Cortland,2023-06,14737
Delaware,2023-06,12648
Dutchess,2023-06,76811
Erie,2023-06,301125
Essex,2023-06,10247
Franklin,2023-06,17511
Fulton,2023-06,18089
Genesee,2023-06,16258
Greene,2023-06,15146
Hamilton,2023-06,919
Herkimer,2023-06,20372
Jefferson,2023-06,35594
Kings,2023-06,1462621
Lewis,2023-06,6676
Livingston,2023-06,14557
Madison,2023-06,20086
Monroe,2023-06,246647
Montgomery,2023-06,22323
Nassau,2023-06,361041
New York,2023-06,545179
Niagara,2023-06,66181
Oneida,2023-06,86401
Onondaga,2023-06,146666
Ontario,2023-06,28679
Orange,2023-06,143551
Orleans,2023-06,13461
Oswego,2023-06,40790
Otsego,2023-06,15921
Putnam,2023-06,20464
Queens,2023-06,1254738
Rensselaer,2023-06,43440
Richmond,2023-06,198642
Rockland,2023-06,160489
Saratoga,2023-06,45725
Schenectady,2023-06,58736
Schoharie,2023-06,8737
Schuyler,2023-06,4654
Seneca,2023-06,9721
St. Lawrence,2023-06,34303
Steuben,2023-06,31626
Suffolk,2023-06,434547
Sullivan,2023-06,33704
Tioga,2023-06,14927
Tompkins,2023-06,20929
Ulster,2023-06,59007
Warren,2023-06,19509
Washington,2023-06,20697
Wayne,2023-06,27173
Westchester,2023-06,281549
Wyoming,2023-06,10653
Yates,2023-06,6103
Albany,2023-07,84514
Allegany,2023-07,15251
Bronx,2023-07,1027096
Broome,2023-07,66537
Cattaraugus,2023-07,26495
Cayuga,2023-07,24025
Chautauqua,2023-07,45966
Chemung,2023-07,33605
Chenango,2023-07,17287
Clinton,2023-07,24001
Columbia,2023-07,18086
Cortland,2023-07,14507
Delaware,2023-07,12533
Dutchess,2023-07,75856
Erie,2023-07,298114
Essex,2023-07,10122
Franklin,2023-07,17347
Fulton,2023-07,17842
Genesee,2023-07,16117
Greene,2023-07,14997
Hamilton,2023-07,901
Herkimer,2023-07,20159
Jefferson,2023-07,35174
Kings,2023-07,1448944
Lewis,2023-07,6568
Livingston,2023-07,14505
Madison,2023-07,19816
Monroe,2023-07,244219
Montgomery,2023-07,22041
Nassau,2023-07,356108
New York,2023-07,540305
Niagara,2023-07,65457
Oneida,2023-07,85619
Onondaga,2023-07,145190
Ontario,2023-07,28335
Orange,2023-07,142133
Orleans,2023-07,13374
Oswego,2023-07,40376
Otsego,2023-07,15730
Putnam,2023-07,20231
Queens,2023-07,1240777
Rensselaer,2023-07,42848
Richmond,2023-07,196920
Rockland,2023-07,159093
Saratoga,2023-07,45190
Schenectady,2023-07,58093
Schoharie,2023-07,8659
Schuyler,2023-07,4579
Seneca,2023-07,9605
St. Lawrence,2023-07,34026
Steuben,2023-07,31219
Suffolk,2023-07,428164
Sullivan,2023-07,33436
Tioga,2023-07,14785
Tompkins,2023-07,20646
Ulster,2023-07,58332
Warren,2023-07,19273
Washington,2023-07,20493
Wayne,2023-07,26766
Westchester,2023-07,278103
Wyoming,2023-07,10559
Yates,2023-07,6050
Albany,2023-08,83233
Allegany,2023-08,15053
Bronx,2023-08,1017453
Broome,2023-08,65521
Cattaraugus,2023-08,26128
Cayuga,2023-08,23699
Chautauqua,2023-08,45618
Chemung,2023-08,33260
Chenango,2023-08,17082
Clinton,2023-08,23714
Columbia,2023-08,17858
Cortland,2023-08,14271
Delaware,2023-08,12338
Dutchess,2023-08,74567
Erie,2023-08,294663
Essex,2023-08,9997
Franklin,2023-08,17106
Fulton,2023-08,17618
Genesee,2023-08,15881
Greene,2023-08,14843
Hamilton,2023-08,882
Herkimer,2023-08,19840
Jefferson,2023-08,34776
Kings,2023-08,1434584
Lewis,2023-08,6501
Livingston,2023-08,14240
Madison,2023-08,19463
Monroe,2023-08,241056
Montgomery,2023-08,21825
Nassau,2023-08,350597
New York,2023-08,536030
Niagara,2023-08,64524
Oneida,2023-08,84504
Onondaga,2023-08,143083
Ontario,2023-08,27940
Orange,2023-08,140647
Orleans,2023-08,13230
Oswego,2023-08,39917
Otsego,2023-08,15552
Putnam,2023-08,19986
Queens,2023-08,1224904
Rensselaer,2023-08,42313
Richmond,2023-08,195215
Rockland,2023-08,157669
Saratoga,2023-08,44533
Schenectady,2023-08,57216
Schoharie,2023-08,8560
Schuyler,2023-08,4488
Seneca,2023-08,9470
St. Lawrence,2023-08,33642
Steuben,2023-08,30663
Suffolk,2023-08,420928
Sullivan,2023-08,32995
Tioga,2023-08,14556
Tompkins,2023-08,20324
Ulster,2023-08,57525
Warren,2023-08,18956
Washington,2023-08,20188
Wayne,2023-08,26374
Westchester,2023-08,274167
Wyoming,2023-08,10416
Yates,2023-08,5972
Albany,2023-09,82094
Allegany,2023-09,14852
Bronx,2023-09,1007792
Broome,2023-09,64539
Cattaraugus,2023-09,25895
Cayuga,2023-09,23391
Chautauqua,2023-09,45057
Chemung,2023-09,32950
Chenango,2023-09,16808
Clinton,2023-09,23356
Columbia,2023-09,17517
Cortland,2023-09,14141
Delaware,2023-09,12140
Dutchess,2023-09,73418
Erie,2023-09,290881
Essex,2023-09,9833
Franklin,2023-09,16844
Fulton,2023-09,17396
Genesee,2023-09,15698
Greene,2023-09,14660
Hamilton,2023-09,868
Herkimer,2023-09,19542
Jefferson,2023-09,34342
Kings,2023-09,1421232
Lewis,2023-09,6369
Livingston,2023-09,14029
Madison,2023-09,19157
Monroe,2023-09,237613
Montgomery,2023-09,21495
Nassau,2023-09,345575
New York,2023-09,532160
Niagara,2023-09,63650
Oneida,2023-09,83252
Onondaga,2023-09,140949
Ontario,2023-09,27660
Orange,2023-09,138857
Orleans,2023-09,13110
Oswego,2023-09,39380
Otsego,2023-09,15380
Putnam,2023-09,19646
Queens,2023-09,1210395
Rensselaer,2023-09,41690
Richmond,2023-09,193738
Rockland,2023-09,155873
Saratoga,2023-09,43779
Schenectady,2023-09,56339
Schoharie,2023-09,8427
Schuyler,2023-09,4418
Seneca,2023-09,9346
St. Lawrence,2023-09,33256
Steuben,2023-09,30254
Suffolk,2023-09,414552
Sullivan,2023-09,32582
Tioga,2023-09,14327
Tompkins,2023-09,19995
Ulster,2023-09,56756
Warren,2023-09,18696
Washington,2023-09,19854
Wayne,2023-09,25967
Westchester,2023-09,269839
Wyoming,2023-09,10257
Yates,2023-09,5875
Albany,2023-10,80939
Allegany,2023-10,14632
Bronx,2023-10,1000280
Broome,2023-10,63660
Cattaraugus,2023-10,25552
Cayuga,2023-10,23046
Chautauqua,2023-10,44553
Chemung,2023-10,32557
Chenango,2023-10,16572
Clinton,2023-10,23012
Columbia,2023-10,17206
Cortland,2023-10,13904
Delaware,2023-10,11986
Dutchess,2023-10,72491
Erie,2023-10,287497
Essex,2023-10,9682
Franklin,2023-10,16662
Fulton,2023-10,17171
Genesee,2023-10,15467
Greene,2023-10,14448
Hamilton,2023-10,851
Herkimer,2023-10,19220
Jefferson,2023-10,33905
Kings,2023-10,1410344
Lewis,2023-10,6238
Livingston,2023-10,13887
Madison,2023-10,18900
Monroe,2023-10,234631
Montgomery,2023-10,21234
Nassau,2023-10,341036
New York,2023-10,529000
Niagara,2023-10,62975
Oneida,2023-10,82110
Onondaga,2023-10,138970
Ontario,2023-10,27227
Orange,2023-10,137414
Orleans,2023-10,12915
Oswego,2023-10,38793
Otsego,2023-10,15164
Putnam,2023-10,19354
Queens,2023-10,1198540
Rensselaer,2023-10,41320
Richmond,2023-10,192731
Rockland,2023-10,154201
Saratoga,2023-10,43129
Schenectady,2023-10,55529
Schoharie,2023-10,8336
Schuyler,2023-10,4327
Seneca,2023-10,9210
St. Lawrence,2023-10,32879
Steuben,2023-10,29921
Suffolk,2023-10,408636
Sullivan,2023-10,32281
Tioga,2023-10,14108
Tompkins,2023-10,19698
Ulster,2023-10,55941
Warren,2023-10,18511
Washington,2023-10,19510
Wayne,2023-10,25567
Westchester,2023-10,266331
Wyoming,2023-10,10104
Yates,2023-10,5813
Albany,2023-11,79721
Allegany,2023-11,14452
Bronx,2023-11,994417
Broome,2023-11,62774
Cattaraugus,2023-11,25163
Cayuga,2023-11,22653
Chautauqua,2023-11,43958
Chemung,2023-11,32140
Chenango,2023-11,16309
Clinton,2023-11,22681
Columbia,2023-11,16930
Cortland,2023-11,13663
Delaware,2023-11,11797
Dutchess,2023-11,71367
Erie,2023-11,283817
Essex,2023-11,9469
Franklin,2023-11,16434
Fulton,2023-11,16854
Genesee,2023-11,15095
Greene,2023-11,14208
Hamilton,2023-11,842
Herkimer,2023-11,18775
Jefferson,2023-11,33418
Kings,2023-11,1400198
Lewis,2023-11,6118
Livingston,2023-11,13662
Madison,2023-11,18481
Monroe,2023-11,230950
Montgomery,2023-11,20898
Nassau,2023-11,337164
New York,2023-11,525823
Niagara,2023-11,62041
Oneida,2023-11,80830
Onondaga,2023-11,136986
Ontario,2023-11,26728
Orange,2023-11,135996
Orleans,2023-11,12776
Oswego,2023-11,38156
Otsego,2023-11,14956
Putnam,2023-11,19032
Queens,2023-11,1190623
Rensselaer,2023-11,40630
Richmond,2023-11,191719
Rockland,2023-11,153366
Saratoga,2023-11,42369
Schenectady,2023-11,54473
Schoharie,2023-11,8241
Schuyler,2023-11,4256
Seneca,2023-11,9055
St. Lawrence,2023-11,32485
Steuben,2023-11,29444
Suffolk,2023-11,403642
Sullivan,2023-11,31828
Tioga,2023-11,13825
Tompkins,2023-11,19347
Ulster,2023-11,55073
Warren,2023-11,18198
Washington,2023-11,19161
Wayne,2023-11,25054
Westchester,2023-11,263409
Wyoming,2023-11,9970
Yates,2023-11,5737
Albany,2023-12,78067
Allegany,2023-12,14248
Bronx,2023-12,987371
Broome,2023-12,61638
Cattaraugus,2023-12,24690
Cayuga,2023-12,22186
Chautauqua,2023-12,43228
Chemung,2023-12,31710
Chenango,2023-12,16024
Clinton,2023-12,22172
Columbia,2023-12,16583
Cortland,2023-12,13343
Delaware,2023-12,11595
Dutchess,2023-12,70025
Erie,2023-12,279210
Essex,2023-12,9212
Franklin,2023-12,16085
Fulton,2023-12,16503
Genesee,2023-12,14842
Greene,2023-12,13880
Hamilton,2023-12,821
Herkimer,2023-12,18363
Jefferson,2023-12,32840
Kings,2023-12,1386821
Lewis,2023-12,5965
Livingston,2023-12,13358
Madison,2023-12,18159
Monroe,2023-12,226497
Montgomery,2023-12,20535
Nassau,2023-12,332398
New York,2023-12,520512
Niagara,2023-12,60947
Oneida,2023-12,79424
Onondaga,2023-12,134430
Ontario,2023-12,26169
Orange,2023-12,134197
Orleans,2023-12,12507
Oswego,2023-12,37310
Otsego,2023-12,14672
Putnam,2023-12,18732
Queens,2023-12,1176694
Rensselaer,2023-12,39814
Richmond,2023-12,190137
Rockland,2023-12,151841
Saratoga,2023-12,41456
Schenectady,2023-12,53443
Schoharie,2023-12,8052
Schuyler,2023-12,4164
Seneca,2023-12,8865
St. Lawrence,2023-12,31871
Steuben,2023-12,28936
Suffolk,2023-12,397712
Sullivan,2023-12,31496
Tioga,2023-12,13533
Tompkins,2023-12,18918
Ulster,2023-12,54162
Warren,2023-12,17647
Washington,2023-12,18747
Wayne,2023-12,24553
Westchester,2023-12,259745
Wyoming,2023-12,9775
Yates,2023-12,5614
Albany,2024-01,76983
Allegany,2024-01,14019
Bronx,2024-01,981892
Broome,2024-01,60670
Cattaraugus,2024-01,24246
Cayuga,2024-01,21937
Chautauqua,2024-01,42681
Chemung,2024-01,31284
Chenango,2024-01,15724
Clinton,2024-01,21732
Columbia,2024-01,16313
Cortland,2024-01,13099
Delaware,2024-01,11380
Dutchess,2024-01,68754
Erie,2024-01,275210
Essex,2024-01,8997
Franklin,2024-01,15827
Fulton,2024-01,16201
Genesee,2024-01,14612
Greene,2024-01,13677
Hamilton,2024-01,791
Herkimer,2024-01,18070
Jefferson,2024-01,32301
Kings,2024-01,1377643
Lewis,2024-01,5833
Livingston,2024-01,13149
Madison,2024-01,17807
Monroe,2024-01,223084
Montgomery,2024-01,20280
Nassau,2024-01,328366
New York,2024-01,518379
Niagara,2024-01,59863
Oneida,2024-01,78279
Onondaga,2024-01,132328
Ontario,2024-01,25708
Orange,2024-01,132761
Orleans,2024-01,12224
Oswego,2024-01,36726
Otsego,2024-01,14511
Putnam,2024-01,18523
Queens,2024-01,1168975
Rensselaer,2024-01,39113
Richmond,2024-01,189004
Rockland,2024-01,151111
Saratoga,2024-01,40664
Schenectady,2024-01,52513
Schoharie,2024-01,7874
Schuyler,2024-01,4131
Seneca,2024-01,8702
St. Lawrence,2024-01,31463
Steuben,2024-01,28540
Suffolk,2024-01,392600
Sullivan,2024-01,30952
Tioga,2024-01,13311
Tompkins,2024-01,18605
Ulster,2024-01,53206
Warren,2024-01,17345
Washington,2024-01,18409
Wayne,2024-01,24122
Westchester,2024-01,257032
Wyoming,2024-01,9638
Yates,2024-01,5501
Albany,2024-02,76177
Allegany,2024-02,13808
Bronx,2024-02,975694
Broome,2024-02,59937
Cattaraugus,2024-02,23843
Cayuga,2024-02,21622
Chautauqua,2024-02,42135
Chemung,2024-02,30924
Chenango,2024-02,15439
Clinton,2024-02,21432
Columbia,2024-02,16077
Cortland,2024-02,12925
Delaware,2024-02,11266
Dutchess,2024-02,67852
Erie,2024-02,272330
Essex,2024-02,8841
Franklin,2024-02,15652
Fulton,2024-02,15951
Genesee,2024-02,14400
Greene,2024-02,13401
Hamilton,2024-02,767
Herkimer,2024-02,17828
Jefferson,2024-02,31920
Kings,2024-02,1368006
Lewis,2024-02,5751
Livingston,2024-02,12931
Madison,2024-02,17467
Monroe,2024-02,219929
Montgomery,2024-02,20011
Nassau,2024-02,325852
New York,2024-02,515626
Niagara,2024-02,58888
Oneida,2024-02,77307
Onondaga,2024-02,130245
Ontario,2024-02,25272
Orange,2024-02,131400
Orleans,2024-02,12047
Oswego,2024-02,36133
Otsego,2024-02,14326
Putnam,2024-02,18344
Queens,2024-02,1162422
Rensselaer,2024-02,38635
Richmond,2024-02,187903
Rockland,2024-02,150409
Saratoga,2024-02,39999
Schenectady,2024-02,51726
Schoharie,2024-02,7746
Schuyler,2024-02,4020
Seneca,2024-02,8535
St. Lawrence,2024-02,31010
Steuben,2024-02,28167
Suffolk,2024-02,388777
Sullivan,2024-02,30594
Tioga,2024-02,13166
Tompkins,2024-02,18291
Ulster,2024-02,52554
Warren,2024-02,17031
Washington,2024-02,17933
Wayne,2024-02,23694
Westchester,2024-02,254860
Wyoming,2024-02,9445
Yates,2024-02,5443
Albany,2024-03,75549
Allegany,2024-03,13646
Bronx,2024-03,971959
Broome,2024-03,59317
Cattaraugus,2024-03,23426
Cayuga,2024-03,21345
Chautauqua,2024-03,41674
Chemung,2024-03,30637
Chenango,2024-03,15212
Clinton,2024-03,21130
Columbia,2024-03,15805
Cortland,2024-03,12820
Delaware,2024-03,11047
Dutchess,2024-03,67018
Erie,2024-03,269332
Essex,2024-03,8690
Franklin,2024-03,15487
Fulton,2024-03,15720
Genesee,2024-03,14198
Greene,2024-03,13197
Hamilton,2024-03,742
Herkimer,2024-03,17555
Jefferson,2024-03,31541
Kings,2024-03,1361326
Lewis,2024-03,5697
Livingston,2024-03,12740
Madison,2024-03,17064
Monroe,2024-03,217051
Montgomery,2024-03,19675
Nassau,2024-03,322649
New York,2024-03,513090
Niagara,2024-03,57862
Oneida,2024-03,76297
Onondaga,2024-03,128432
Ontario,2024-03,24841
Orange,2024-03,130221
Orleans,2024-03,11866
Oswego,2024-03,35753
Otsego,2024-03,14127
Putnam,2024-03,18220
Queens,2024-03,1157935
Rensselaer,2024-03,38189
Richmond,2024-03,187400
Rockland,2024-03,150320
Saratoga,2024-03,39302
Schenectady,2024-03,51015
Schoharie,2024-03,7649
Schuyler,2024-03,3950
Seneca,2024-03,8454
St. Lawrence,2024-03,30683
Steuben,2024-03,27828
Suffolk,2024-03,385172
Sullivan,2024-03,30371
Tioga,2024-03,12982
Tompkins,2024-03,17966
Ulster,2024-03,51865
Warren,2024-03,16717
Washington,2024-03,17702
Wayne,2024-03,23363
Westchester,2024-03,252562
Wyoming,2024-03,9346
Yates,2024-03,5377
Albany,2024-04,74111
Allegany,2024-04,13423
Bronx,2024-04,960166
Broome,2024-04,58354
Cattaraugus,2024-04,22939
Cayuga,2024-04,20918
Chautauqua,2024-04,41002
Chemung,2024-04,30157
Chenango,2024-04,14942
Clinton,2024-04,20774
Columbia,2024-04,15474
Cortland,2024-04,12576
Delaware,2024-04,10821
Dutchess,2024-04,65792
Erie,2024-04,264494
Essex,2024-04,8509
Franklin,2024-04,15189
Fulton,2024-04,15404
Genesee,2024-04,13855
Greene,2024-04,12897
Hamilton,2024-04,723
Herkimer,2024-04,17151
Jefferson,2024-04,30869
Kings,2024-04,1343318
Lewis,2024-04,5577
Livingston,2024-04,12488
Madison,2024-04,16640
Monroe,2024-04,212720
Montgomery,2024-04,19215
Nassau,2024-04,315985
New York,2024-04,506679
Niagara,2024-04,56648
Oneida,2024-04,74694
Onondaga,2024-04,125499
Ontario,2024-04,24307
Orange,2024-04,128383
Orleans,2024-04,11543
Oswego,2024-04,35133
Otsego,2024-04,13954
Putnam,2024-04,17965
Queens,2024-04,1141502
Rensselaer,2024-04,37357
Richmond,2024-04,185248
Rockland,2024-04,149038
Saratoga,2024-04,38421
Schenectady,2024-04,49868
Schoharie,2024-04,7512
Schuyler,2024-04,3837
Seneca,2024-04,8243
St. Lawrence,2024-04,30173
Steuben,2024-04,27320
Suffolk,2024-04,378281
Sullivan,2024-04,29853
Tioga,2024-04,12728
Tompkins,2024-04,17528
Ulster,2024-04,50875
Warren,2024-04,16402
Washington,2024-04,17392
Wayne,2024-04,22903
Westchester,2024-04,248287
Wyoming,2024-04,9201
Yates,2024-04,5266
Albany,2024-05,72875
Allegany,2024-05,13207
Bronx,2024-05,949314
Broome,2024-05,57521
Cattaraugus,2024-05,22493
Cayuga,2024-05,20572
Chautauqua,2024-05,40350
Chemung,2024-05,29863
Chenango,2024-05,14769
Clinton,2024-05,20508
Columbia,2024-05,15182
Cortland,2024-05,12365
Delaware,2024-05,10651
Dutchess,2024-05,64804
Erie,2024-05,260815
Essex,2024-05,8320
Franklin,2024-05,14920
Fulton,2024-05,15154
Genesee,2024-05,13648
Greene,2024-05,12663
Hamilton,2024-05,732
Herkimer,2024-05,16880
Jefferson,2024-05,30357
Kings,2024-05,1327391
Lewis,2024-05,5471
Livingston,2024-05,12348
Madison,2024-05,16324
Monroe,2024-05,209045
Montgomery,2024-05,18991
Nassau,2024-05,312414
New York,2024-05,501950
Niagara,2024-05,55837
Oneida,2024-05,73279
Onondaga,2024-05,123088
Ontario,2024-05,23849
Orange,2024-05,127287
Orleans,2024-05,11338
Oswego,2024-05,34516
Otsego,2024-05,13768
Putnam,2024-05,17762
Queens,2024-05,1128242
Rensselaer,2024-05,36664
Richmond,2024-05,183635
Rockland,2024-05,148434
Saratoga,2024-05,37786
Schenectady,2024-05,49005
Schoharie,2024-05,7394
Schuyler,2024-05,3768
Seneca,2024-05,8100
St. Lawrence,2024-05,29764
Steuben,2024-05,26875
Suffolk,2024-05,372934
Sullivan,2024-05,29500
Tioga,2024-05,12471
Tompkins,2024-05,17173
Ulster,2024-05,50042
Warren,2024-05,16135
Washington,2024-05,17005
Wayne,2024-05,22392
Westchester,2024-05,245428
Wyoming,2024-05,9089
Yates,2024-05,5197
Albany,2024-06,71797
Allegany,2024-06,12945
Bronx,2024-06,938577
Broome,2024-06,56628
Cattaraugus,2024-06,22032
Cayuga,2024-06,20242
Chautauqua,2024-06,39656
Chemung,2024-06,29453
Chenango,2024-06,14507
Clinton,2024-06,20287
Columbia,2024-06,14936
Cortland,2024-06,12164
Delaware,2024-06,10537
Dutchess,2024-06,63767
Erie,2024-06,256892
Essex,2024-06,8171
Franklin,2024-06,14611
Fulton,2024-06,14898
Genesee,2024-06,13421
Greene,2024-06,12450
Hamilton,2024-06,723
Herkimer,2024-06,16666
Jefferson,2024-06,29747
Kings,2024-06,1310586
Lewis,2024-06,5371
Livingston,2024-06,12191
Madison,2024-06,15983
Monroe,2024-06,205493
Montgomery,2024-06,18697
Nassau,2024-06,308565
New York,2024-06,496579
Niagara,2024-06,54872
Oneida,2024-06,71986
Onondaga,2024-06,120965
Ontario,2024-06,23391
Orange,2024-06,126023
Orleans,2024-06,11156
Oswego,2024-06,34021
Otsego,2024-06,13536
Putnam,2024-06,17598
Queens,2024-06,1115280
Rensselaer,2024-06,36024
Richmond,2024-06,181577
Rockland,2024-06,147731
Saratoga,2024-06,37089
Schenectady,2024-06,48210
Schoharie,2024-06,7252
Schuyler,2024-06,3669
Seneca,2024-06,7962
St. Lawrence,2024-06,29271
Steuben,2024-06,26506
Suffolk,2024-06,368126
Sullivan,2024-06,29169
Tioga,2024-06,12213
Tompkins,2024-06,16775
Ulster,2024-06,49354
Warren,2024-06,15872
Washington,2024-06,16700
Wayne,2024-06,21931
Westchester,2024-06,242261
Wyoming,2024-06,8975
Yates,2024-06,5084
Albany,2024-07,71580
Allegany,2024-07,12851
Bronx,2024-07,936343
Broome,2024-07,56465
Cattaraugus,2024-07,21949
Cayuga,2024-07,20202
Chautauqua,2024-07,39407
Chemung,2024-07,29402
Chenango,2024-07,14424
Clinton,2024-07,20094
Columbia,2024-07,14823
Cortland,2024-07,12129
Delaware,2024-07,10418
Dutchess,2024-07,63570
Erie,2024-07,256361
Essex,2024-07,8135
Franklin,2024-07,14633
Fulton,2024-07,14865
Genesee,2024-07,13332
Greene,2024-07,12421
Hamilton,2024-07,714
Herkimer,2024-07,16634
Jefferson,2024-07,29560
Kings,2024-07,1306769
Lewis,2024-07,5338
Livingston,2024-07,12103
Madison,2024-07,15878
Monroe,2024-07,204840
Montgomery,2024-07,18638
Nassau,2024-07,308579
New York,2024-07,494823
Niagara,2024-07,54667
Oneida,2024-07,71943
Onondaga,2024-07,120510
Ontario,2024-07,23251
Orange,2024-07,126008
Orleans,2024-07,11137
Oswego,2024-07,33889
Otsego,2024-07,13401
Putnam,2024-07,17607
Queens,2024-07,1114276
Rensselaer,2024-07,35868
Richmond,2024-07,181304
Rockland,2024-07,148221
Saratoga,2024-07,36889
Schenectady,2024-07,47990
Schoharie,2024-07,7184
Schuyler,2024-07,3632
Seneca,2024-07,7907
St. Lawrence,2024-07,29083
Steuben,2024-07,26487
Suffolk,2024-07,367773
Sullivan,2024-07,29025
Tioga,2024-07,12222
Tompkins,2024-07,16721
Ulster,2024-07,49062
Warren,2024-07,15777
Washington,2024-07,16617
Wayne,2024-07,21804
Westchester,2024-07,241678
Wyoming,2024-07,8910
Yates,2024-07,5057
Albany,2024-08,71796
Allegany,2024-08,12731
Bronx,2024-08,935767
Broome,2024-08,56438
Cattaraugus,2024-08,21817
Cayuga,2024-08,20148
Chautauqua,2024-08,39400
Chemung,2024-08,29443
Chenango,2024-08,14301
Clinton,2024-08,20054
Columbia,2024-08,14725
Cortland,2024-08,12183
Delaware,2024-08,10410
Dutchess,2024-08,63432
Erie,2024-08,255958
Essex,2024-08,8101
Franklin,2024-08,14658
Fulton,2024-08,14855
Genesee,2024-08,13263
Greene,2024-08,12379
Hamilton,2024-08,703
Herkimer,2024-08,16636
Jefferson,2024-08,29379
Kings,2024-08,1304581
Lewis,2024-08,5319
Livingston,2024-08,12018
Madison,2024-08,15803
Monroe,2024-08,204346
Montgomery,2024-08,18713
Nassau,2024-08,308917
New York,2024-08,493607
Niagara,2024-08,54603
Oneida,2024-08,71738
Onondaga,2024-08,120171
Ontario,2024-08,23235
Orange,2024-08,125892
Orleans,2024-08,11096
Oswego,2024-08,33759
Otsego,2024-08,13337
Putnam,2024-08,17635
Queens,2024-08,1114558
Rensselaer,2024-08,35860
Richmond,2024-08,181096
Rockland,2024-08,148722
Saratoga,2024-08,36825
Schenectady,2024-08,47941
Schoharie,2024-08,7165
Schuyler,2024-08,3568
Seneca,2024-08,7851
St. Lawrence,2024-08,29018
Steuben,2024-08,26437
Suffolk,2024-08,367591
Sullivan,2024-08,28950
Tioga,2024-08,12166
Tompkins,2024-08,16692
Ulster,2024-08,48988
Warren,2024-08,15700
Washington,2024-08,16611
Wayne,2024-08,21673
Westchester,2024-08,241404
Wyoming,2024-08,8858
Yates,2024-08,5025
Albany,2024-09,71561
Allegany,2024-09,12715
Bronx,2024-09,934744
Broome,2024-09,56372
Cattaraugus,2024-09,21635
Cayuga,2024-09,20072
Chautauqua,2024-09,39300
Chemung,2024-09,29350
Chenango,2024-09,14238
Clinton,2024-09,20004
Columbia,2024-09,14635
Cortland,2024-09,12151
Delaware,2024-09,10390
Dutchess,2024-09,63297
Erie,2024-09,255550
Essex,2024-09,8100
Franklin,2024-09,14667
Fulton,2024-09,14709
Genesee,2024-09,13198
Greene,2024-09,12281
Hamilton,2024-09,702
Herkimer,2024-09,16558
Jefferson,2024-09,29225
Kings,2024-09,1303439
Lewis,2024-09,5241
Livingston,2024-09,11921
Madison,2024-09,15742
Monroe,2024-09,203634
Montgomery,2024-09,18727
Nassau,2024-09,308528
New York,2024-09,492609
Niagara,2024-09,54375
Oneida,2024-09,71444
Onondaga,2024-09,119623
Ontario,2024-09,23066
Orange,2024-09,125769
Orleans,2024-09,11036
Oswego,2024-09,33621
Otsego,2024-09,13289
Putnam,2024-09,17608
Queens,2024-09,1114497
Rensselaer,2024-09,35731
Richmond,2024-09,181281
Rockland,2024-09,148885
Saratoga,2024-09,36751
Schenectady,2024-09,47789
Schoharie,2024-09,7144
Schuyler,2024-09,3539
Seneca,2024-09,7801
St. Lawrence,2024-09,28823
Steuben,2024-09,26329
Suffolk,2024-09,366915
Sullivan,2024-09,28710
Tioga,2024-09,12070
Tompkins,2024-09,16645
Ulster,2024-09,48800
Warren,2024-09,15726
Washington,2024-09,16484
Wayne,2024-09,21496
Westchester,2024-09,241030
Wyoming,2024-09,8851
Yates,2024-09,4991
Albany,2024-10,71663
Allegany,2024-10,12693
Bronx,2024-10,934205
Broome,2024-10,56458
Cattaraugus,2024-10,21620
Cayuga,2024-10,19986
Chautauqua,2024-10,39154
Chemung,2024-10,29350
Chenango,2024-10,14194
Clinton,2024-10,19932
Columbia,2024-10,14672
Cortland,2024-10,12134
Delaware,2024-10,10341
Dutchess,2024-10,63209
Erie,2024-10,255625
Essex,2024-10,8064
Franklin,2024-10,14644
Fulton,2024-10,14681
Genesee,2024-10,13119
Greene,2024-10,12266
Hamilton,2024-10,688
Herkimer,2024-10,16547
Jefferson,2024-10,29173
Kings,2024-10,1303909
Lewis,2024-10,5225
Livingston,2024-10,11989
Madison,2024-10,15748
Monroe,2024-10,203595
Montgomery,2024-10,18687
Nassau,2024-10,308861
New York,2024-10,491281
Niagara,2024-10,54385
Oneida,2024-10,71298
Onondaga,2024-10,119716
Ontario,2024-10,23053
Orange,2024-10,126085
Orleans,2024-10,11025
Oswego,2024-10,33546
Otsego,2024-10,13214
Putnam,2024-10,17613
Queens,2024-10,1116542
Rensselaer,2024-10,35818
Richmond,2024-10,181833
Rockland,2024-10,149264
Saratoga,2024-10,36556
Schenectady,2024-10,47830
Schoharie,2024-10,7068
Schuyler,2024-10,3531
Seneca,2024-10,7781
St. Lawrence,2024-10,28710
Steuben,2024-10,26277
Suffolk,2024-10,367599
Sullivan,2024-10,28704
Tioga,2024-10,12051
Tompkins,2024-10,16676
Ulster,2024-10,48806
Warren,2024-10,15695
Washington,2024-10,16510
Wayne,2024-10,21468
Westchester,2024-10,241397
Wyoming,2024-10,8792
Yates,2024-10,4981
Albany,2024-11,71550
Allegany,2024-11,12619
Bronx,2024-11,930501
Broome,2024-11,56316
Cattaraugus,2024-11,21559
Cayuga,2024-11,19911
Chautauqua,2024-11,39012
Chemung,2024-11,29250
Chenango,2024-11,14159
Clinton,2024-11,19835
Columbia,2024-11,14625
Cortland,2024-11,12051
Delaware,2024-11,10315
Dutchess,2024-11,62967
Erie,2024-11,254608
Essex,2024-11,8022
Franklin,2024-11,14603
Fulton,2024-11,14586
Genesee,2024-11,13092
Greene,2024-11,12220
Hamilton,2024-11,700
Herkimer,2024-11,16459
Jefferson,2024-11,28985
Kings,2024-11,1299618
Lewis,2024-11,5240
Livingston,2024-11,11909
Madison,2024-11,15725
Monroe,2024-11,202371
Montgomery,2024-11,18660
Nassau,2024-11,308325
New York,2024-11,488585
Niagara,2024-11,54083
Oneida,2024-11,70935
Onondaga,2024-11,119403
Ontario,2024-11,22803
Orange,2024-11,126027
Orleans,2024-11,11001
Oswego,2024-11,33503
Otsego,2024-11,13170
Putnam,2024-11,17701
Queens,2024-11,1113325
Rensselaer,2024-11,35598
Richmond,2024-11,181528
Rockland,2024-11,149622
Saratoga,2024-11,36472
Schenectady,2024-11,47585
Schoharie,2024-11,7081
Schuyler,2024-11,3539
Seneca,2024-11,7686
St. Lawrence,2024-11,28525
Steuben,2024-11,26241
Suffolk,2024-11,366625
Sullivan,2024-11,28526
Tioga,2024-11,12017
Tompkins,2024-11,16599
Ulster,2024-11,48618
Warren,2024-11,15688
Washington,2024-11,16436
Wayne,2024-11,21436
Westchester,2024-11,241018
Wyoming,2024-11,8784
Yates,2024-11,4963
Albany,2024-12,71447
Allegany,2024-12,12640
Bronx,2024-12,927866
Broome,2024-12,56378
Cattaraugus,2024-12,21461
Cayuga,2024-12,19876
Chautauqua,2024-12,38883
Chemung,2024-12,29389
Chenango,2024-12,14176
Clinton,2024-12,19846
Columbia,2024-12,14603
Cortland,2024-12,12058
Delaware,2024-12,10315
Dutchess,2024-12,62855
Erie,2024-12,254024
Essex,2024-12,8044
Franklin,2024-12,14549
Fulton,2024-12,14651
Genesee,2024-12,13027
Greene,2024-12,12238
Hamilton,2024-12,704
Herkimer,2024-12,16497
Jefferson,2024-12,28886
Kings,2024-12,1296972
Lewis,2024-12,5232
Livingston,2024-12,11849
Madison,2024-12,15725
Monroe,2024-12,201383
Montgomery,2024-12,18621
Nassau,2024-12,308132
New York,2024-12,485274
Niagara,2024-12,53972
Oneida,2024-12,70829
Onondaga,2024-12,119353
Ontario,2024-12,22745
Orange,2024-12,126245
Orleans,2024-12,10906
Oswego,2024-12,33450
Otsego,2024-12,13158
Putnam,2024-12,17701
Queens,2024-12,1110755
Rensselaer,2024-12,35562
Richmond,2024-12,181484
Rockland,2024-12,149784
Saratoga,2024-12,36442
Schenectady,2024-12,47501
Schoharie,2024-12,7076
Schuyler,2024-12,3537
Seneca,2024-12,7668
St. Lawrence,2024-12,28468
Steuben,2024-12,26164
Suffolk,2024-12,366086
Sullivan,2024-12,28446
Tioga,2024-12,12048
Tompkins,2024-12,16573
Ulster,2024-12,48638
Warren,2024-12,15675
Washington,2024-12,16402
Wayne,2024-12,21419
Westchester,2024-12,240478
Wyoming,2024-12,8819
Yates,2024-12,4951
Albany,2025-01,71254
Allegany,2025-01,12573
Bronx,2025-01,923884
Broome,2025-01,56333
Cattaraugus,2025-01,21374
Cayuga,2025-01,19875
Chautauqua,2025-01,38776
Chemung,2025-01,29324
Chenango,2025-01,14185
Clinton,2025-01,19783
Columbia,2025-01,14470
Cortland,2025-01,12016
Delaware,2025-01,10259
Dutchess,2025-01,62564
Erie,2025-01,253386
Essex,2025-01,8068
Franklin,2025-01,14512
Fulton,2025-01,14672
Genesee,2025-01,12993
Greene,2025-01,12208
Hamilton,2025-01,696
Herkimer,2025-01,16448
Jefferson,2025-01,28979
Kings,2025-01,1290658
Lewis,2025-01,5194
Livingston,2025-01,11788
Madison,2025-01,15655
Monroe,2025-01,201160
Montgomery,2025-01,18511
Nassau,2025-01,307472
New York,2025-01,482046
Niagara,2025-01,53807
Oneida,2025-01,70655
Onondaga,2025-01,119290
Ontario,2025-01,22648
Orange,2025-01,126409
Orleans,2025-01,10942
Oswego,2025-01,33314
Otsego,2025-01,13200
Putnam,2025-01,17744
Queens,2025-01,1107020
Rensselaer,2025-01,35535
Richmond,2025-01,181076
Rockland,2025-01,150584
Saratoga,2025-01,36520
Schenectady,2025-01,47447
Schoharie,2025-01,7084
Schuyler,2025-01,3526
Seneca,2025-01,7673
St. Lawrence,2025-01,28443
Steuben,2025-01,26213
Suffolk,2025-01,366237
Sullivan,2025-01,28291
Tioga,2025-01,12011
Tompkins,2025-01,16492
Ulster,2025-01,48613
Warren,2025-01,15582
Washington,2025-01,16388
Wayne,2025-01,21471
Westchester,2025-01,239813
Wyoming,2025-01,8847
Yates,2025-01,4946
Albany,2025-02,70830
Allegany,2025-02,12513
Bronx,2025-02,921564
Broome,2025-02,56217
Cattaraugus,2025-02,21348
Cayuga,2025-02,19859
Chautauqua,2025-02,38680
Chemung,2025-02,29334
Chenango,2025-02,14116
Clinton,2025-02,19774
Columbia,2025-02,14388
Cortland,2025-02,11969
Delaware,2025-02,10252
Dutchess,2025-02,62331
Erie,2025-02,252595
Essex,2025-02,8056
Franklin,2025-02,14560
Fulton,2025-02,14630
Genesee,2025-02,12954
Greene,2025-02,12134
Hamilton,2025-02,700
Herkimer,2025-02,16397
Jefferson,2025-02,28871
Kings,2025-02,1286240
Lewis,2025-02,5167
Livingston,2025-02,11763
Madison,2025-02,15634
Monroe,2025-02,200280
Montgomery,2025-02,18435
Nassau,2025-02,306321
New York,2025-02,478678
Niagara,2025-02,53704
Oneida,2025-02,70447
Onondaga,2025-02,119073
Ontario,2025-02,22592
Orange,2025-02,126442
Orleans,2025-02,10965
Oswego,2025-02,33189
Otsego,2025-02,13145
Putnam,2025-02,17736
Queens,2025-02,1103529
Rensselaer,2025-02,35507
Richmond,2025-02,180747
Rockland,2025-02,150773
Saratoga,2025-02,36448
Schenectady,2025-02,47256
Schoharie,2025-02,7060
Schuyler,2025-02,3503
Seneca,2025-02,7654
St. Lawrence,2025-02,28368
Steuben,2025-02,26165
Suffolk,2025-02,365069
Sullivan,2025-02,28128
Tioga,2025-02,12010
Tompkins,2025-02,16415
Ulster,2025-02,48483
Warren,2025-02,15559
Washington,2025-02,16302
Wayne,2025-02,21386
Westchester,2025-02,238950
Wyoming,2025-02,8808
Yates,2025-02,4967
Albany,2025-03,70768
Allegany,2025-03,12579
Bronx,2025-03,922116
Broome,2025-03,56233
Cattaraugus,2025-03,21461
Cayuga,2025-03,19872
Chautauqua,2025-03,38830
Chemung,2025-03,29415
Chenango,2025-03,14160
Clinton,2025-03,19972
Columbia,2025-03,14317
Cortland,2025-03,12001
Delaware,2025-03,10265
Dutchess,2025-03,62327
Erie,2025-03,253089
Essex,2025-03,8065
Franklin,2025-03,14793
Fulton,2025-03,14589
Genesee,2025-03,12969
Greene,2025-03,12158
Hamilton,2025-03,708
Herkimer,2025-03,16364
Jefferson,2025-03,28919
Kings,2025-03,1285395
Lewis,2025-03,5167
Livingston,2025-03,11768
Madison,2025-03,15691
Monroe,2025-03,199896
Montgomery,2025-03,18473
Nassau,2025-03,306383
New York,2025-03,476976
Niagara,2025-03,53618
Oneida,2025-03,70437
Onondaga,2025-03,119105
Ontario,2025-03,22564
Orange,2025-03,126731
Orleans,2025-03,11021
Oswego,2025-03,33156
Otsego,2025-03,13194
Putnam,2025-03,17761
Queens,2025-03,1104132
Rensselaer,2025-03,35704
Richmond,2025-03,180872
Rockland,2025-03,151415
Saratoga,2025-03,36541
Schenectady,2025-03,47205
Schoharie,2025-03,7099
Schuyler,2025-03,3523
Seneca,2025-03,7720
St. Lawrence,2025-03,28593
Steuben,2025-03,26230
Suffolk,2025-03,365162
Sullivan,2025-03,28139
Tioga,2025-03,12056
Tompkins,2025-03,16367
Ulster,2025-03,48506
Warren,2025-03,15597
Washington,2025-03,16341
Wayne,2025-03,21440
Westchester,2025-03,239011
Wyoming,2025-03,8866
Yates,2025-03,4942
Albany,2025-04,70669
Allegany,2025-04,12591
Bronx,2025-04,921330
Broome,2025-04,56198
Cattaraugus,2025-04,21506
Cayuga,2025-04,19883
Chautauqua,2025-04,38800
Chemung,2025-04,29323
Chenango,2025-04,14269
Clinton,2025-04,19919
Columbia,2025-04,14335
Cortland,2025-04,12000
Delaware,2025-04,10296
Dutchess,2025-04,62255
Erie,2025-04,253488
Essex,2025-04,8088
Franklin,2025-04,14776
Fulton,2025-04,14655
Genesee,2025-04,12984
Greene,2025-04,12178
Hamilton,2025-04,697
Herkimer,2025-04,16394
Jefferson,2025-04,28905
Kings,2025-04,1285265
Lewis,2025-04,5187
Livingston,2025-04,11756
Madison,2025-04,15735
Monroe,2025-04,199717
Montgomery,2025-04,18476
Nassau,2025-04,306345
New York,2025-04,475071
Niagara,2025-04,53665
Oneida,2025-04,70503
Onondaga,2025-04,118983
Ontario,2025-04,22581
Orange,2025-04,126922
Orleans,2025-04,11022
Oswego,2025-04,33115
Otsego,2025-04,13225
Putnam,2025-04,17874
Queens,2025-04,1104555
Rensselaer,2025-04,35616
Richmond,2025-04,181278
Rockland,2025-04,151874
Saratoga,2025-04,36657
Schenectady,2025-04,47210
Schoharie,2025-04,7122
Schuyler,2025-04,3511
Seneca,2025-04,7770
St. Lawrence,2025-04,28650
Steuben,2025-04,26276
Suffolk,2025-04,365169
Sullivan,2025-04,28171
Tioga,2025-04,12141
Tompkins,2025-04,16306
Ulster,2025-04,48474
Warren,2025-04,15592
Washington,2025-04,16415
Wayne,2025-04,21442
Westchester,2025-04,238880
Wyoming,2025-04,8860
Yates,2025-04,4921
Albany,2025-05,70583
Allegany,2025-05,12575
Bronx,2025-05,920975
Broome,2025-05,56021
Cattaraugus,2025-05,21505
Cayuga,2025-05,19854
Chautauqua,2025-05,38806
Chemung,2025-05,29141
Chenango,2025-05,14244
Clinton,2025-05,19876
Columbia,2025-05,14310
Cortland,2025-05,11920
Delaware,2025-05,10345
Dutchess,2025-05,62092
Erie,2025-05,253489
Essex,2025-05,8039
Franklin,2025-05,14780
Fulton,2025-05,14748
Genesee,2025-05,12949
Greene,2025-05,12140
Hamilton,2025-05,700
Herkimer,2025-05,16437
Jefferson,2025-05,28753
Kings,2025-05,1283831
Lewis,2025-05,5194
Livingston,2025-05,11734
Madison,2025-05,15753
Monroe,2025-05,199299
Montgomery,2025-05,18445
Nassau,2025-05,306095
New York,2025-05,472673
Niagara,2025-05,53587
Oneida,2025-05,70516
Onondaga,2025-05,118779
Ontario,2025-05,22572
Orange,2025-05,127035
Orleans,2025-05,10980
Oswego,2025-05,33051
Otsego,2025-05,13117
Putnam,2025-05,17848
Queens,2025-05,1103924
Rensselaer,2025-05,35704
Richmond,2025-05,181467
Rockland,2025-05,152206
Saratoga,2025-05,36673
Schenectady,2025-05,47140
Schoharie,2025-05,7109
Schuyler,2025-05,3485
Seneca,2025-05,7753
St. Lawrence,2025-05,28614
Steuben,2025-05,26246
Suffolk,2025-05,364613
Sullivan,2025-05,28097
Tioga,2025-05,12076
Tompkins,2025-05,16294
Ulster,2025-05,48304
Warren,2025-05,15573
Washington,2025-05,16325
Wayne,2025-05,21423
Westchester,2025-05,238663
Wyoming,2025-05,8855
Yates,2025-05,4910
Albany,2025-06,70500
Allegany,2025-06,12517
Bronx,2025-06,917932
Broome,2025-06,56027
Cattaraugus,2025-06,21499
Cayuga,2025-06,19823
Chautauqua,2025-06,38800
Chemung,2025-06,29139
Chenango,2025-06,14262
Clinton,2025-06,19823
Columbia,2025-06,14266
Cortland,2025-06,11898
Delaware,2025-06,10332
Dutchess,2025-06,61843
Erie,2025-06,253248
Essex,2025-06,8026
Franklin,2025-06,14723
Fulton,2025-06,14736
Genesee,2025-06,12919
Greene,2025-06,12096
Hamilton,2025-06,704
Herkimer,2025-06,16454
Jefferson,2025-06,28689
Kings,2025-06,1279146
Lewis,2025-06,5205
Livingston,2025-06,11637
Madison,2025-06,15790
Monroe,2025-06,199266
Montgomery,2025-06,18469
Nassau,2025-06,305683
New York,2025-06,469398
Niagara,2025-06,53579
Oneida,2025-06,70538
Onondaga,2025-06,118780
Ontario,2025-06,22568
Orange,2025-06,127194
Orleans,2025-06,10995
Oswego,2025-06,33091
Otsego,2025-06,13142
Putnam,2025-06,17839
Queens,2025-06,1098899
Rensselaer,2025-06,35761
Richmond,2025-06,180994
Rockland,2025-06,152325
Saratoga,2025-06,36476
Schenectady,2025-06,47209
Schoharie,2025-06,7118
Schuyler,2025-06,3479
Seneca,2025-06,7792
St. Lawrence,2025-06,28571
Steuben,2025-06,26279
Suffolk,2025-06,364098
Sullivan,2025-06,28205
Tioga,2025-06,12060
Tompkins,2025-06,16306
Ulster,2025-06,48302
Warren,2025-06,15558
Washington,2025-06,16352
Wayne,2025-06,21399
Westchester,2025-06,238098
Wyoming,2025-06,8791
Yates,2025-06,4923
Albany,2025-07,70614
Allegany,2025-07,12630
Bronx,2025-07,916298
Broome,2025-07,56011
Cattaraugus,2025-07,21500
Cayuga,2025-07,19821
Chautauqua,2025-07,38859
Chemung,2025-07,29235
Chenango,2025-07,14270
Clinton,2025-07,19853
Columbia,2025-07,14225
Cortland,2025-07,11875
Delaware,2025-07,10275
Dutchess,2025-07,61803
Erie,2025-07,252642
Essex,2025-07,8083
Franklin,2025-07,14764
Fulton,2025-07,14781
Genesee,2025-07,12958
Greene,2025-07,12070
Hamilton,2025-07,702
Herkimer,2025-07,16503
Jefferson,2025-07,28722
Kings,2025-07,1276186
Lewis,2025-07,5219
Livingston,2025-07,11689
Madison,2025-07,15831
Monroe,2025-07,199502
Montgomery,2025-07,18515
Nassau,2025-07,305788
New York,2025-07,465977
Niagara,2025-07,53672
Oneida,2025-07,70591
Onondaga,2025-07,118927
Ontario,2025-07,22566
Orange,2025-07,127645
Orleans,2025-07,11074
Oswego,2025-07,33137
Otsego,2025-07,13186
Putnam,2025-07,17857
Queens,2025-07,1095532
Rensselaer,2025-07,35853
Richmond,2025-07,180865
Rockland,2025-07,152955
Saratoga,2025-07,36545
Schenectady,2025-07,47239
Schoharie,2025-07,7079
Schuyler,2025-07,3488
Seneca,2025-07,7810
St. Lawrence,2025-07,28583
Steuben,2025-07,26245
Suffolk,2025-07,364543
Sullivan,2025-07,28213
Tioga,2025-07,12057
Tompkins,2025-07,16322
Ulster,2025-07,48314
Warren,2025-07,15533
Washington,2025-07,16316
Wayne,2025-07,21412
Westchester,2025-07,238195
Wyoming,2025-07,8800
Yates,2025-07,4939
Albany,2025-08,70394
Allegany,2025-08,12679
Bronx,2025-08,911122
Broome,2025-08,55842
Cattaraugus,2025-08,21485
Cayuga,2025-08,19786
Chautauqua,2025-08,38836
Chemung,2025-08,29316
Chenango,2025-08,14276
Clinton,2025-08,19877
Columbia,2025-08,14229
Cortland,2025-08,11812
Delaware,2025-08,10251
Dutchess,2025-08,61303
Erie,2025-08,251614
Essex,2025-08,8051
Franklin,2025-08,14779
Fulton,2025-08,14802
Genesee,2025-08,12919
Greene,2025-08,12100
Hamilton,2025-08,700
Herkimer,2025-08,16375
Jefferson,2025-08,28737
Kings,2025-08,1268692
Lewis,2025-08,5206
Livingston,2025-08,11719
Madison,2025-08,15849
Monroe,2025-08,198566
Montgomery,2025-08,18444
Nassau,2025-08,303864
New York,2025-08,461180
Niagara,2025-08,53572
Oneida,2025-08,70425
Onondaga,2025-08,118701
Ontario,2025-08,22540
Orange,2025-08,127594
Orleans,2025-08,11086
Oswego,2025-08,33193
Otsego,2025-08,13154
Putnam,2025-08,17807
Queens,2025-08,1086276
Rensselaer,2025-08,35789
Richmond,2025-08,180084
Rockland,2025-08,153110
Saratoga,2025-08,36517
Schenectady,2025-08,47106
Schoharie,2025-08,7068
Schuyler,2025-08,3499
Seneca,2025-08,7847
St. Lawrence,2025-08,28570
Steuben,2025-08,26308
Suffolk,2025-08,363036
Sullivan,2025-08,28209
Tioga,2025-08,12015
Tompkins,2025-08,16291
Ulster,2025-08,48256
Warren,2025-08,15499
Washington,2025-08,16295
Wayne,2025-08,21402
Westchester,2025-08,237318
Wyoming,2025-08,8807
Yates,2025-08,4915
Albany,2025-09,70337
Allegany,2025-09,12647
Bronx,2025-09,907892
Broome,2025-09,54991
Cattaraugus,2025-09,21467
Cayuga,2025-09,19756
Chautauqua,2025-09,38730
Chemung,2025-09,29455
Chenango,2025-09,14189
Clinton,2025-09,19921
Columbia,2025-09,14189
Cortland,2025-09,11885
Delaware,2025-09,10270
Dutchess,2025-09,61154
Erie,2025-09,250780
Essex,2025-09,8072
Franklin,2025-09,14818
Fulton,2025-09,14786
Genesee,2025-09,12940
Greene,2025-09,12165
Hamilton,2025-09,715
Herkimer,2025-09,16421
Jefferson,2025-09,28815
Kings,2025-09,1263354
Lewis,2025-09,5189
Livingston,2025-09,11691
Madison,2025-09,15881
Monroe,2025-09,198320
Montgomery,2025-09,18537
Nassau,2025-09,302946
New York,2025-09,457527
Niagara,2025-09,53613
Oneida,2025-09,70422
Onondaga,2025-09,118558
Ontario,2025-09,22521
Orange,2025-09,127672
Orleans,2025-09,11091
Oswego,2025-09,33232
Otsego,2025-09,13141
Putnam,2025-09,17755
Queens,2025-09,1078307
Rensselaer,2025-09,35800
Richmond,2025-09,179562
Rockland,2025-09,153328
Saratoga,2025-09,36566
Schenectady,2025-09,47128
Schoharie,2025-09,7078
Schuyler,2025-09,3483
Seneca,2025-09,7859
St. Lawrence,2025-09,28593
Steuben,2025-09,26357
Suffolk,2025-09,362400
Sullivan,2025-09,28104
Tioga,2025-09,12055
Tompkins,2025-09,16283
Ulster,2025-09,48299
Warren,2025-09,15477
Washington,2025-09,16339
Wayne,2025-09,21462
Westchester,2025-09,236417
Wyoming,2025-09,8794
Yates,2025-09,4929
Albany,2025-10,70477
Allegany,2025-10,12634
Bronx,2025-10,904998
Broome,2025-10,55028
Cattaraugus,2025-10,21484
Cayuga,2025-10,19739
Chautauqua,2025-10,38858
Chemung,2025-10,29541
Chenango,2025-10,14241
Clinton,2025-10,19969
Columbia,2025-10,14203
Cortland,2025-10,11920
Delaware,2025-10,10267
Dutchess,2025-10,61029
Erie,2025-10,250522
Essex,2025-10,8103
Franklin,2025-10,14898
Fulton,2025-10,14901
Genesee,2025-10,12958
Greene,2025-10,12244
Hamilton,2025-10,720
Herkimer,2025-10,16446
Jefferson,2025-10,28841
Kings,2025-10,1258539
Lewis,2025-10,5169
Livingston,2025-10,11770
Madison,2025-10,15884
Monroe,2025-10,198653
Montgomery,2025-10,18559
Nassau,2025-10,302531
New York,2025-10,454234
Niagara,2025-10,53660
Oneida,2025-10,70369
Onondaga,2025-10,118565
Ontario,2025-10,22544
Orange,2025-10,127765
Orleans,2025-10,11159
Oswego,2025-10,33288
Otsego,2025-10,13158
Putnam,2025-10,17718
Queens,2025-10,1071071
Rensselaer,2025-10,35864
Richmond,2025-10,179169
Rockland,2025-10,153468
Saratoga,2025-10,36673
Schenectady,2025-10,47126
Schoharie,2025-10,7139
Schuyler,2025-10,3461
Seneca,2025-10,7829
St. Lawrence,2025-10,28666
Steuben,2025-10,26387
Suffolk,2025-10,361879
Sullivan,2025-10,28247
Tioga,2025-10,12069
Tompkins,2025-10,16246
Ulster,2025-10,48298
Warren,2025-10,15463
Washington,2025-10,16424
Wayne,2025-10,21406
Westchester,2025-10,235785
Wyoming,2025-10,8799
Yates,2025-10,4917
Albany,2025-11,70967
Allegany,2025-11,12707
Bronx,2025-11,912036
Broome,2025-11,55324
Cattaraugus,2025-11,21673
Cayuga,2025-11,19852
Chautauqua,2025-11,39068
Chemung,2025-11,29771
Chenango,2025-11,14279
Clinton,2025-11,20138
Columbia,2025-11,14310
Cortland,2025-11,12001
Delaware,2025-11,10345
Dutchess,2025-11,61492
Erie,2025-11,251769
Essex,2025-11,8126
Franklin,2025-11,14977
Fulton,2025-11,14995
Genesee,2025-11,13041
Greene,2025-11,12288
Hamilton,2025-11,717
Herkimer,2025-11,16590
Jefferson,2025-11,29055
Kings,2025-11,1268295
Lewis,2025-11,5170
Livingston,2025-11,11870
Madison,2025-11,15967
Monroe,2025-11,200367
Montgomery,2025-11,18639
Nassau,2025-11,305254
New York,2025-11,456646
Niagara,2025-11,54029
Oneida,2025-11,70783
Onondaga,2025-11,119147
Ontario,2025-11,22700
Orange,2025-11,128704
Orleans,2025-11,11197
Oswego,2025-11,33542
Otsego,2025-11,13258
Putnam,2025-11,17835
Queens,2025-11,1078616
Rensselaer,2025-11,36136
Richmond,2025-11,180865
Rockland,2025-11,154858
Saratoga,2025-11,36895
Schenectady,2025-11,47434
Schoharie,2025-11,7166
Schuyler,2025-11,3484
Seneca,2025-11,7888
St. Lawrence,2025-11,28829
Steuben,2025-11,26498
Suffolk,2025-11,365059
Sullivan,2025-11,28434
Tioga,2025-11,12129
Tompkins,2025-11,16394
Ulster,2025-11,48618
Warren,2025-11,15575
Washington,2025-11,16565
Wayne,2025-11,21490
Westchester,2025-11,237366
Wyoming,2025-11,8857
Yates,2025-11,4927
Albany,2025-12,70827
Allegany,2025-12,12732
Bronx,2025-12,904309
Broome,2025-12,55206
Cattaraugus,2025-12,21644
Cayuga,2025-12,19892
Chautauqua,2025-12,39195
Chemung,2025-12,29835
Chenango,2025-12,14309
Clinton,2025-12,20126
Columbia,2025-12,14314
Cortland,2025-12,12020
Delaware,2025-12,10451
Dutchess,2025-12,61718
Erie,2025-12,251950
Essex,2025-12,8144
Franklin,2025-12,14979
Fulton,2025-12,15029
Genesee,2025-12,12978
Greene,2025-12,12274
Hamilton,2025-12,711
Herkimer,2025-12,16649
Jefferson,2025-12,29116
Kings,2025-12,1261555
Lewis,2025-12,5241
Livingston,2025-12,11892
Madison,2025-12,15963
Monroe,2025-12,200617
Montgomery,2025-12,18696
Nassau,2025-12,304664
New York,2025-12,452532
Niagara,2025-12,54080
Oneida,2025-12,70877
Onondaga,2025-12,118935
Ontario,2025-12,22669
Orange,2025-12,129000
Orleans,2025-12,11282
Oswego,2025-12,33575
Otsego,2025-12,13297
Putnam,2025-12,17851
Queens,2025-12,1069990
Rensselaer,2025-12,36248
Richmond,2025-12,180446
Rockland,2025-12,155439
Saratoga,2025-12,37022
Schenectady,2025-12,47478
Schoharie,2025-12,7232
Schuyler,2025-12,3498
Seneca,2025-12,7907
St. Lawrence,2025-12,28822
Steuben,2025-12,26612
Suffolk,2025-12,364593
Sullivan,2025-12,28321
Tioga,2025-12,12180
Tompkins,2025-12,16448
Ulster,2025-12,48755
Warren,2025-12,15584
Washington,2025-12,16579
Wayne,2025-12,21423
Westchester,2025-12,236399
Wyoming,2025-12,8881
Yates,2025-12,4971
Albany,2026-01,70119
Allegany,2026-01,12706
Bronx,2026-01,891059
Broome,2026-01,54911
Cattaraugus,2026-01,21609
Cayuga,2026-01,19771
Chautauqua,2026-01,39055
Chemung,2026-01,29780
Chenango,2026-01,14210
Clinton,2026-01,20050
Columbia,2026-01,14198
Cortland,2026-01,11944
Delaware,2026-01,10445
Dutchess,2026-01,61103
Erie,2026-01,250388
Essex,2026-01,8108
Franklin,2026-01,14893
Fulton,2026-01,14930
Genesee,2026-01,12915
Greene,2026-01,12234
Hamilton,2026-01,700
Herkimer,2026-01,16588
Jefferson,2026-01,28881
Kings,2026-01,1247754
Lewis,2026-01,5209
Livingston,2026-01,11851
Madison,2026-01,15824
Monroe,2026-01,199451
Montgomery,2026-01,18725
Nassau,2026-01,300802
New York,2026-01,445290
Niagara,2026-01,53712
Oneida,2026-01,70409
Onondaga,2026-01,118177
Ontario,2026-01,22503
Orange,2026-01,128438
Orleans,2026-01,11197
Oswego,2026-01,33414
Otsego,2026-01,13224
Putnam,2026-01,17611
Queens,2026-01,1051183
Rensselaer,2026-01,36099
Richmond,2026-01,178617
Rockland,2026-01,155034
Saratoga,2026-01,36835
Schenectady,2026-01,47228
Schoharie,2026-01,7203
Schuyler,2026-01,3467
Seneca,2026-01,7832
St. Lawrence,2026-01,28709
Steuben,2026-01,26444
Suffolk,2026-01,360514
Sullivan,2026-01,28171
Tioga,2026-01,12098
Tompkins,2026-01,16381
Ulster,2026-01,48468
Warren,2026-01,15458
Washington,2026-01,16450
Wayne,2026-01,21279
Westchester,2026-01,233500
Wyoming,2026-01,8857
Yates,2026-01,4960
Albany,2026-02,69692
Allegany,2026-02,12667
Bronx,2026-02,881013
Broome,2026-02,54517
Cattaraugus,2026-02,21609
Cayuga,2026-02,19637
Chautauqua,2026-02,38971
Chemung,2026-02,29662
Chenango,2026-02,14172
Clinton,2026-02,19906
Columbia,2026-02,14129
Cortland,2026-02,11943
Delaware,2026-02,10416
Dutchess,2026-02,60880
Erie,2026-02,249353
Essex,2026-02,8082
Franklin,2026-02,14851
Fulton,2026-02,14921
Genesee,2026-02,12912
Greene,2026-02,12205
Hamilton,2026-02,695
Herkimer,2026-02,16554
Jefferson,2026-02,28743
Kings,2026-02,1237703
Lewis,2026-02,5211
Livingston,2026-02,11785
Madison,2026-02,15798
Monroe,2026-02,198126
Montgomery,2026-02,18679
Nassau,2026-02,298805
New York,2026-02,438954
Niagara,2026-02,53758
Oneida,2026-02,70265
Onondaga,2026-02,117668
Ontario,2026-02,22429
Orange,2026-02,128244
Orleans,2026-02,11142
Oswego,2026-02,33196
Otsego,2026-02,13191
Putnam,2026-02,17605
Queens,2026-02,1039193
Rensselaer,2026-02,35953
Richmond,2026-02,177480
Rockland,2026-02,155140
Saratoga,2026-02,36829
Schenectady,2026-02,47117
Schoharie,2026-02,7196
Schuyler,2026-02,3463
Seneca,2026-02,7806
St. Lawrence,2026-02,28660
Steuben,2026-02,26328
Suffolk,2026-02,358898
Sullivan,2026-02,28150
Tioga,2026-02,12044
Tompkins,2026-02,16307
Ulster,2026-02,48366
Warren,2026-02,15367
Washington,2026-02,16439
Wayne,2026-02,21244
Westchester,2026-02,231633
Wyoming,2026-02,8892
Yates,2026-02,4911
