county,month,year,unemp_rate,medicaid_enrollment,medicaid_per_1k,snap_persons,snap_benefits,snap_per_1k,crash_count,crashes_per_100k,mta_ridership,population
Albany,2018-01,2018,4.5,63394,206.77,34102.0,4188400.0,111.23,,,,306585
Albany,2018-02,2018,4.5,63319,206.53,33680.0,4109129.0,109.86,,,,306585
Albany,2018-03,2018,4.1,63610,207.48,33736.0,4101573.0,110.04,,,,306585
Albany,2018-04,2018,3.6,63595,207.43,33648.0,4074885.0,109.75,,,,306585
Albany,2018-05,2018,3.2,63542,207.26,33584.0,4092467.0,109.54,,,,306585
Albany,2018-06,2018,3.8,63590,207.41,33447.0,4084001.0,109.1,,,,306585
Albany,2018-07,2018,3.8,63461,206.99,33150.0,4077184.0,108.13,,,,306585
Albany,2018-08,2018,3.7,63450,206.96,32811.0,4111340.0,107.02,,,,306585
Albany,2018-09,2018,3.2,63205,206.16,32590.0,4094966.0,106.3,,,,306585
Albany,2018-10,2018,3.2,63188,206.1,32490.0,4144000.0,105.97,,,,306585
Albany,2018-11,2018,3.0,63301,206.47,32232.0,4105600.0,105.13,,,,306585
Albany,2018-12,2018,3.3,63368,206.69,32104.0,4106810.0,104.71,,,,306585
Albany,2019-01,2019,3.9,63479,207.78,32075.0,4072301.0,104.99,,,,305506
Albany,2019-02,2019,3.8,63364,207.41,31648.0,3996650.0,103.59,,,,305506
Albany,2019-03,2019,3.6,63354,207.37,31990.0,4001551.0,104.71,,,,305506
Albany,2019-04,2019,3.1,63301,207.2,31843.0,3988864.0,104.23,,,,305506
Albany,2019-05,2019,3.1,63546,208.0,31820.0,3984954.0,104.16,,,,305506
Albany,2019-06,2019,3.4,63562,208.05,31797.0,3985900.0,104.08,,,,305506
Albany,2019-07,2019,3.8,63601,208.18,31957.0,4025929.0,104.6,,,,305506
Albany,2019-08,2019,3.8,63718,208.57,31915.0,4025284.0,104.47,,,,305506
Albany,2019-09,2019,3.3,63605,208.2,31806.0,4007529.0,104.11,,,,305506
Albany,2019-10,2019,3.4,63670,208.41,31762.0,4059097.0,103.97,,,,305506
Albany,2019-11,2019,3.3,63406,207.54,31770.0,4042487.0,103.99,,,,305506
Albany,2019-12,2019,3.5,63352,207.37,31658.0,4031722.0,103.62,,,,305506
Albany,2020-01,2020,3.8,63442,201.86,31630.0,4000453.0,100.64,,,,314293
Albany,2020-02,2020,3.8,63396,201.71,31290.0,3947807.0,99.56,,,,314293
Albany,2020-03,2020,4.4,63420,201.79,31697.0,4000134.0,100.85,,,,314293
Albany,2020-04,2020,13.5,64735,205.97,33675.0,7436275.0,107.15,,,,314293
Albany,2020-05,2020,10.9,65719,209.1,34859.0,6131723.0,110.91,,,,314293
Albany,2020-06,2020,9.2,66424,211.34,35151.0,5874893.0,111.84,,,,314293
Albany,2020-07,2020,8.7,67292,214.11,34686.0,6353303.0,110.36,,,,314293
Albany,2020-08,2020,6.9,68112,216.71,33989.0,5969850.0,108.14,,,,314293
Albany,2020-09,2020,6.2,68954,219.39,34609.0,5727390.0,110.12,,,,314293
Albany,2020-10,2020,5.1,69820,222.15,35315.0,7071282.0,112.36,,,,314293
Albany,2020-11,2020,4.9,70444,224.13,34850.0,6508082.0,110.88,,,,314293
Albany,2020-12,2020,5.3,71426,227.26,34589.0,6435329.0,110.05,,,,314293
Albany,2021-01,2021,5.8,72236,228.45,33909.0,7187785.0,107.24,655.0,207.15,,316195
Albany,2021-02,2021,6.0,72531,229.39,34198.0,7459356.0,108.15,647.0,204.62,,316195
Albany,2021-03,2021,5.6,73183,231.45,34205.0,7369808.0,108.18,575.0,181.85,,316195
Albany,2021-04,2021,4.8,73768,233.3,33837.0,8167920.0,107.01,591.0,186.91,,316195
Albany,2021-05,2021,4.4,74115,234.4,33857.0,8184309.0,107.08,640.0,202.41,,316195
Albany,2021-06,2021,4.8,74529,235.71,33982.0,8120901.0,107.47,773.0,244.47,,316195
Albany,2021-07,2021,4.7,75024,237.27,34130.0,8188782.0,107.94,724.0,228.97,,316195
Albany,2021-08,2021,4.4,75360,238.33,34145.0,8253923.0,107.99,761.0,240.67,,316195
Albany,2021-09,2021,3.6,76005,240.37,34341.0,8254720.0,108.61,716.0,226.44,,316195
Albany,2021-10,2021,3.3,76577,242.18,34053.0,8794453.0,107.7,917.0,290.01,,316195
Albany,2021-11,2021,3.0,76916,243.25,34188.0,8836820.0,108.12,920.0,290.96,,316195
Albany,2021-12,2021,2.7,77699,245.73,34324.0,8954731.0,108.55,913.0,288.75,,316195
Albany,2022-01,2022,3.5,78208,247.68,34202.0,8861944.0,108.32,831.0,263.17,,315764
Albany,2022-02,2022,3.6,78743,249.37,34309.0,8900409.0,108.65,887.0,280.91,,315764
Albany,2022-03,2022,3.3,79333,251.24,34608.0,8946362.0,109.6,748.0,236.89,,315764
Albany,2022-04,2022,2.8,79478,251.7,34173.0,8899369.0,108.22,662.0,209.65,,315764
Albany,2022-05,2022,2.8,79889,253.0,34256.0,8851407.0,108.49,742.0,234.99,,315764
Albany,2022-06,2022,3.2,80250,254.15,34503.0,8903354.0,109.27,726.0,229.92,,315764
Albany,2022-07,2022,3.4,80804,255.9,34494.0,8878273.0,109.24,783.0,247.97,,315764
Albany,2022-08,2022,3.4,81196,257.14,34461.0,8866807.0,109.14,808.0,255.89,,315764
Albany,2022-09,2022,2.8,81827,259.14,34362.0,8941350.0,108.82,806.0,255.25,,315764
Albany,2022-10,2022,2.7,82156,260.18,34241.0,9938479.0,108.44,827.0,261.9,,315764
Albany,2022-11,2022,2.8,82403,260.96,33981.0,9918559.0,107.62,948.0,300.22,,315764
Albany,2022-12,2022,2.7,83017,262.91,33903.0,9913735.0,107.37,932.0,295.16,,315764
Albany,2023-01,2023,3.4,83480,262.85,33442.0,9677027.0,105.3,747.0,235.21,,317590
Albany,2023-02,2023,3.4,83807,263.88,33515.0,9735789.0,105.53,726.0,228.6,,317590
Albany,2023-03,2023,3.0,84355,265.61,33496.0,6741302.0,105.47,762.0,239.93,,317590
Albany,2023-04,2023,2.5,84502,266.07,34450.0,6797005.0,108.47,659.0,207.5,,317590
Albany,2023-05,2023,2.8,84774,266.93,34340.0,6708794.0,108.13,768.0,241.82,,317590
Albany,2023-06,2023,3.1,85420,268.96,33933.0,6608589.0,106.85,725.0,228.28,,317590
Albany,2023-07,2023,3.3,84514,266.11,33593.0,6542382.0,105.77,766.0,241.19,,317590
Albany,2023-08,2023,3.5,83233,262.08,33306.0,6514614.0,104.87,774.0,243.71,,317590
Albany,2023-09,2023,3.2,82094,258.49,32665.0,6386216.0,102.85,785.0,247.17,,317590
Albany,2023-10,2023,3.3,80939,254.85,32576.0,6704141.0,102.57,865.0,272.36,,317590
Albany,2023-11,2023,3.1,79721,251.02,32321.0,6575954.0,101.77,846.0,266.38,,317590
Albany,2023-12,2023,3.4,78067,245.81,32358.0,6672366.0,101.89,885.0,278.66,,317590
Albany,2024-01,2024,3.6,76983,240.8,32123.0,6537165.0,100.48,938.0,293.4,,319702
Albany,2024-02,2024,3.8,76177,238.28,31787.0,6423569.0,99.43,647.0,202.38,,319702
Albany,2024-03,2024,3.5,75549,236.31,31870.0,6482089.0,99.69,771.0,241.16,,319702
Albany,2024-04,2024,3.1,74111,231.81,32299.0,6592253.0,101.03,701.0,219.27,,319702
Albany,2024-05,2024,3.2,72875,227.95,32501.0,6563593.0,101.66,775.0,242.41,,319702
Albany,2024-06,2024,3.4,71797,224.57,32549.0,6544379.0,101.81,755.0,236.16,,319702
Albany,2024-07,2024,3.7,71580,223.9,32429.0,6484886.0,101.44,702.0,219.58,,319702
Albany,2024-08,2024,3.7,71796,224.57,32221.0,6508933.0,100.78,740.0,231.47,,319702
Albany,2024-09,2024,3.0,71561,223.84,31943.0,6403331.0,99.91,780.0,243.98,,319702
Albany,2024-10,2024,3.0,71663,224.16,32633.0,6790037.0,102.07,863.0,269.94,,319702
Albany,2024-11,2024,3.0,71550,223.8,32334.0,6588828.0,101.14,831.0,259.93,,319702
Albany,2024-12,2024,3.1,71447,223.48,32495.0,6581142.0,101.64,1060.0,331.56,,319702
Albany,2025-01,2025,3.6,71254,221.82,32544.0,6508755.0,101.31,,,,321225
Albany,2025-02,2025,3.8,70830,220.5,32528.0,6468325.0,101.26,,,,321225
Albany,2025-03,2025,3.4,70768,220.31,32365.0,6435489.0,100.75,,,,321225
Albany,2025-04,2025,2.7,70669,220.0,32402.0,6433932.0,100.87,,,,321225
Albany,2025-05,2025,2.7,70583,219.73,32298.0,6421588.0,100.55,,,,321225
Albany,2025-06,2025,3.0,70500,219.47,31863.0,6328545.0,99.19,,,,321225
Albany,2025-07,2025,3.5,70614,219.83,31662.0,6320865.0,98.57,,,,321225
Albany,2025-08,2025,3.8,70394,219.14,31539.0,6268155.0,98.18,,,,321225
Albany,2025-09,2025,3.8,70337,218.96,31290.0,6196860.0,97.41,,,,321225
Albany,2025-10,2025,,70477,219.4,31064.0,6363973.0,96.7,,,,321225
Albany,2025-11,2025,3.4,70967,220.93,30175.0,6180587.0,93.94,,,,321225
Albany,2025-12,2025,3.3,70827,220.49,29962.0,6133958.0,93.27,,,,321225
Allegany,2018-01,2018,7.7,12378,267.16,5639.0,620281.0,121.71,,,,46332
Allegany,2018-02,2018,7.4,12390,267.42,5573.0,610114.0,120.28,,,,46332
Allegany,2018-03,2018,6.7,12383,267.27,5620.0,635024.0,121.3,,,,46332
Allegany,2018-04,2018,5.6,12374,267.07,5486.0,612445.0,118.41,,,,46332
Allegany,2018-05,2018,4.6,12386,267.33,5438.0,613162.0,117.37,,,,46332
Allegany,2018-06,2018,5.3,12310,265.69,5456.0,618017.0,117.76,,,,46332
Allegany,2018-07,2018,5.2,12268,264.78,5350.0,604543.0,115.47,,,,46332
Allegany,2018-08,2018,4.8,12333,266.19,5324.0,600731.0,114.91,,,,46332
Allegany,2018-09,2018,4.1,12359,266.75,5310.0,597471.0,114.61,,,,46332
Allegany,2018-10,2018,4.1,12342,266.38,5397.0,614630.0,116.49,,,,46332
Allegany,2018-11,2018,4.1,12368,266.94,5370.0,607973.0,115.9,,,,46332
Allegany,2018-12,2018,5.0,12341,266.36,5533.0,624602.0,119.42,,,,46332
Allegany,2019-01,2019,6.5,12358,268.12,5512.0,619653.0,119.59,,,,46091
Allegany,2019-02,2019,6.2,12389,268.79,5498.0,614925.0,119.29,,,,46091
Allegany,2019-03,2019,5.9,12447,270.05,5471.0,617514.0,118.7,,,,46091
Allegany,2019-04,2019,4.7,12421,269.49,5335.0,604462.0,115.75,,,,46091
Allegany,2019-05,2019,4.4,12380,268.6,5296.0,603417.0,114.9,,,,46091
Allegany,2019-06,2019,4.6,12431,269.71,5185.0,588571.0,112.49,,,,46091
Allegany,2019-07,2019,5.2,12431,269.71,5141.0,585077.0,111.54,,,,46091
Allegany,2019-08,2019,5.1,12407,269.18,5027.0,575506.0,109.07,,,,46091
Allegany,2019-09,2019,4.2,12386,268.73,5024.0,577162.0,109.0,,,,46091
Allegany,2019-10,2019,4.3,12414,269.34,5016.0,584564.0,108.83,,,,46091
Allegany,2019-11,2019,4.9,12412,269.29,4954.0,569374.0,107.48,,,,46091
Allegany,2019-12,2019,5.6,12375,268.49,4998.0,575818.0,108.44,,,,46091
Allegany,2020-01,2020,6.6,12405,267.44,5016.0,565692.0,108.14,,,,46385
Allegany,2020-02,2020,6.3,12325,265.71,5025.0,572276.0,108.33,,,,46385
Allegany,2020-03,2020,7.2,12301,265.19,4953.0,566814.0,106.78,,,,46385
Allegany,2020-04,2020,14.5,12449,268.38,5090.0,1216075.0,109.73,,,,46385
Allegany,2020-05,2020,11.3,12545,270.45,5045.0,899006.0,108.76,,,,46385
Allegany,2020-06,2020,9.2,12632,272.33,4852.0,788754.0,104.6,,,,46385
Allegany,2020-07,2020,9.1,12734,274.53,4682.0,905553.0,100.94,,,,46385
Allegany,2020-08,2020,6.8,12884,277.76,4507.0,804807.0,97.17,,,,46385
Allegany,2020-09,2020,5.6,13007,280.41,4628.0,756119.0,99.77,,,,46385
Allegany,2020-10,2020,4.8,13122,282.89,4695.0,963042.0,101.22,,,,46385
Allegany,2020-11,2020,4.9,13231,285.24,4692.0,904379.0,101.15,,,,46385
Allegany,2020-12,2020,6.0,13307,286.88,4885.0,934347.0,105.31,,,,46385
Allegany,2021-01,2021,6.9,13422,287.08,4947.0,1060614.0,105.81,64.0,136.89,,46753
Allegany,2021-02,2021,6.7,13498,288.71,5068.0,1102425.0,108.4,94.0,201.06,,46753
Allegany,2021-03,2021,5.9,13573,290.31,5126.0,1107223.0,109.64,84.0,179.67,,46753
Allegany,2021-04,2021,5.0,13620,291.32,5084.0,1218240.0,108.74,59.0,126.2,,46753
Allegany,2021-05,2021,4.5,13667,292.32,5018.0,1191429.0,107.33,91.0,194.64,,46753
Allegany,2021-06,2021,5.2,13732,293.71,4932.0,1169505.0,105.49,86.0,183.95,,46753
Allegany,2021-07,2021,5.5,13798,295.13,4943.0,1185212.0,105.73,93.0,198.92,,46753
Allegany,2021-08,2021,5.1,13904,297.39,4867.0,1170816.0,104.1,67.0,143.31,,46753
Allegany,2021-09,2021,3.8,13960,298.59,4985.0,1190953.0,106.62,90.0,192.5,,46753
Allegany,2021-10,2021,3.6,14089,301.35,5183.0,1335018.0,110.86,97.0,207.47,,46753
Allegany,2021-11,2021,3.8,14167,303.02,5355.0,1363006.0,114.54,181.0,387.14,,46753
Allegany,2021-12,2021,3.6,14268,305.18,5493.0,1410477.0,117.49,89.0,190.36,,46753
Allegany,2022-01,2022,5.0,14317,306.93,5532.0,1400531.0,118.6,109.0,233.67,,46646
Allegany,2022-02,2022,5.1,14411,308.94,5645.0,1442224.0,121.02,94.0,201.52,,46646
Allegany,2022-03,2022,4.5,14490,310.64,5765.0,1457114.0,123.59,105.0,225.1,,46646
Allegany,2022-04,2022,3.7,14467,310.14,5707.0,1451452.0,122.35,62.0,132.92,,46646
Allegany,2022-05,2022,3.4,14508,311.02,5691.0,1421220.0,122.0,61.0,130.77,,46646
Allegany,2022-06,2022,4.0,14559,312.12,5624.0,1409033.0,120.57,92.0,197.23,,46646
Allegany,2022-07,2022,4.4,14608,313.17,5577.0,1397152.0,119.56,70.0,150.07,,46646
Allegany,2022-08,2022,4.4,14697,315.08,5601.0,1410297.0,120.07,76.0,162.93,,46646
Allegany,2022-09,2022,3.3,14806,317.41,5607.0,1422226.0,120.2,72.0,154.35,,46646
Allegany,2022-10,2022,3.2,14866,318.7,5605.0,1608955.0,120.16,106.0,227.24,,46646
Allegany,2022-11,2022,3.5,14948,320.46,5632.0,1624065.0,120.74,177.0,379.45,,46646
Allegany,2022-12,2022,4.1,15013,321.85,5894.0,1715668.0,126.36,128.0,274.41,,46646
Allegany,2023-01,2023,5.3,15117,323.75,5856.0,1646411.0,125.41,111.0,237.72,,46694
Allegany,2023-02,2023,4.9,15221,325.97,5890.0,1682119.0,126.14,100.0,214.16,,46694
Allegany,2023-03,2023,4.2,15279,327.22,5886.0,1051181.0,126.05,105.0,224.87,,46694
Allegany,2023-04,2023,3.4,15319,328.07,5783.0,1011349.0,123.85,79.0,169.19,,46694
Allegany,2023-05,2023,3.7,15367,329.1,5700.0,977349.0,122.07,86.0,184.18,,46694
Allegany,2023-06,2023,4.1,15442,330.71,5575.0,957390.0,119.39,102.0,218.44,,46694
Allegany,2023-07,2023,4.3,15251,326.62,5527.0,953476.0,118.37,71.0,152.05,,46694
Allegany,2023-08,2023,4.6,15053,322.38,5474.0,960190.0,117.23,57.0,122.07,,46694
Allegany,2023-09,2023,3.6,14852,318.07,5464.0,947692.0,117.02,71.0,152.05,,46694
Allegany,2023-10,2023,3.8,14632,313.36,5481.0,990595.0,117.38,87.0,186.32,,46694
Allegany,2023-11,2023,3.8,14452,309.5,5520.0,983072.0,118.22,128.0,274.13,,46694
Allegany,2023-12,2023,4.7,14248,305.14,5581.0,1000839.0,119.52,64.0,137.06,,46694
Allegany,2024-01,2024,5.7,14019,299.41,5563.0,979384.0,118.81,113.0,241.34,,46822
Allegany,2024-02,2024,5.5,13808,294.9,5515.0,966717.0,117.79,67.0,143.1,,46822
Allegany,2024-03,2024,4.8,13646,291.44,5530.0,963225.0,118.11,59.0,126.01,,46822
Allegany,2024-04,2024,3.9,13423,286.68,5405.0,935550.0,115.44,48.0,102.52,,46822
Allegany,2024-05,2024,3.9,13207,282.07,5379.0,928922.0,114.88,78.0,166.59,,46822
Allegany,2024-06,2024,4.4,12945,276.47,5308.0,913389.0,113.37,80.0,170.86,,46822
Allegany,2024-07,2024,4.6,12851,274.46,5281.0,905242.0,112.79,75.0,160.18,,46822
Allegany,2024-08,2024,4.6,12731,271.9,5247.0,906903.0,112.06,77.0,164.45,,46822
Allegany,2024-09,2024,3.3,12715,271.56,5152.0,895814.0,110.03,72.0,153.77,,46822
Allegany,2024-10,2024,3.3,12693,271.09,5229.0,936322.0,111.68,124.0,264.83,,46822
Allegany,2024-11,2024,3.8,12619,269.51,5300.0,942094.0,113.19,144.0,307.55,,46822
Allegany,2024-12,2024,4.3,12640,269.96,5322.0,943746.0,113.66,121.0,258.43,,46822
Allegany,2025-01,2025,5.5,12573,268.65,5319.0,918135.0,113.65,,,,46800
Allegany,2025-02,2025,5.3,12513,267.37,5335.0,921755.0,114.0,,,,46800
Allegany,2025-03,2025,4.7,12579,268.78,5361.0,926396.0,114.55,,,,46800
Allegany,2025-04,2025,3.5,12591,269.04,5325.0,918634.0,113.78,,,,46800
Allegany,2025-05,2025,3.3,12575,268.7,5321.0,920766.0,113.7,,,,46800
Allegany,2025-06,2025,4.0,12517,267.46,5238.0,904587.0,111.92,,,,46800
Allegany,2025-07,2025,4.6,12630,269.87,5175.0,900150.0,110.58,,,,46800
Allegany,2025-08,2025,4.7,12679,270.92,5089.0,894989.0,108.74,,,,46800
Allegany,2025-09,2025,4.3,12647,270.24,5071.0,889887.0,108.35,,,,46800
Allegany,2025-10,2025,,12634,269.96,5132.0,934310.0,109.66,,,,46800
Allegany,2025-11,2025,4.3,12707,271.52,4998.0,900121.0,106.79,,,,46800
Allegany,2025-12,2025,4.9,12732,272.05,4949.0,886861.0,105.75,,,,46800
Bronx,2018-01,2018,6.4,817200,570.64,,,,,,,1432087
Bronx,2018-02,2018,6.2,816942,570.46,,,,,,,1432087
Bronx,2018-03,2018,5.9,818451,571.51,,,,,,,1432087
Bronx,2018-04,2018,5.4,817857,571.09,,,,,,,1432087
Bronx,2018-05,2018,5.0,818244,571.36,,,,,,,1432087
Bronx,2018-06,2018,5.8,818166,571.31,,,,,,,1432087
Bronx,2018-07,2018,6.2,818496,571.54,,,,,,,1432087
Bronx,2018-08,2018,6.1,819305,572.11,,,,,,,1432087
Bronx,2018-09,2018,5.4,818826,571.77,,,,,,,1432087
Bronx,2018-10,2018,5.4,820364,572.85,,,,,,,1432087
Bronx,2018-11,2018,5.3,819243,572.06,,,,,,,1432087
Bronx,2018-12,2018,5.6,817818,571.07,,,,,,,1432087
Bronx,2019-01,2019,6.5,819196,577.63,,,,,,,1418207
Bronx,2019-02,2019,6.0,817055,576.12,,,,,,,1418207
Bronx,2019-03,2019,5.6,818221,576.94,,,,,,,1418207
Bronx,2019-04,2019,5.0,817776,576.63,,,,,,,1418207
Bronx,2019-05,2019,5.2,817033,576.1,,,,,,,1418207
Bronx,2019-06,2019,5.3,814855,574.57,,,,,,,1418207
Bronx,2019-07,2019,5.9,814160,574.08,,,,,,,1418207
Bronx,2019-08,2019,5.8,813440,573.57,,,,,,,1418207
Bronx,2019-09,2019,5.0,812144,572.66,,,,,,,1418207
Bronx,2019-10,2019,5.3,810335,571.38,,,,,,,1418207
Bronx,2019-11,2019,5.0,805816,568.19,,,,,,,1418207
Bronx,2019-12,2019,4.7,801541,565.18,,,,,,,1418207
Bronx,2020-01,2020,5.7,801988,548.84,,,,,,,1461233
Bronx,2020-02,2020,5.8,800866,548.08,,,,,,,1461233
Bronx,2020-03,2020,7.3,801268,548.35,,,,,,,1461233
Bronx,2020-04,2020,14.9,814301,557.27,,,,,,,1461233
Bronx,2020-05,2020,26.5,827416,566.25,,,,,,,1461233
Bronx,2020-06,2020,21.7,839754,574.69,,,,,,,1461233
Bronx,2020-07,2020,22.4,851645,582.83,,,,,,,1461233
Bronx,2020-08,2020,20.1,860374,588.8,,,,,,,1461233
Bronx,2020-09,2020,19.8,869587,595.1,,,,,,,1461233
Bronx,2020-10,2020,17.8,878440,601.16,,,,,,,1461233
Bronx,2020-11,2020,17.0,886135,606.43,,,,,,,1461233
Bronx,2020-12,2020,16.5,896938,613.82,,,,,,,1461233
Bronx,2021-01,2021,17.4,904018,636.19,,,,1183.0,83.25,,1420980
Bronx,2021-02,2021,16.7,906202,637.73,,,,995.0,70.02,,1420980
Bronx,2021-03,2021,15.7,913317,642.74,,,,1336.0,94.02,,1420980
Bronx,2021-04,2021,15.5,918204,646.18,,,,1440.0,101.34,,1420980
Bronx,2021-05,2021,14.2,922357,649.1,,,,1646.0,115.84,,1420980
Bronx,2021-06,2021,14.9,927812,652.94,,,,1674.0,117.81,,1420980
Bronx,2021-07,2021,14.5,933225,656.75,,,,1595.0,112.25,,1420980
Bronx,2021-08,2021,13.9,936147,658.8,,,,1568.0,110.35,,1420980
Bronx,2021-09,2021,12.1,942313,663.14,,,,1471.0,103.52,,1420980
Bronx,2021-10,2021,11.5,948440,667.45,,,,1612.0,113.44,,1420980
Bronx,2021-11,2021,10.7,950225,668.71,,,,1443.0,101.55,,1420980
Bronx,2021-12,2021,10.6,956311,672.99,,,,1384.0,97.4,,1420980
Bronx,2022-01,2022,11.0,961319,694.57,,,,1364.0,98.55,,1384053
Bronx,2022-02,2022,10.1,964296,696.72,,,,1162.0,83.96,,1384053
Bronx,2022-03,2022,8.9,969115,700.2,,,,1350.0,97.54,,1384053
Bronx,2022-04,2022,8.3,970872,701.47,,,,1365.0,98.62,,1384053
Bronx,2022-05,2022,7.5,973374,703.28,,,,1500.0,108.38,,1384053
Bronx,2022-06,2022,7.6,978899,707.27,,,,1512.0,109.24,,1384053
Bronx,2022-07,2022,7.6,984146,711.06,,,,1471.0,106.28,,1384053
Bronx,2022-08,2022,7.3,987783,713.69,,,,1447.0,104.55,,1384053
Bronx,2022-09,2022,6.2,994875,718.81,,,,1419.0,102.52,,1384053
Bronx,2022-10,2022,6.9,999702,722.3,,,,1505.0,108.74,,1384053
Bronx,2022-11,2022,6.9,1003449,725.01,,,,1344.0,97.11,,1384053
Bronx,2022-12,2022,6.9,1009127,729.11,,,,1379.0,99.63,,1384053
Bronx,2023-01,2023,7.5,1014248,734.71,,,,1178.0,85.33,,1380478
Bronx,2023-02,2023,7.5,1017174,736.83,,,,1073.0,77.73,,1380478
Bronx,2023-03,2023,6.9,1023625,741.5,,,,1337.0,96.85,,1380478
Bronx,2023-04,2023,6.4,1027715,744.46,,,,1307.0,94.68,,1380478
Bronx,2023-05,2023,6.5,1030813,746.71,,,,1475.0,106.85,,1380478
Bronx,2023-06,2023,6.8,1036848,751.08,,,,1240.0,89.82,,1380478
Bronx,2023-07,2023,6.8,1027096,744.01,,,,1401.0,101.49,,1380478
Bronx,2023-08,2023,7.0,1017453,737.03,,,,1305.0,94.53,,1380478
Bronx,2023-09,2023,6.2,1007792,730.03,,,,1346.0,97.5,,1380478
Bronx,2023-10,2023,6.6,1000280,724.59,,,,1387.0,100.47,,1380478
Bronx,2023-11,2023,6.0,994417,720.34,,,,1348.0,97.65,,1380478
Bronx,2023-12,2023,6.1,987371,715.24,,,,1229.0,89.03,,1380478
Bronx,2024-01,2024,6.4,981892,698.33,,,,1159.0,82.43,,1406052
Bronx,2024-02,2024,6.6,975694,693.92,,,,1109.0,78.87,,1406052
Bronx,2024-03,2024,6.3,971959,691.27,,,,1275.0,90.68,,1406052
Bronx,2024-04,2024,6.1,960166,682.88,,,,1210.0,86.06,,1406052
Bronx,2024-05,2024,6.4,949314,675.16,,,,1370.0,97.44,,1406052
Bronx,2024-06,2024,7.1,938577,667.53,,,,1304.0,92.74,,1406052
Bronx,2024-07,2024,8.0,936343,665.94,,,,1266.0,90.04,,1406052
Bronx,2024-08,2024,8.1,935767,665.53,,,,1295.0,92.1,,1406052
Bronx,2024-09,2024,6.9,934744,664.8,,,,1215.0,86.41,,1406052
Bronx,2024-10,2024,7.2,934205,664.42,,,,1187.0,84.42,,1406052
Bronx,2024-11,2024,7.3,930501,661.78,,,,1181.0,83.99,,1406052
Bronx,2024-12,2024,7.0,927866,659.91,,,,1162.0,82.64,,1406052
Bronx,2025-01,2025,7.1,923884,656.95,,,,,,,1406332
Bronx,2025-02,2025,5.8,921564,655.3,,,,,,,1406332
Bronx,2025-03,2025,5.9,922116,655.69,,,,,,,1406332
Bronx,2025-04,2025,6.1,921330,655.13,,,,,,,1406332
Bronx,2025-05,2025,5.8,920975,654.88,,,,,,,1406332
Bronx,2025-06,2025,6.4,917932,652.71,,,,,,,1406332
Bronx,2025-07,2025,7.6,916298,651.55,,,,,,,1406332
Bronx,2025-08,2025,7.8,911122,647.87,,,,,,,1406332
Bronx,2025-09,2025,7.9,907892,645.57,,,,,,,1406332
Bronx,2025-10,2025,,904998,643.52,,,,,,,1406332
Bronx,2025-11,2025,7.5,912036,648.52,,,,,,,1406332
Bronx,2025-12,2025,7.4,904309,643.03,,,,,,,1406332
Broome,2018-01,2018,6.2,53759,280.1,30074.0,3770926.0,156.7,,,,191925
Broome,2018-02,2018,6.3,53803,280.33,29797.0,3723393.0,155.25,,,,191925
Broome,2018-03,2018,5.6,53711,279.85,29787.0,3733336.0,155.2,,,,191925
Broome,2018-04,2018,4.8,53653,279.55,29358.0,3662854.0,152.97,,,,191925
Broome,2018-05,2018,4.1,53561,279.07,29103.0,3653461.0,151.64,,,,191925
Broome,2018-06,2018,4.6,53415,278.31,28918.0,3644119.0,150.67,,,,191925
Broome,2018-07,2018,4.7,53140,276.88,28666.0,3621303.0,149.36,,,,191925
Broome,2018-08,2018,4.5,53036,276.34,28639.0,3650581.0,149.22,,,,191925
Broome,2018-09,2018,3.8,52895,275.6,28611.0,3627869.0,149.07,,,,191925
Broome,2018-10,2018,3.8,52798,275.1,28546.0,3642934.0,148.74,,,,191925
Broome,2018-11,2018,3.7,52556,273.84,28220.0,3580693.0,147.04,,,,191925
Broome,2018-12,2018,4.4,52419,273.12,28307.0,3592300.0,147.49,,,,191925
Broome,2019-01,2019,5.3,52646,276.37,28385.0,3566255.0,149.01,,,,190488
Broome,2019-02,2019,5.1,52462,275.41,27947.0,3517025.0,146.71,,,,190488
Broome,2019-03,2019,4.8,52394,275.05,28047.0,3522755.0,147.24,,,,190488
Broome,2019-04,2019,4.0,52313,274.63,27766.0,3500428.0,145.76,,,,190488
Broome,2019-05,2019,3.7,52226,274.17,27531.0,3492960.0,144.53,,,,190488
Broome,2019-06,2019,4.1,52162,273.83,27412.0,3479310.0,143.9,,,,190488
Broome,2019-07,2019,4.7,52067,273.33,27198.0,3467222.0,142.78,,,,190488
Broome,2019-08,2019,4.6,52103,273.52,26934.0,3438300.0,141.39,,,,190488
Broome,2019-09,2019,3.9,52055,273.27,26919.0,3441282.0,141.32,,,,190488
Broome,2019-10,2019,4.0,52099,273.5,27135.0,3510710.0,142.45,,,,190488
Broome,2019-11,2019,4.1,51904,272.48,27047.0,3477882.0,141.99,,,,190488
Broome,2019-12,2019,4.7,51866,272.28,26965.0,3470827.0,141.56,,,,190488
Broome,2020-01,2020,5.5,52147,263.18,27021.0,3453745.0,136.37,,,,198145
Broome,2020-02,2020,5.5,52155,263.22,26917.0,3416865.0,135.84,,,,198145
Broome,2020-03,2020,6.1,52017,262.52,26606.0,3392416.0,134.28,,,,198145
Broome,2020-04,2020,17.3,52995,267.46,27136.0,6109247.0,136.95,,,,198145
Broome,2020-05,2020,12.5,53669,270.86,27469.0,4862851.0,138.63,,,,198145
Broome,2020-06,2020,10.0,54261,273.84,27100.0,4717933.0,136.77,,,,198145
Broome,2020-07,2020,9.6,54920,277.17,25602.0,4598344.0,129.21,,,,198145
Broome,2020-08,2020,7.5,55528,280.24,24597.0,4362939.0,124.14,,,,198145
Broome,2020-09,2020,6.5,56128,283.27,25035.0,4101691.0,126.35,,,,198145
Broome,2020-10,2020,5.5,56732,286.32,25263.0,5107325.0,127.5,,,,198145
Broome,2020-11,2020,5.4,57229,288.82,25102.0,4730124.0,126.69,,,,198145
Broome,2020-12,2020,6.2,57834,291.88,25291.0,4715262.0,127.64,,,,198145
Broome,2021-01,2021,7.0,58306,293.66,25219.0,5481087.0,127.02,391.0,196.93,,198548
Broome,2021-02,2021,7.1,58537,294.83,25459.0,5562381.0,128.23,355.0,178.8,,198548
Broome,2021-03,2021,6.5,58907,296.69,25500.0,5517504.0,128.43,317.0,159.66,,198548
Broome,2021-04,2021,5.4,59308,298.71,25420.0,6185051.0,128.03,333.0,167.72,,198548
Broome,2021-05,2021,5.0,59623,300.3,25354.0,6216026.0,127.7,392.0,197.43,,198548
Broome,2021-06,2021,5.6,60011,302.25,25258.0,6158800.0,127.21,411.0,207.0,,198548
Broome,2021-07,2021,5.5,60413,304.27,25329.0,6240118.0,127.57,371.0,186.86,,198548
Broome,2021-08,2021,5.0,60739,305.92,25349.0,6191352.0,127.67,360.0,181.32,,198548
Broome,2021-09,2021,4.1,61155,308.01,25524.0,6247491.0,128.55,404.0,203.48,,198548
Broome,2021-10,2021,3.9,61622,310.36,25911.0,6803975.0,130.5,518.0,260.89,,198548
Broome,2021-11,2021,3.5,61866,311.59,26040.0,6783212.0,131.15,535.0,269.46,,198548
Broome,2021-12,2021,3.3,62279,313.67,26478.0,7046797.0,133.36,424.0,213.55,,198548
Broome,2022-01,2022,4.6,62614,317.56,26712.0,7085557.0,135.48,455.0,230.76,,197171
Broome,2022-02,2022,4.6,62865,318.83,26583.0,7033154.0,134.82,424.0,215.04,,197171
Broome,2022-03,2022,4.2,63180,320.43,26876.0,7119702.0,136.31,434.0,220.11,,197171
Broome,2022-04,2022,3.4,63256,320.82,26758.0,7105121.0,135.71,366.0,185.63,,197171
Broome,2022-05,2022,3.3,63329,321.19,26717.0,7088583.0,135.5,411.0,208.45,,197171
Broome,2022-06,2022,3.8,63595,322.54,26697.0,7026719.0,135.4,406.0,205.91,,197171
Broome,2022-07,2022,4.1,63894,324.05,26523.0,6967277.0,134.52,395.0,200.33,,197171
Broome,2022-08,2022,4.1,64095,325.07,26757.0,7052610.0,135.7,440.0,223.16,,197171
Broome,2022-09,2022,3.2,64502,327.14,26610.0,7017693.0,134.96,424.0,215.04,,197171
Broome,2022-10,2022,3.1,64623,327.75,26469.0,7783313.0,134.24,510.0,258.66,,197171
Broome,2022-11,2022,3.2,64810,328.7,26424.0,7831371.0,134.02,525.0,266.27,,197171
Broome,2022-12,2022,3.5,65208,330.72,26273.0,7788228.0,133.25,621.0,314.96,,197171
Broome,2023-01,2023,4.4,65537,334.49,26109.0,7770467.0,133.25,388.0,198.03,,195934
Broome,2023-02,2023,4.3,65720,335.42,25750.0,7629697.0,131.42,395.0,201.6,,195934
Broome,2023-03,2023,3.8,66229,338.02,25701.0,5211364.0,131.17,395.0,201.6,,195934
Broome,2023-04,2023,2.9,66486,339.33,25624.0,5232720.0,130.78,385.0,196.49,,195934
Broome,2023-05,2023,3.1,66715,340.5,25820.0,5196267.0,131.78,445.0,227.12,,195934
Broome,2023-06,2023,3.5,67094,342.43,25920.0,5119118.0,132.29,416.0,212.32,,195934
Broome,2023-07,2023,3.7,66537,339.59,26055.0,5017548.0,132.98,393.0,200.58,,195934
Broome,2023-08,2023,4.0,65521,334.4,26223.0,5076327.0,133.84,389.0,198.54,,195934
Broome,2023-09,2023,3.4,64539,329.39,26039.0,4948490.0,132.9,413.0,210.79,,195934
Broome,2023-10,2023,3.6,63660,324.91,26100.0,5166898.0,133.21,440.0,224.57,,195934
Broome,2023-11,2023,3.6,62774,320.38,25800.0,5078725.0,131.68,505.0,257.74,,195934
Broome,2023-12,2023,4.2,61638,314.59,25744.0,5114441.0,131.39,443.0,226.1,,195934
Broome,2024-01,2024,4.8,60670,309.71,25597.0,5007418.0,130.67,530.0,270.56,,195893
Broome,2024-02,2024,4.7,59937,305.97,25680.0,4997536.0,131.09,370.0,188.88,,195893
Broome,2024-03,2024,4.3,59317,302.8,26006.0,5111557.0,132.76,372.0,189.9,,195893
Broome,2024-04,2024,3.6,58354,297.89,26197.0,5103302.0,133.73,306.0,156.21,,195893
Broome,2024-05,2024,3.6,57521,293.63,26588.0,5138952.0,135.73,435.0,222.06,,195893
Broome,2024-06,2024,4.0,56628,289.08,26495.0,5044437.0,135.25,428.0,218.49,,195893
Broome,2024-07,2024,4.4,56465,288.24,26526.0,5053096.0,135.41,403.0,205.72,,195893
Broome,2024-08,2024,4.3,56438,288.11,26615.0,5083048.0,135.86,364.0,185.82,,195893
Broome,2024-09,2024,3.4,56372,287.77,26566.0,5065250.0,135.61,398.0,203.17,,195893
Broome,2024-10,2024,3.5,56458,288.21,26556.0,5159566.0,135.56,555.0,283.32,,195893
Broome,2024-11,2024,3.6,56316,287.48,26421.0,5099978.0,134.87,548.0,279.74,,195893
Broome,2024-12,2024,3.9,56378,287.8,26498.0,5152619.0,135.27,539.0,275.15,,195893
Broome,2025-01,2025,4.8,56333,287.8,26276.0,5071458.0,134.24,,,,195736
Broome,2025-02,2025,5.0,56217,287.21,26175.0,5057703.0,133.73,,,,195736
Broome,2025-03,2025,4.4,56233,287.29,26464.0,5148781.0,135.2,,,,195736
Broome,2025-04,2025,3.3,56198,287.11,26673.0,5221043.0,136.27,,,,195736
Broome,2025-05,2025,3.3,56021,286.21,26747.0,5141865.0,136.65,,,,195736
Broome,2025-06,2025,3.7,56027,286.24,26568.0,5104486.0,135.73,,,,195736
Broome,2025-07,2025,4.2,56011,286.16,26685.0,5174238.0,136.33,,,,195736
Broome,2025-08,2025,4.5,55842,285.29,26636.0,5123894.0,136.08,,,,195736
Broome,2025-09,2025,4.3,54991,280.94,26467.0,5064120.0,135.22,,,,195736
Broome,2025-10,2025,,55028,281.13,26398.0,5270389.0,134.87,,,,195736
Broome,2025-11,2025,4.1,55324,282.65,25786.0,5064955.0,131.74,,,,195736
Broome,2025-12,2025,4.2,55206,282.04,25615.0,5020175.0,130.87,,,,195736
Cattaraugus,2018-01,2018,7.2,21645,282.11,11794.0,1326210.0,153.72,,,,76726
Cattaraugus,2018-02,2018,7.3,21654,282.23,11729.0,1314137.0,152.87,,,,76726
Cattaraugus,2018-03,2018,6.6,21652,282.2,11878.0,1349431.0,154.81,,,,76726
Cattaraugus,2018-04,2018,5.6,21684,282.62,11551.0,1299305.0,150.55,,,,76726
Cattaraugus,2018-05,2018,4.7,21677,282.52,11544.0,1317118.0,150.46,,,,76726
Cattaraugus,2018-06,2018,4.8,21674,282.49,11372.0,1298409.0,148.22,,,,76726
Cattaraugus,2018-07,2018,4.7,21663,282.34,11259.0,1295537.0,146.74,,,,76726
Cattaraugus,2018-08,2018,4.6,21700,282.82,11026.0,1268009.0,143.71,,,,76726
Cattaraugus,2018-09,2018,4.0,21645,282.11,11004.0,1254996.0,143.42,,,,76726
Cattaraugus,2018-10,2018,4.0,21707,282.92,10935.0,1264362.0,142.52,,,,76726
Cattaraugus,2018-11,2018,4.2,21695,282.76,10987.0,1254391.0,143.2,,,,76726
Cattaraugus,2018-12,2018,5.2,21684,282.62,11036.0,1256682.0,143.84,,,,76726
Cattaraugus,2019-01,2019,6.0,21662,284.59,10999.0,1242729.0,144.5,,,,76117
Cattaraugus,2019-02,2019,5.8,21560,283.25,10929.0,1224137.0,143.58,,,,76117
Cattaraugus,2019-03,2019,5.4,21576,283.46,10827.0,1212279.0,142.24,,,,76117
Cattaraugus,2019-04,2019,4.5,21570,283.38,10718.0,1207087.0,140.81,,,,76117
Cattaraugus,2019-05,2019,4.1,21534,282.91,10669.0,1200501.0,140.17,,,,76117
Cattaraugus,2019-06,2019,4.3,21547,283.08,10514.0,1191708.0,138.13,,,,76117
Cattaraugus,2019-07,2019,4.8,21588,283.62,10504.0,1191951.0,138.0,,,,76117
Cattaraugus,2019-08,2019,4.8,21530,282.85,10417.0,1192329.0,136.86,,,,76117
Cattaraugus,2019-09,2019,4.0,21509,282.58,10282.0,1181642.0,135.08,,,,76117
Cattaraugus,2019-10,2019,4.2,21457,281.89,10372.0,1207613.0,136.26,,,,76117
Cattaraugus,2019-11,2019,4.7,21436,281.62,10270.0,1189490.0,134.92,,,,76117
Cattaraugus,2019-12,2019,5.6,21447,281.76,10381.0,1199409.0,136.38,,,,76117
Cattaraugus,2020-01,2020,6.4,21470,278.91,10449.0,1190762.0,135.74,,,,76977
Cattaraugus,2020-02,2020,6.2,21447,278.62,10394.0,1178234.0,135.03,,,,76977
Cattaraugus,2020-03,2020,7.2,21436,278.47,10389.0,1183086.0,134.96,,,,76977
Cattaraugus,2020-04,2020,21.0,21644,281.17,10923.0,2583704.0,141.9,,,,76977
Cattaraugus,2020-05,2020,15.8,21877,284.2,10920.0,1927274.0,141.86,,,,76977
Cattaraugus,2020-06,2020,12.0,22163,287.92,10544.0,1741571.0,136.98,,,,76977
Cattaraugus,2020-07,2020,10.2,22426,291.33,9979.0,1877295.0,129.64,,,,76977
Cattaraugus,2020-08,2020,7.8,22589,293.45,9985.0,1762083.0,129.71,,,,76977
Cattaraugus,2020-09,2020,6.4,22881,297.24,10172.0,1662852.0,132.14,,,,76977
Cattaraugus,2020-10,2020,5.4,23055,299.51,10187.0,2088596.0,132.34,,,,76977
Cattaraugus,2020-11,2020,5.6,23235,301.84,10250.0,1941381.0,133.16,,,,76977
Cattaraugus,2020-12,2020,6.4,23492,305.18,10519.0,1949180.0,136.65,,,,76977
Cattaraugus,2021-01,2021,7.1,23666,309.12,10533.0,2248288.0,137.58,153.0,199.84,,76560
Cattaraugus,2021-02,2021,7.3,23751,310.23,10590.0,2291204.0,138.32,137.0,178.94,,76560
Cattaraugus,2021-03,2021,6.9,23858,311.62,10661.0,2283753.0,139.25,132.0,172.41,,76560
Cattaraugus,2021-04,2021,5.7,24026,313.82,10620.0,2504888.0,138.71,105.0,137.15,,76560
Cattaraugus,2021-05,2021,5.1,24113,314.96,10500.0,2492497.0,137.15,129.0,168.5,,76560
Cattaraugus,2021-06,2021,5.6,24249,316.73,10461.0,2475638.0,136.64,183.0,239.03,,76560
Cattaraugus,2021-07,2021,5.5,24295,317.33,10385.0,2495243.0,135.65,142.0,185.48,,76560
Cattaraugus,2021-08,2021,5.2,24413,318.87,10271.0,2493036.0,134.16,160.0,208.99,,76560
Cattaraugus,2021-09,2021,4.0,24496,319.96,10207.0,2422049.0,133.32,140.0,182.86,,76560
Cattaraugus,2021-10,2021,3.8,24634,321.76,10341.0,2654169.0,135.07,167.0,218.13,,76560
Cattaraugus,2021-11,2021,3.7,24693,322.53,10543.0,2676097.0,137.71,240.0,313.48,,76560
Cattaraugus,2021-12,2021,3.8,24807,324.02,10749.0,2754572.0,140.4,162.0,211.6,,76560
Cattaraugus,2022-01,2022,4.9,24959,328.27,10761.0,2743171.0,141.53,159.0,209.12,,76032
Cattaraugus,2022-02,2022,5.1,25043,329.37,10859.0,2771291.0,142.82,166.0,218.33,,76032
Cattaraugus,2022-03,2022,4.6,25144,330.7,10968.0,2772412.0,144.26,144.0,189.39,,76032
Cattaraugus,2022-04,2022,3.9,25200,331.44,10911.0,2752904.0,143.51,106.0,139.41,,76032
Cattaraugus,2022-05,2022,3.5,25275,332.43,10924.0,2756562.0,143.68,139.0,182.82,,76032
Cattaraugus,2022-06,2022,3.8,25396,334.02,10956.0,2748148.0,144.1,157.0,206.49,,76032
Cattaraugus,2022-07,2022,4.3,25543,335.95,10939.0,2771793.0,143.87,150.0,197.29,,76032
Cattaraugus,2022-08,2022,4.4,25647,337.32,11021.0,2772499.0,144.95,126.0,165.72,,76032
Cattaraugus,2022-09,2022,3.4,25832,339.75,10935.0,2768616.0,143.82,137.0,180.19,,76032
Cattaraugus,2022-10,2022,3.3,25936,341.12,11077.0,3144231.0,145.69,170.0,223.59,,76032
Cattaraugus,2022-11,2022,3.7,25960,341.44,11075.0,3183372.0,145.66,234.0,307.77,,76032
Cattaraugus,2022-12,2022,4.1,26071,342.9,11309.0,3242850.0,148.74,213.0,280.15,,76032
Cattaraugus,2023-01,2023,4.9,26261,347.04,11292.0,3212279.0,149.22,170.0,224.66,,75671
Cattaraugus,2023-02,2023,5.0,26355,348.28,11424.0,3208471.0,150.97,128.0,169.15,,75671
Cattaraugus,2023-03,2023,4.4,26518,350.44,11528.0,2060604.0,152.34,132.0,174.44,,75671
Cattaraugus,2023-04,2023,3.4,26563,351.03,11518.0,1993740.0,152.21,88.0,116.29,,75671
Cattaraugus,2023-05,2023,3.6,26668,352.42,11392.0,1958963.0,150.55,130.0,171.8,,75671
Cattaraugus,2023-06,2023,3.6,26818,354.4,11280.0,1936358.0,149.07,123.0,162.55,,75671
Cattaraugus,2023-07,2023,3.9,26495,350.13,11165.0,1931952.0,147.55,128.0,169.15,,75671
Cattaraugus,2023-08,2023,4.2,26128,345.28,11080.0,1926648.0,146.42,104.0,137.44,,75671
Cattaraugus,2023-09,2023,3.6,25895,342.21,10954.0,1900450.0,144.76,134.0,177.08,,75671
Cattaraugus,2023-10,2023,3.7,25552,337.67,10942.0,1986299.0,144.6,156.0,206.16,,75671
Cattaraugus,2023-11,2023,4.1,25163,332.53,11002.0,1993554.0,145.39,186.0,245.8,,75671
Cattaraugus,2023-12,2023,4.6,24690,326.28,11034.0,1986263.0,145.82,158.0,208.8,,75671
Cattaraugus,2024-01,2024,5.1,24246,321.36,11101.0,1968766.0,147.13,189.0,250.5,,75448
Cattaraugus,2024-02,2024,5.2,23843,316.02,11122.0,1953192.0,147.41,138.0,182.91,,75448
Cattaraugus,2024-03,2024,4.5,23426,310.49,11037.0,1943807.0,146.29,127.0,168.33,,75448
Cattaraugus,2024-04,2024,4.0,22939,304.04,10938.0,1923689.0,144.97,93.0,123.26,,75448
Cattaraugus,2024-05,2024,3.6,22493,298.13,10846.0,1910139.0,143.75,151.0,200.14,,75448
Cattaraugus,2024-06,2024,3.8,22032,292.02,10856.0,1914019.0,143.89,163.0,216.04,,75448
Cattaraugus,2024-07,2024,4.3,21949,290.92,10716.0,1881009.0,142.03,136.0,180.26,,75448
Cattaraugus,2024-08,2024,4.1,21817,289.17,10743.0,1886710.0,142.39,128.0,169.65,,75448
Cattaraugus,2024-09,2024,3.3,21635,286.75,10690.0,1885799.0,141.69,127.0,168.33,,75448
Cattaraugus,2024-10,2024,3.4,21620,286.55,10660.0,1913944.0,141.29,178.0,235.92,,75448
Cattaraugus,2024-11,2024,3.7,21559,285.75,10618.0,1904948.0,140.73,206.0,273.04,,75448
Cattaraugus,2024-12,2024,4.1,21461,284.45,10695.0,1908400.0,141.75,212.0,280.99,,75448
Cattaraugus,2025-01,2025,5.1,21374,283.51,10630.0,1874855.0,141.0,,,,75390
Cattaraugus,2025-02,2025,5.3,21348,283.17,10616.0,1863573.0,140.81,,,,75390
Cattaraugus,2025-03,2025,4.6,21461,284.67,10658.0,1868663.0,141.37,,,,75390
Cattaraugus,2025-04,2025,3.5,21506,285.26,10626.0,1866744.0,140.95,,,,75390
Cattaraugus,2025-05,2025,3.2,21505,285.25,10602.0,1866621.0,140.63,,,,75390
Cattaraugus,2025-06,2025,3.5,21499,285.17,10461.0,1834053.0,138.76,,,,75390
Cattaraugus,2025-07,2025,4.2,21500,285.18,10459.0,1839568.0,138.73,,,,75390
Cattaraugus,2025-08,2025,4.4,21485,284.98,10359.0,1820518.0,137.41,,,,75390
Cattaraugus,2025-09,2025,4.1,21467,284.75,10236.0,1801123.0,135.77,,,,75390
Cattaraugus,2025-10,2025,,21484,284.97,10173.0,1868579.0,134.94,,,,75390
Cattaraugus,2025-11,2025,4.2,21673,287.48,10007.0,1814684.0,132.74,,,,75390
Cattaraugus,2025-12,2025,4.5,21644,287.09,9955.0,1805427.0,132.05,,,,75390
Cayuga,2018-01,2018,5.9,19692,255.34,10038.0,1195585.0,130.16,,,,77121
Cayuga,2018-02,2018,6.1,19706,255.52,10012.0,1187855.0,129.82,,,,77121
Cayuga,2018-03,2018,5.6,19711,255.59,10021.0,1200713.0,129.94,,,,77121
Cayuga,2018-04,2018,4.7,19694,255.36,9926.0,1188798.0,128.71,,,,77121
Cayuga,2018-05,2018,3.9,19631,254.55,9848.0,1184943.0,127.7,,,,77121
Cayuga,2018-06,2018,4.1,19603,254.18,9735.0,1161563.0,126.23,,,,77121
Cayuga,2018-07,2018,4.3,19634,254.59,9677.0,1161071.0,125.48,,,,77121
Cayuga,2018-08,2018,4.2,19595,254.08,9528.0,1151986.0,123.55,,,,77121
Cayuga,2018-09,2018,3.4,19534,253.29,9428.0,1143383.0,122.25,,,,77121
Cayuga,2018-10,2018,3.5,19532,253.26,9514.0,1163066.0,123.36,,,,77121
Cayuga,2018-11,2018,3.6,19449,252.19,9570.0,1163819.0,124.09,,,,77121
Cayuga,2018-12,2018,4.3,19395,251.49,9662.0,1174328.0,125.28,,,,77121
Cayuga,2019-01,2019,5.1,19539,255.16,9578.0,1152503.0,125.08,,,,76576
Cayuga,2019-02,2019,5.1,19420,253.6,9479.0,1141414.0,123.79,,,,76576
Cayuga,2019-03,2019,4.8,19388,253.19,9520.0,1144047.0,124.32,,,,76576
Cayuga,2019-04,2019,3.8,19381,253.09,9390.0,1123751.0,122.62,,,,76576
Cayuga,2019-05,2019,3.6,19348,252.66,9324.0,1123422.0,121.76,,,,76576
Cayuga,2019-06,2019,3.7,19335,252.49,9194.0,1108221.0,120.06,,,,76576
Cayuga,2019-07,2019,4.2,19366,252.9,9145.0,1101623.0,119.42,,,,76576
Cayuga,2019-08,2019,4.2,19415,253.54,9085.0,1098690.0,118.64,,,,76576
Cayuga,2019-09,2019,3.4,19481,254.4,8983.0,1095854.0,117.31,,,,76576
Cayuga,2019-10,2019,3.6,19510,254.78,8951.0,1094699.0,116.89,,,,76576
Cayuga,2019-11,2019,3.8,19508,254.75,8939.0,1097934.0,116.73,,,,76576
Cayuga,2019-12,2019,4.5,19436,253.81,8932.0,1087949.0,116.64,,,,76576
Cayuga,2020-01,2020,5.2,19436,255.38,9021.0,1088165.0,118.53,,,,76107
Cayuga,2020-02,2020,5.3,19410,255.04,8967.0,1081680.0,117.82,,,,76107
Cayuga,2020-03,2020,6.0,19413,255.08,9000.0,1086255.0,118.25,,,,76107
Cayuga,2020-04,2020,17.5,19775,259.83,9546.0,2197964.0,125.43,,,,76107
Cayuga,2020-05,2020,12.3,20065,263.64,9617.0,1705971.0,126.36,,,,76107
Cayuga,2020-06,2020,9.4,20274,266.39,8707.0,1491434.0,114.4,,,,76107
Cayuga,2020-07,2020,9.1,20478,269.07,8206.0,1500473.0,107.82,,,,76107
Cayuga,2020-08,2020,7.2,20696,271.93,8456.0,1513616.0,111.11,,,,76107
Cayuga,2020-09,2020,5.9,20902,274.64,8757.0,1459271.0,115.06,,,,76107
Cayuga,2020-10,2020,4.9,21057,276.68,8838.0,1806823.0,116.13,,,,76107
Cayuga,2020-11,2020,4.8,21230,278.95,8873.0,1673265.0,116.59,,,,76107
Cayuga,2020-12,2020,5.6,21503,282.54,9071.0,1715183.0,119.19,,,,76107
Cayuga,2021-01,2021,6.8,21699,287.69,9179.0,1975327.0,121.7,140.0,185.61,,75426
Cayuga,2021-02,2021,6.8,21708,287.81,9217.0,1977078.0,122.2,181.0,239.97,,75426
Cayuga,2021-03,2021,6.3,21797,288.99,9118.0,1931076.0,120.89,143.0,189.59,,75426
Cayuga,2021-04,2021,5.1,21914,290.54,9025.0,2133214.0,119.65,124.0,164.4,,75426
Cayuga,2021-05,2021,4.6,21944,290.93,8902.0,2119768.0,118.02,138.0,182.96,,75426
Cayuga,2021-06,2021,4.9,22019,291.93,8844.0,2096156.0,117.25,147.0,194.89,,75426
Cayuga,2021-07,2021,4.9,22175,294.0,8745.0,2085618.0,115.94,124.0,164.4,,75426
Cayuga,2021-08,2021,4.7,22207,294.42,8772.0,2093028.0,116.3,142.0,188.26,,75426
Cayuga,2021-09,2021,3.8,22301,295.67,8790.0,2109772.0,116.54,140.0,185.61,,75426
Cayuga,2021-10,2021,3.5,22426,297.32,8941.0,2310551.0,118.54,198.0,262.51,,75426
Cayuga,2021-11,2021,3.3,22501,298.32,9076.0,2326142.0,120.33,230.0,304.93,,75426
Cayuga,2021-12,2021,3.2,22614,299.82,9163.0,2370997.0,121.48,195.0,258.53,,75426
Cayuga,2022-01,2022,4.3,22737,304.26,9272.0,2371257.0,124.07,173.0,231.5,,74730
Cayuga,2022-02,2022,4.5,22847,305.73,9367.0,2404971.0,125.34,170.0,227.49,,74730
Cayuga,2022-03,2022,4.1,22944,307.03,9467.0,2420210.0,126.68,144.0,192.69,,74730
Cayuga,2022-04,2022,3.4,23019,308.03,9305.0,2368174.0,124.51,102.0,136.49,,74730
Cayuga,2022-05,2022,3.0,23068,308.68,9211.0,2346213.0,123.26,135.0,180.65,,74730
Cayuga,2022-06,2022,3.3,23192,310.34,9222.0,2351520.0,123.4,164.0,219.46,,74730
Cayuga,2022-07,2022,3.7,23254,311.17,9198.0,2346135.0,123.08,192.0,256.92,,74730
Cayuga,2022-08,2022,3.8,23332,312.22,9114.0,2322588.0,121.96,131.0,175.3,,74730
Cayuga,2022-09,2022,2.9,23442,313.69,9159.0,2351506.0,122.56,163.0,218.12,,74730
Cayuga,2022-10,2022,2.7,23525,314.8,9334.0,2692779.0,124.9,199.0,266.29,,74730
Cayuga,2022-11,2022,3.0,23617,316.03,9391.0,2701672.0,125.67,222.0,297.07,,74730
Cayuga,2022-12,2022,3.3,23722,317.44,9402.0,2707346.0,125.81,259.0,346.58,,74730
Cayuga,2023-01,2023,4.1,23838,319.7,9472.0,2724586.0,127.03,167.0,223.97,,74563
Cayuga,2023-02,2023,4.2,23862,320.02,9452.0,2700117.0,126.77,166.0,222.63,,74563
Cayuga,2023-03,2023,3.8,24023,322.18,9321.0,1710303.0,125.01,156.0,209.22,,74563
Cayuga,2023-04,2023,2.8,24139,323.74,9212.0,1651571.0,123.55,109.0,146.19,,74563
Cayuga,2023-05,2023,2.9,24235,325.03,9197.0,1654747.0,123.35,152.0,203.85,,74563
Cayuga,2023-06,2023,3.1,24341,326.45,9054.0,1624745.0,121.43,136.0,182.4,,74563
Cayuga,2023-07,2023,3.4,24025,322.21,9003.0,1623258.0,120.74,170.0,228.0,,74563
Cayuga,2023-08,2023,3.8,23699,317.84,9051.0,1628390.0,121.39,134.0,179.71,,74563
Cayuga,2023-09,2023,3.1,23391,313.71,9032.0,1614434.0,121.13,124.0,166.3,,74563
Cayuga,2023-10,2023,3.3,23046,309.08,9037.0,1690439.0,121.2,187.0,250.79,,74563
Cayuga,2023-11,2023,3.4,22653,303.81,9125.0,1696864.0,122.38,219.0,293.71,,74563
Cayuga,2023-12,2023,3.9,22186,297.55,9126.0,1702736.0,122.39,155.0,207.88,,74563
Cayuga,2024-01,2024,4.4,21937,293.9,9147.0,1683718.0,122.54,177.0,237.13,,74642
Cayuga,2024-02,2024,4.6,21622,289.68,9140.0,1669605.0,122.45,131.0,175.5,,74642
Cayuga,2024-03,2024,4.2,21345,285.97,9149.0,1662223.0,122.57,123.0,164.79,,74642
Cayuga,2024-04,2024,3.5,20918,280.24,9146.0,1662820.0,122.53,85.0,113.88,,74642
Cayuga,2024-05,2024,3.2,20572,275.61,9012.0,1637544.0,120.74,136.0,182.2,,74642
Cayuga,2024-06,2024,3.4,20242,271.19,8838.0,1604328.0,118.41,173.0,231.77,,74642
Cayuga,2024-07,2024,4.1,20202,270.65,8900.0,1633275.0,119.24,145.0,194.26,,74642
Cayuga,2024-08,2024,3.9,20148,269.93,8848.0,1618196.0,118.54,158.0,211.68,,74642
Cayuga,2024-09,2024,3.1,20072,268.91,8735.0,1607347.0,117.03,139.0,186.22,,74642
Cayuga,2024-10,2024,3.2,19986,267.76,8789.0,1650956.0,117.75,214.0,286.7,,74642
Cayuga,2024-11,2024,3.3,19911,266.75,8874.0,1653912.0,118.89,219.0,293.4,,74642
Cayuga,2024-12,2024,3.6,19876,266.28,8824.0,1643721.0,118.22,224.0,300.1,,74642
Cayuga,2025-01,2025,4.6,19875,267.26,8977.0,1649132.0,120.72,,,,74365
Cayuga,2025-02,2025,4.9,19859,267.05,8860.0,1623959.0,119.14,,,,74365
Cayuga,2025-03,2025,4.3,19872,267.22,8842.0,1622199.0,118.9,,,,74365
Cayuga,2025-04,2025,3.2,19883,267.37,8790.0,1601494.0,118.2,,,,74365
Cayuga,2025-05,2025,2.8,19854,266.98,8748.0,1596148.0,117.64,,,,74365
Cayuga,2025-06,2025,3.0,19823,266.56,8577.0,1565091.0,115.34,,,,74365
Cayuga,2025-07,2025,3.7,19821,266.54,8504.0,1552073.0,114.35,,,,74365
Cayuga,2025-08,2025,3.9,19786,266.07,8359.0,1523862.0,112.41,,,,74365
Cayuga,2025-09,2025,3.6,19756,265.66,8313.0,1508156.0,111.79,,,,74365
Cayuga,2025-10,2025,,19739,265.43,8303.0,1546839.0,111.65,,,,74365
Cayuga,2025-11,2025,3.4,19852,266.95,8042.0,1491965.0,108.14,,,,74365
Cayuga,2025-12,2025,3.6,19892,267.49,7971.0,1477228.0,107.19,,,,74365
Chautauqua,2018-01,2018,6.5,39092,306.67,24681.0,3050115.0,193.62,,,,127472
Chautauqua,2018-02,2018,6.6,39041,306.27,24584.0,3013976.0,192.86,,,,127472
Chautauqua,2018-03,2018,5.9,38981,305.8,24786.0,3071236.0,194.44,,,,127472
Chautauqua,2018-04,2018,5.0,38926,305.37,24499.0,3035351.0,192.19,,,,127472
Chautauqua,2018-05,2018,4.2,38864,304.88,24349.0,3031698.0,191.01,,,,127472
Chautauqua,2018-06,2018,4.6,38609,302.88,24187.0,3010435.0,189.74,,,,127472
Chautauqua,2018-07,2018,4.5,38446,301.6,23998.0,2990006.0,188.26,,,,127472
Chautauqua,2018-08,2018,4.2,38416,301.37,23808.0,2977082.0,186.77,,,,127472
Chautauqua,2018-09,2018,3.8,38256,300.11,23805.0,2974218.0,186.75,,,,127472
Chautauqua,2018-10,2018,3.9,38265,300.18,23752.0,3003663.0,186.33,,,,127472
Chautauqua,2018-11,2018,4.1,38203,299.7,23691.0,2980718.0,185.85,,,,127472
Chautauqua,2018-12,2018,4.7,38131,299.13,23792.0,2979490.0,186.64,,,,127472
Chautauqua,2019-01,2019,5.3,38206,301.06,23959.0,2974555.0,188.8,,,,126903
Chautauqua,2019-02,2019,5.2,38116,300.36,23503.0,2912088.0,185.2,,,,126903
Chautauqua,2019-03,2019,5.0,38055,299.87,23560.0,2900042.0,185.65,,,,126903
Chautauqua,2019-04,2019,4.0,37967,299.18,23223.0,2865470.0,183.0,,,,126903
Chautauqua,2019-05,2019,3.7,37925,298.85,23169.0,2875237.0,182.57,,,,126903
Chautauqua,2019-06,2019,4.0,37838,298.16,22914.0,2827525.0,180.56,,,,126903
Chautauqua,2019-07,2019,4.4,37834,298.13,22753.0,2805947.0,179.29,,,,126903
Chautauqua,2019-08,2019,4.3,37867,298.39,22630.0,2780293.0,178.33,,,,126903
Chautauqua,2019-09,2019,3.8,37802,297.88,22702.0,2807352.0,178.89,,,,126903
Chautauqua,2019-10,2019,3.9,37806,297.91,22966.0,2904292.0,180.97,,,,126903
Chautauqua,2019-11,2019,4.2,37729,297.31,23225.0,2921368.0,183.01,,,,126903
Chautauqua,2019-12,2019,5.0,37617,296.42,23489.0,2957744.0,185.09,,,,126903
Chautauqua,2020-01,2020,5.6,37698,295.94,23678.0,2961748.0,185.88,,,,127383
Chautauqua,2020-02,2020,5.6,37713,296.06,23749.0,2973565.0,186.44,,,,127383
Chautauqua,2020-03,2020,6.6,37693,295.9,23757.0,2986171.0,186.5,,,,127383
Chautauqua,2020-04,2020,18.2,38262,300.37,24173.0,5452713.0,189.77,,,,127383
Chautauqua,2020-05,2020,12.7,38716,303.93,24459.0,4316492.0,192.01,,,,127383
Chautauqua,2020-06,2020,10.1,39054,306.59,23261.0,4082872.0,182.61,,,,127383
Chautauqua,2020-07,2020,9.3,39432,309.55,22507.0,4007013.0,176.69,,,,127383
Chautauqua,2020-08,2020,7.2,39724,311.85,22319.0,3982582.0,175.21,,,,127383
Chautauqua,2020-09,2020,6.6,40059,314.48,22734.0,3790864.0,178.47,,,,127383
Chautauqua,2020-10,2020,5.9,40331,316.61,23066.0,4617874.0,181.08,,,,127383
Chautauqua,2020-11,2020,5.9,40618,318.87,23113.0,4308146.0,181.44,,,,127383
Chautauqua,2020-12,2020,7.2,41016,321.99,23356.0,4394288.0,183.35,,,,127383
Chautauqua,2021-01,2021,8.7,41310,326.43,23353.0,4971219.0,184.54,227.0,179.38,,126549
Chautauqua,2021-02,2021,7.5,41416,327.27,23531.0,5009068.0,185.94,189.0,149.35,,126549
Chautauqua,2021-03,2021,6.8,41565,328.45,23350.0,4970251.0,184.51,158.0,124.85,,126549
Chautauqua,2021-04,2021,5.8,41711,329.6,23005.0,5457718.0,181.79,174.0,137.5,,126549
Chautauqua,2021-05,2021,5.1,41891,331.03,22850.0,5444693.0,180.56,235.0,185.7,,126549
Chautauqua,2021-06,2021,5.6,42140,332.99,22919.0,5440851.0,181.11,232.0,183.33,,126549
Chautauqua,2021-07,2021,5.4,42303,334.28,22970.0,5449296.0,181.51,221.0,174.64,,126549
Chautauqua,2021-08,2021,5.0,42366,334.78,22665.0,5423202.0,179.1,243.0,192.02,,126549
Chautauqua,2021-09,2021,4.1,42579,336.46,22611.0,5379000.0,178.67,204.0,161.2,,126549
Chautauqua,2021-10,2021,3.9,42825,338.41,22883.0,5855891.0,180.82,256.0,202.29,,126549
Chautauqua,2021-11,2021,3.7,42825,338.41,23227.0,5909403.0,183.54,380.0,300.28,,126549
Chautauqua,2021-12,2021,3.6,43202,341.39,23485.0,6071856.0,185.58,267.0,210.99,,126549
Chautauqua,2022-01,2022,4.6,43447,346.03,23701.0,6040019.0,188.77,273.0,217.43,,125558
Chautauqua,2022-02,2022,4.8,43616,347.38,24029.0,6121035.0,191.38,230.0,183.18,,125558
Chautauqua,2022-03,2022,4.3,43771,348.61,24212.0,6175118.0,192.84,196.0,156.1,,125558
Chautauqua,2022-04,2022,3.5,43756,348.49,24177.0,6166029.0,192.56,172.0,136.99,,125558
Chautauqua,2022-05,2022,3.2,43847,349.22,24005.0,6076983.0,191.19,229.0,182.39,,125558
Chautauqua,2022-06,2022,3.6,44060,350.91,23834.0,6040627.0,189.82,304.0,242.12,,125558
Chautauqua,2022-07,2022,4.0,44296,352.79,23883.0,6067837.0,190.21,205.0,163.27,,125558
Chautauqua,2022-08,2022,4.1,44338,353.13,23847.0,6063918.0,189.93,244.0,194.33,,125558
Chautauqua,2022-09,2022,3.2,44635,355.49,23871.0,6093338.0,190.12,223.0,177.61,,125558
Chautauqua,2022-10,2022,3.1,44732,356.27,24027.0,6861754.0,191.36,291.0,231.77,,125558
Chautauqua,2022-11,2022,3.5,44822,356.98,24180.0,6954381.0,192.58,355.0,282.74,,125558
Chautauqua,2022-12,2022,3.9,44998,358.38,24487.0,7040204.0,195.03,312.0,248.49,,125558
Chautauqua,2023-01,2023,4.8,45246,361.79,24467.0,6952056.0,195.64,280.0,223.89,,125061
Chautauqua,2023-02,2023,4.8,45339,362.54,24596.0,6972010.0,196.67,183.0,146.33,,125061
Chautauqua,2023-03,2023,4.3,45653,365.05,24464.0,4571884.0,195.62,236.0,188.71,,125061
Chautauqua,2023-04,2023,3.4,45890,366.94,24121.0,4474262.0,192.87,177.0,141.53,,125061
Chautauqua,2023-05,2023,3.5,46128,368.84,24041.0,4465230.0,192.23,235.0,187.91,,125061
Chautauqua,2023-06,2023,3.6,46359,370.69,23882.0,4434781.0,190.96,233.0,186.31,,125061
Chautauqua,2023-07,2023,3.9,45966,367.55,23731.0,4401139.0,189.76,223.0,178.31,,125061
Chautauqua,2023-08,2023,4.1,45618,364.77,23601.0,4394795.0,188.72,214.0,171.12,,125061
Chautauqua,2023-09,2023,3.5,45057,360.28,23453.0,4366521.0,187.53,204.0,163.12,,125061
Chautauqua,2023-10,2023,3.7,44553,356.25,23621.0,4598024.0,188.88,265.0,211.9,,125061
Chautauqua,2023-11,2023,4.0,43958,351.49,23605.0,4574572.0,188.75,288.0,230.29,,125061
Chautauqua,2023-12,2023,4.5,43228,345.66,23767.0,4594132.0,190.04,245.0,195.9,,125061
Chautauqua,2024-01,2024,5.1,42681,342.28,23858.0,4573498.0,191.33,295.0,236.57,,124697
Chautauqua,2024-02,2024,5.2,42135,337.9,24072.0,4589764.0,193.04,158.0,126.71,,124697
Chautauqua,2024-03,2024,4.7,41674,334.2,24044.0,4563472.0,192.82,190.0,152.37,,124697
Chautauqua,2024-04,2024,3.9,41002,328.81,23817.0,4513821.0,191.0,178.0,142.75,,124697
Chautauqua,2024-05,2024,3.6,40350,323.58,23842.0,4518070.0,191.2,227.0,182.04,,124697
Chautauqua,2024-06,2024,3.8,39656,318.02,23594.0,4460900.0,189.21,196.0,157.18,,124697
Chautauqua,2024-07,2024,4.2,39407,316.02,23703.0,4494988.0,190.08,218.0,174.82,,124697
Chautauqua,2024-08,2024,4.2,39400,315.97,23571.0,4493735.0,189.03,192.0,153.97,,124697
Chautauqua,2024-09,2024,3.4,39300,315.16,23522.0,4464523.0,188.63,222.0,178.03,,124697
Chautauqua,2024-10,2024,3.4,39154,313.99,23629.0,4559526.0,189.49,257.0,206.1,,124697
Chautauqua,2024-11,2024,3.8,39012,312.85,23509.0,4522126.0,188.53,290.0,232.56,,124697
Chautauqua,2024-12,2024,4.2,38883,311.82,23532.0,4524175.0,188.71,313.0,251.01,,124697
Chautauqua,2025-01,2025,5.2,38776,312.39,23653.0,4485327.0,190.56,,,,124126
Chautauqua,2025-02,2025,5.4,38680,311.62,23662.0,4484888.0,190.63,,,,124126
Chautauqua,2025-03,2025,4.7,38830,312.83,23800.0,4486517.0,191.74,,,,124126
Chautauqua,2025-04,2025,3.6,38800,312.59,23647.0,4467105.0,190.51,,,,124126
Chautauqua,2025-05,2025,3.2,38806,312.63,23504.0,4445251.0,189.36,,,,124126
Chautauqua,2025-06,2025,3.5,38800,312.59,23438.0,4418377.0,188.82,,,,124126
Chautauqua,2025-07,2025,4.2,38859,313.06,23304.0,4390832.0,187.74,,,,124126
Chautauqua,2025-08,2025,4.5,38836,312.88,23148.0,4367593.0,186.49,,,,124126
Chautauqua,2025-09,2025,4.3,38730,312.02,23011.0,4323875.0,185.38,,,,124126
Chautauqua,2025-10,2025,,38858,313.05,23167.0,4529377.0,186.64,,,,124126
Chautauqua,2025-11,2025,4.5,39068,314.74,22562.0,4377984.0,181.77,,,,124126
Chautauqua,2025-12,2025,4.7,39195,315.77,22600.0,4380541.0,182.07,,,,124126
Chemung,2018-01,2018,5.5,25993,309.68,14179.0,1773648.0,168.93,,,,83935
Chemung,2018-02,2018,5.8,25928,308.91,14022.0,1741193.0,167.06,,,,83935
Chemung,2018-03,2018,5.2,25976,309.48,14047.0,1752972.0,167.36,,,,83935
Chemung,2018-04,2018,4.5,25906,308.64,13873.0,1745931.0,165.28,,,,83935
Chemung,2018-05,2018,4.1,25856,308.05,13752.0,1745522.0,163.84,,,,83935
Chemung,2018-06,2018,4.4,25794,307.31,13811.0,1740625.0,164.54,,,,83935
Chemung,2018-07,2018,4.4,25854,308.02,13570.0,1725475.0,161.67,,,,83935
Chemung,2018-08,2018,4.2,25852,308.0,13518.0,1737301.0,161.05,,,,83935
Chemung,2018-09,2018,3.7,25751,306.8,13388.0,1713679.0,159.5,,,,83935
Chemung,2018-10,2018,3.7,25782,307.17,13369.0,1728041.0,159.28,,,,83935
Chemung,2018-11,2018,3.4,25748,306.76,13211.0,1692799.0,157.4,,,,83935
Chemung,2018-12,2018,3.9,25644,305.52,13210.0,1679468.0,157.38,,,,83935
Chemung,2019-01,2019,4.3,25685,307.77,13224.0,1663961.0,158.45,,,,83456
Chemung,2019-02,2019,4.3,25587,306.59,13094.0,1649128.0,156.9,,,,83456
Chemung,2019-03,2019,4.1,25435,304.77,13175.0,1652850.0,157.87,,,,83456
Chemung,2019-04,2019,3.5,25393,304.27,12895.0,1612558.0,154.51,,,,83456
Chemung,2019-05,2019,3.5,25383,304.15,12803.0,1615940.0,153.41,,,,83456
Chemung,2019-06,2019,3.7,25310,303.27,12755.0,1627315.0,152.84,,,,83456
Chemung,2019-07,2019,4.0,25390,304.23,12836.0,1645784.0,153.81,,,,83456
Chemung,2019-08,2019,4.0,25379,304.1,12783.0,1624023.0,153.17,,,,83456
Chemung,2019-09,2019,3.5,25236,302.39,12749.0,1633428.0,152.76,,,,83456
Chemung,2019-10,2019,3.7,25345,303.69,12769.0,1662257.0,153.0,,,,83456
Chemung,2019-11,2019,3.5,25155,301.42,12754.0,1656284.0,152.82,,,,83456
Chemung,2019-12,2019,4.1,25127,301.08,12870.0,1663040.0,154.21,,,,83456
Chemung,2020-01,2020,4.6,25227,301.57,12926.0,1645689.0,154.52,,,,83652
Chemung,2020-02,2020,4.6,25277,302.17,12919.0,1674259.0,154.44,,,,83652
Chemung,2020-03,2020,5.2,25217,301.45,13044.0,1697347.0,155.93,,,,83652
Chemung,2020-04,2020,17.8,25590,305.91,13822.0,2993086.0,165.23,,,,83652
Chemung,2020-05,2020,14.0,25879,309.36,13849.0,2498635.0,165.55,,,,83652
Chemung,2020-06,2020,10.5,26147,312.57,13684.0,2367798.0,163.58,,,,83652
Chemung,2020-07,2020,9.4,26446,316.14,13419.0,2428480.0,160.41,,,,83652
Chemung,2020-08,2020,7.4,26704,319.23,13205.0,2333560.0,157.86,,,,83652
Chemung,2020-09,2020,6.4,27007,322.85,13321.0,2224244.0,159.24,,,,83652
Chemung,2020-10,2020,5.6,27303,326.39,13472.0,2684798.0,161.05,,,,83652
Chemung,2020-11,2020,5.9,27503,328.78,13162.0,2454006.0,157.34,,,,83652
Chemung,2020-12,2020,6.3,27760,331.85,13404.0,2491734.0,160.24,,,,83652
Chemung,2021-01,2021,6.7,27922,336.16,13299.0,2838516.0,160.11,178.0,214.3,,83061
Chemung,2021-02,2021,7.0,28051,337.72,13337.0,2856349.0,160.57,140.0,168.55,,83061
Chemung,2021-03,2021,6.5,28116,338.5,13103.0,2791614.0,157.75,144.0,173.37,,83061
Chemung,2021-04,2021,5.6,28236,339.94,12835.0,3058366.0,154.52,115.0,138.45,,83061
Chemung,2021-05,2021,5.2,28485,342.94,12818.0,3069839.0,154.32,143.0,172.16,,83061
Chemung,2021-06,2021,5.6,28771,346.38,12985.0,3103217.0,156.33,169.0,203.46,,83061
Chemung,2021-07,2021,5.3,29027,349.47,13138.0,3147909.0,158.17,140.0,168.55,,83061
Chemung,2021-08,2021,5.0,29171,351.2,13025.0,3153231.0,156.81,130.0,156.51,,83061
Chemung,2021-09,2021,4.1,29358,353.45,12994.0,3087339.0,156.44,153.0,184.2,,83061
Chemung,2021-10,2021,3.8,29583,356.16,13132.0,3369671.0,158.1,178.0,214.3,,83061
Chemung,2021-11,2021,3.5,29614,356.53,13158.0,3366177.0,158.41,225.0,270.89,,83061
Chemung,2021-12,2021,3.2,29828,359.11,13353.0,3478694.0,160.76,187.0,225.14,,83061
Chemung,2022-01,2022,4.0,30104,369.22,13278.0,3441088.0,162.85,181.0,221.99,,81535
Chemung,2022-02,2022,4.3,30323,371.9,13594.0,3539546.0,166.73,197.0,241.61,,81535
Chemung,2022-03,2022,3.9,30604,375.35,13820.0,3533131.0,169.5,160.0,196.23,,81535
Chemung,2022-04,2022,3.3,30784,377.56,13976.0,3587895.0,171.41,140.0,171.71,,81535
Chemung,2022-05,2022,3.2,31048,380.79,13841.0,3529598.0,169.76,147.0,180.29,,81535
Chemung,2022-06,2022,3.5,31252,383.3,13991.0,3592998.0,171.6,167.0,204.82,,81535
Chemung,2022-07,2022,3.7,31572,387.22,14084.0,3696655.0,172.74,186.0,228.12,,81535
Chemung,2022-08,2022,3.9,31776,389.72,14089.0,3669594.0,172.8,191.0,234.26,,81535
Chemung,2022-09,2022,3.2,32091,393.59,14075.0,3663904.0,172.63,136.0,166.8,,81535
Chemung,2022-10,2022,3.0,32225,395.23,14086.0,4092303.0,172.76,185.0,226.9,,81535
Chemung,2022-11,2022,3.2,32352,396.79,14247.0,4218769.0,174.73,249.0,305.39,,81535
Chemung,2022-12,2022,3.4,32530,398.97,14376.0,4220462.0,176.32,220.0,269.82,,81535
Chemung,2023-01,2023,4.1,32778,404.22,14421.0,4183189.0,177.84,178.0,219.51,,81090
Chemung,2023-02,2023,4.3,32868,405.33,14455.0,4173622.0,178.26,153.0,188.68,,81090
Chemung,2023-03,2023,3.7,33172,409.08,14544.0,2886825.0,179.36,153.0,188.68,,81090
Chemung,2023-04,2023,3.0,33368,411.49,14207.0,2669765.0,175.2,103.0,127.02,,81090
Chemung,2023-05,2023,3.3,33489,412.99,14199.0,2715921.0,175.1,171.0,210.88,,81090
Chemung,2023-06,2023,3.5,33785,416.64,14235.0,2724470.0,175.55,156.0,192.38,,81090
Chemung,2023-07,2023,3.7,33605,414.42,14417.0,2770548.0,177.79,144.0,177.58,,81090
Chemung,2023-08,2023,3.9,33260,410.16,14270.0,2738525.0,175.98,145.0,178.81,,81090
Chemung,2023-09,2023,3.5,32950,406.34,14295.0,2727487.0,176.29,172.0,212.11,,81090
Chemung,2023-10,2023,3.5,32557,401.49,14344.0,2859217.0,176.89,177.0,218.28,,81090
Chemung,2023-11,2023,3.6,32140,396.35,14381.0,2860388.0,177.35,211.0,260.2,,81090
Chemung,2023-12,2023,3.9,31710,391.05,14479.0,2877776.0,178.55,169.0,208.41,,81090
Chemung,2024-01,2024,4.2,31284,387.0,14601.0,2867067.0,180.62,174.0,215.25,,80837
Chemung,2024-02,2024,4.4,30924,382.55,14537.0,2837687.0,179.83,143.0,176.9,,80837
Chemung,2024-03,2024,4.0,30637,379.0,14628.0,2854282.0,180.96,147.0,181.85,,80837
Chemung,2024-04,2024,3.5,30157,373.06,14502.0,2801970.0,179.4,136.0,168.24,,80837
Chemung,2024-05,2024,3.5,29863,369.42,14479.0,2801432.0,179.11,175.0,216.49,,80837
Chemung,2024-06,2024,3.7,29453,364.35,14475.0,2819777.0,179.06,154.0,190.51,,80837
Chemung,2024-07,2024,4.0,29402,363.72,14481.0,3249933.0,179.14,146.0,180.61,,80837
Chemung,2024-08,2024,4.1,29443,364.23,14559.0,2847214.0,180.1,136.0,168.24,,80837
Chemung,2024-09,2024,3.3,29350,363.08,14546.0,2823295.0,179.94,186.0,230.09,,80837
Chemung,2024-10,2024,3.4,29350,363.08,14543.0,2870088.0,179.91,228.0,282.05,,80837
Chemung,2024-11,2024,3.5,29250,361.84,14587.0,2897030.0,180.45,211.0,261.02,,80837
Chemung,2024-12,2024,3.7,29389,363.56,14524.0,2862930.0,179.67,222.0,274.63,,80837
Chemung,2025-01,2025,4.4,29324,364.66,14461.0,2818947.0,179.83,,,,80415
Chemung,2025-02,2025,4.7,29334,364.78,14482.0,2823181.0,180.09,,,,80415
Chemung,2025-03,2025,4.2,29415,365.79,14458.0,2819489.0,179.79,,,,80415
Chemung,2025-04,2025,3.2,29323,364.65,14461.0,2816042.0,179.83,,,,80415
Chemung,2025-05,2025,3.0,29141,362.38,14287.0,2779913.0,177.67,,,,80415
Chemung,2025-06,2025,3.3,29139,362.36,14163.0,2763503.0,176.12,,,,80415
Chemung,2025-07,2025,3.7,29235,363.55,14055.0,2757104.0,174.78,,,,80415
Chemung,2025-08,2025,4.0,29316,364.56,13953.0,2737652.0,173.51,,,,80415
Chemung,2025-09,2025,3.9,29455,366.29,13957.0,2726672.0,173.56,,,,80415
Chemung,2025-10,2025,,29541,367.36,13873.0,2793448.0,172.52,,,,80415
Chemung,2025-11,2025,3.8,29771,370.22,13393.0,2667775.0,166.55,,,,80415
Chemung,2025-12,2025,3.7,29835,371.01,13313.0,2627166.0,165.55,,,,80415
Chenango,2018-01,2018,6.9,13841,291.73,6726.0,748535.0,141.76,,,,47445
Chenango,2018-02,2018,7.0,13794,290.74,6773.0,754335.0,142.75,,,,47445
Chenango,2018-03,2018,6.3,13868,292.3,6731.0,755458.0,141.87,,,,47445
Chenango,2018-04,2018,5.1,13861,292.15,6678.0,748029.0,140.75,,,,47445
Chenango,2018-05,2018,4.0,13922,293.43,6553.0,732859.0,138.12,,,,47445
Chenango,2018-06,2018,4.3,13856,292.04,6424.0,708137.0,135.4,,,,47445
Chenango,2018-07,2018,4.1,13807,291.01,6352.0,703196.0,133.88,,,,47445
Chenango,2018-08,2018,3.8,13820,291.28,6221.0,692618.0,131.12,,,,47445
Chenango,2018-09,2018,3.5,13897,292.91,6162.0,693426.0,129.88,,,,47445
Chenango,2018-10,2018,3.5,13906,293.1,6134.0,692739.0,129.29,,,,47445
Chenango,2018-11,2018,3.7,13925,293.5,6136.0,693003.0,129.33,,,,47445
Chenango,2018-12,2018,4.8,13920,293.39,6245.0,708120.0,131.63,,,,47445
Chenango,2019-01,2019,5.7,13961,295.74,6342.0,715771.0,134.34,,,,47207
Chenango,2019-02,2019,5.7,13887,294.17,6302.0,711536.0,133.5,,,,47207
Chenango,2019-03,2019,5.3,13901,294.47,6262.0,702059.0,132.65,,,,47207
Chenango,2019-04,2019,4.0,13926,295.0,6131.0,690088.0,129.87,,,,47207
Chenango,2019-05,2019,3.7,13871,293.83,5990.0,674396.0,126.89,,,,47207
Chenango,2019-06,2019,3.9,13847,293.33,5952.0,664852.0,126.08,,,,47207
Chenango,2019-07,2019,4.4,13842,293.22,5816.0,653367.0,123.2,,,,47207
Chenango,2019-08,2019,4.1,13814,292.63,5764.0,649119.0,122.1,,,,47207
Chenango,2019-09,2019,3.6,13834,293.05,5763.0,643942.0,122.08,,,,47207
Chenango,2019-10,2019,3.7,13862,293.64,5769.0,652941.0,122.21,,,,47207
Chenango,2019-11,2019,4.1,13812,292.58,5847.0,656652.0,123.86,,,,47207
Chenango,2019-12,2019,4.9,13802,292.37,5809.0,656761.0,123.05,,,,47207
Chenango,2020-01,2020,5.6,13849,294.22,5828.0,652587.0,123.81,,,,47071
Chenango,2020-02,2020,5.8,13887,295.02,5856.0,653437.0,124.41,,,,47071
Chenango,2020-03,2020,6.5,13887,295.02,5828.0,647640.0,123.81,,,,47071
Chenango,2020-04,2020,13.6,14062,298.74,6028.0,1411540.0,128.06,,,,47071
Chenango,2020-05,2020,9.6,14197,301.61,6043.0,1111066.0,128.38,,,,47071
Chenango,2020-06,2020,7.5,14408,306.09,5781.0,933206.0,122.81,,,,47071
Chenango,2020-07,2020,7.9,14537,308.83,5285.0,1036423.0,112.28,,,,47071
Chenango,2020-08,2020,6.1,14739,313.12,5324.0,962874.0,113.11,,,,47071
Chenango,2020-09,2020,5.2,14927,317.12,5415.0,881288.0,115.04,,,,47071
Chenango,2020-10,2020,4.6,15140,321.64,5551.0,1165268.0,117.93,,,,47071
Chenango,2020-11,2020,4.7,15205,323.02,5611.0,1066557.0,119.2,,,,47071
Chenango,2020-12,2020,5.6,15361,326.34,5831.0,1110621.0,123.88,,,,47071
Chenango,2021-01,2021,6.1,15556,333.79,5824.0,1248942.0,124.97,119.0,255.34,,46604
Chenango,2021-02,2021,6.4,15598,334.69,5846.0,1266553.0,125.44,123.0,263.93,,46604
Chenango,2021-03,2021,6.2,15641,335.61,5908.0,1259632.0,126.77,98.0,210.28,,46604
Chenango,2021-04,2021,5.0,15705,336.99,5795.0,1365434.0,124.35,50.0,107.29,,46604
Chenango,2021-05,2021,4.4,15782,338.64,5747.0,1354686.0,123.32,74.0,158.78,,46604
Chenango,2021-06,2021,4.7,15865,340.42,5718.0,1355401.0,122.69,105.0,225.3,,46604
Chenango,2021-07,2021,4.6,15984,342.97,5733.0,1355451.0,123.02,86.0,184.53,,46604
Chenango,2021-08,2021,4.4,16071,344.84,5644.0,1339722.0,121.11,90.0,193.12,,46604
Chenango,2021-09,2021,3.5,16167,346.9,5684.0,1349636.0,121.96,94.0,201.7,,46604
Chenango,2021-10,2021,3.3,16219,348.02,5797.0,1478205.0,124.39,136.0,291.82,,46604
Chenango,2021-11,2021,3.1,16316,350.1,5850.0,1484697.0,125.53,144.0,308.99,,46604
Chenango,2021-12,2021,3.1,16385,351.58,5933.0,1531425.0,127.31,89.0,190.97,,46604
Chenango,2022-01,2022,4.3,16450,355.03,6032.0,1530958.0,130.19,118.0,254.67,,46334
Chenango,2022-02,2022,4.6,16520,356.54,6163.0,1577599.0,133.01,132.0,284.89,,46334
Chenango,2022-03,2022,4.1,16593,358.12,6178.0,1558064.0,133.34,110.0,237.41,,46334
Chenango,2022-04,2022,3.2,16627,358.85,6202.0,1594275.0,133.85,79.0,170.5,,46334
Chenango,2022-05,2022,3.0,16698,360.38,6202.0,1568470.0,133.85,80.0,172.66,,46334
Chenango,2022-06,2022,3.2,16799,362.56,6281.0,1596460.0,135.56,110.0,237.41,,46334
Chenango,2022-07,2022,3.5,16857,363.81,6250.0,1583074.0,134.89,111.0,239.56,,46334
Chenango,2022-08,2022,3.4,16898,364.7,6366.0,1605856.0,137.39,86.0,185.61,,46334
Chenango,2022-09,2022,2.8,17005,367.01,6394.0,1622407.0,138.0,107.0,230.93,,46334
Chenango,2022-10,2022,2.6,17000,366.9,6427.0,1830452.0,138.71,132.0,284.89,,46334
Chenango,2022-11,2022,2.9,17018,367.29,6562.0,1897717.0,141.62,153.0,330.21,,46334
Chenango,2022-12,2022,3.3,17057,368.13,6636.0,1911466.0,143.22,173.0,373.38,,46334
Chenango,2023-01,2023,4.2,17179,374.24,6699.0,1904588.0,145.93,111.0,241.81,,45904
Chenango,2023-02,2023,4.3,17210,374.91,6697.0,1893227.0,145.89,97.0,211.31,,45904
Chenango,2023-03,2023,3.7,17312,377.13,6725.0,1183738.0,146.5,97.0,211.31,,45904
Chenango,2023-04,2023,2.7,17342,377.79,6555.0,1134396.0,142.8,63.0,137.24,,45904
Chenango,2023-05,2023,2.8,17425,379.6,6561.0,1145448.0,142.93,82.0,178.63,,45904
Chenango,2023-06,2023,3.0,17522,381.71,6549.0,1144663.0,142.67,111.0,241.81,,45904
Chenango,2023-07,2023,3.3,17287,376.59,6448.0,1117624.0,140.47,92.0,200.42,,45904
Chenango,2023-08,2023,3.5,17082,372.12,6581.0,1146728.0,143.36,89.0,193.88,,45904
Chenango,2023-09,2023,3.1,16808,366.16,6553.0,1120566.0,142.75,106.0,230.92,,45904
Chenango,2023-10,2023,3.2,16572,361.01,6668.0,1208081.0,145.26,127.0,276.66,,45904
Chenango,2023-11,2023,3.4,16309,355.28,6651.0,1205522.0,144.89,169.0,368.16,,45904
Chenango,2023-12,2023,3.9,16024,349.08,6678.0,1192624.0,145.48,103.0,224.38,,45904
Chenango,2024-01,2024,4.4,15724,343.37,6659.0,1169599.0,145.42,130.0,283.89,,45793
Chenango,2024-02,2024,4.6,15439,337.15,6626.0,1151611.0,144.69,88.0,192.17,,45793
Chenango,2024-03,2024,4.0,15212,332.19,6705.0,1177045.0,146.42,86.0,187.8,,45793
Chenango,2024-04,2024,3.2,14942,326.29,6713.0,1159897.0,146.59,91.0,198.72,,45793
Chenango,2024-05,2024,2.9,14769,322.52,6757.0,1177936.0,147.56,102.0,222.74,,45793
Chenango,2024-06,2024,3.1,14507,316.8,6749.0,1174657.0,147.38,107.0,233.66,,45793
Chenango,2024-07,2024,3.7,14424,314.98,6778.0,1176841.0,148.01,97.0,211.82,,45793
Chenango,2024-08,2024,3.4,14301,312.3,6889.0,1200031.0,150.44,103.0,224.93,,45793
Chenango,2024-09,2024,2.8,14238,310.92,6854.0,1189847.0,149.67,96.0,209.64,,45793
Chenango,2024-10,2024,2.8,14194,309.96,6792.0,1209155.0,148.32,153.0,334.11,,45793
Chenango,2024-11,2024,3.0,14159,309.2,6801.0,1201465.0,148.52,180.0,393.07,,45793
Chenango,2024-12,2024,3.5,14176,309.57,6834.0,1201146.0,149.24,198.0,432.38,,45793
Chenango,2025-01,2025,4.3,14185,310.29,6838.0,1180196.0,149.58,,,,45715
Chenango,2025-02,2025,4.7,14116,308.78,6856.0,1193053.0,149.97,,,,45715
Chenango,2025-03,2025,4.1,14160,309.75,6750.0,1177132.0,147.65,,,,45715
Chenango,2025-04,2025,3.0,14269,312.13,6764.0,1186422.0,147.96,,,,45715
Chenango,2025-05,2025,2.6,14244,311.58,6635.0,1167656.0,145.14,,,,45715
Chenango,2025-06,2025,2.9,14262,311.98,6637.0,1160197.0,145.18,,,,45715
Chenango,2025-07,2025,3.5,14270,312.15,6597.0,1163429.0,144.31,,,,45715
Chenango,2025-08,2025,3.7,14276,312.28,6444.0,1136672.0,140.96,,,,45715
Chenango,2025-09,2025,3.5,14189,310.38,6430.0,1124745.0,140.65,,,,45715
Chenango,2025-10,2025,,14241,311.52,6456.0,1169610.0,141.22,,,,45715
Chenango,2025-11,2025,3.6,14279,312.35,6434.0,1161630.0,140.74,,,,45715
Chenango,2025-12,2025,3.8,14309,313.0,6351.0,1145788.0,138.93,,,,45715
Clinton,2018-01,2018,5.8,20055,248.58,10902.0,1284842.0,135.13,,,,80679
Clinton,2018-02,2018,5.8,20115,249.32,10872.0,1272535.0,134.76,,,,80679
Clinton,2018-03,2018,5.2,20174,250.05,10907.0,1275295.0,135.19,,,,80679
Clinton,2018-04,2018,4.5,20147,249.72,10766.0,1264894.0,133.44,,,,80679
Clinton,2018-05,2018,3.8,20051,248.53,10664.0,1266606.0,132.18,,,,80679
Clinton,2018-06,2018,4.4,19962,247.42,10628.0,1257494.0,131.73,,,,80679
Clinton,2018-07,2018,4.3,19868,246.26,10560.0,1253450.0,130.89,,,,80679
Clinton,2018-08,2018,3.9,19836,245.86,10534.0,1243231.0,130.57,,,,80679
Clinton,2018-09,2018,3.4,19800,245.42,10445.0,1235119.0,129.46,,,,80679
Clinton,2018-10,2018,3.4,19812,245.57,10416.0,1239914.0,129.1,,,,80679
Clinton,2018-11,2018,3.4,19737,244.64,10457.0,1235976.0,129.61,,,,80679
Clinton,2018-12,2018,4.1,19800,245.42,10523.0,1242163.0,130.43,,,,80679
Clinton,2019-01,2019,5.0,19806,246.08,10526.0,1242020.0,130.78,,,,80485
Clinton,2019-02,2019,4.8,19695,244.7,10379.0,1216975.0,128.96,,,,80485
Clinton,2019-03,2019,4.5,19710,244.89,10389.0,1222037.0,129.08,,,,80485
Clinton,2019-04,2019,4.0,19604,243.57,10206.0,1205991.0,126.81,,,,80485
Clinton,2019-05,2019,3.7,19590,243.4,10050.0,1190827.0,124.87,,,,80485
Clinton,2019-06,2019,3.9,19552,242.93,10063.0,1200919.0,125.03,,,,80485
Clinton,2019-07,2019,4.5,19571,243.16,9961.0,1187541.0,123.76,,,,80485
Clinton,2019-08,2019,4.2,19507,242.37,9914.0,1180974.0,123.18,,,,80485
Clinton,2019-09,2019,3.6,19454,241.71,9949.0,1185164.0,123.61,,,,80485
Clinton,2019-10,2019,3.7,19508,242.38,10051.0,1220882.0,124.88,,,,80485
Clinton,2019-11,2019,3.9,19429,241.4,10068.0,1210251.0,125.09,,,,80485
Clinton,2019-12,2019,4.5,19422,241.31,10154.0,1221056.0,126.16,,,,80485
Clinton,2020-01,2020,5.6,19560,245.38,10207.0,1217229.0,128.05,,,,79713
Clinton,2020-02,2020,5.2,19592,245.78,10207.0,1214150.0,128.05,,,,79713
Clinton,2020-03,2020,6.0,19647,246.47,10337.0,1241505.0,129.68,,,,79713
Clinton,2020-04,2020,17.9,19917,249.86,10739.0,2495431.0,134.72,,,,79713
Clinton,2020-05,2020,13.3,20107,252.24,10755.0,1988597.0,134.92,,,,79713
Clinton,2020-06,2020,9.3,20328,255.01,10643.0,1778301.0,133.52,,,,79713
Clinton,2020-07,2020,9.0,20527,257.51,10542.0,2015531.0,132.25,,,,79713
Clinton,2020-08,2020,6.5,20667,259.27,10670.0,1914832.0,133.86,,,,79713
Clinton,2020-09,2020,5.6,20845,261.5,10679.0,1756662.0,133.97,,,,79713
Clinton,2020-10,2020,4.8,21028,263.8,10573.0,2172641.0,132.64,,,,79713
Clinton,2020-11,2020,4.7,21155,265.39,10585.0,2020589.0,132.79,,,,79713
Clinton,2020-12,2020,5.7,21327,267.55,10782.0,2065265.0,135.26,,,,79713
Clinton,2021-01,2021,6.9,21482,271.81,10756.0,2331975.0,136.09,147.0,186.0,,79034
Clinton,2021-02,2021,6.5,21529,272.4,10729.0,2348523.0,135.75,118.0,149.3,,79034
Clinton,2021-03,2021,5.9,21648,273.91,10707.0,2335029.0,135.47,142.0,179.67,,79034
Clinton,2021-04,2021,5.0,21778,275.55,10547.0,2578268.0,133.45,146.0,184.73,,79034
Clinton,2021-05,2021,4.4,21878,276.82,10429.0,2560112.0,131.96,124.0,156.89,,79034
Clinton,2021-06,2021,5.0,21980,278.11,10405.0,2558818.0,131.65,139.0,175.87,,79034
Clinton,2021-07,2021,5.1,22095,279.56,10446.0,2560874.0,132.17,136.0,172.08,,79034
Clinton,2021-08,2021,4.7,22163,280.42,10575.0,2588387.0,133.8,127.0,160.69,,79034
Clinton,2021-09,2021,3.6,22273,281.82,10526.0,2591821.0,133.18,125.0,158.16,,79034
Clinton,2021-10,2021,3.4,22363,282.95,10586.0,2797370.0,133.94,171.0,216.36,,79034
Clinton,2021-11,2021,3.1,22442,283.95,10751.0,2828561.0,136.03,209.0,264.44,,79034
Clinton,2021-12,2021,2.9,22599,285.94,10798.0,2875987.0,136.62,213.0,269.5,,79034
Clinton,2022-01,2022,4.0,22744,291.55,10868.0,2857937.0,139.31,167.0,214.07,,78011
Clinton,2022-02,2022,4.1,22844,292.83,10935.0,2897489.0,140.17,160.0,205.1,,78011
Clinton,2022-03,2022,3.7,22914,293.73,11132.0,2946677.0,142.7,142.0,182.03,,78011
Clinton,2022-04,2022,3.1,22939,294.05,11227.0,2939662.0,143.92,134.0,171.77,,78011
Clinton,2022-05,2022,2.9,23006,294.91,11306.0,2951666.0,144.93,127.0,162.8,,78011
Clinton,2022-06,2022,3.3,23117,296.33,11372.0,2952017.0,145.77,141.0,180.74,,78011
Clinton,2022-07,2022,3.8,23188,297.24,11171.0,2909902.0,143.2,169.0,216.64,,78011
Clinton,2022-08,2022,3.9,23273,298.33,11216.0,2931048.0,143.77,161.0,206.38,,78011
Clinton,2022-09,2022,2.9,23363,299.48,11139.0,2916785.0,142.79,140.0,179.46,,78011
Clinton,2022-10,2022,2.6,23436,300.42,11206.0,3321979.0,143.65,207.0,265.35,,78011
Clinton,2022-11,2022,2.9,23518,301.47,11094.0,3295239.0,142.21,200.0,256.37,,78011
Clinton,2022-12,2022,3.1,23604,302.57,11310.0,3395453.0,144.98,219.0,280.73,,78011
Clinton,2023-01,2023,4.1,23776,305.19,11242.0,3329333.0,144.3,189.0,242.6,,77905
Clinton,2023-02,2023,3.9,23860,306.27,11384.0,3369817.0,146.13,186.0,238.75,,77905
Clinton,2023-03,2023,3.5,24029,308.44,11386.0,2128747.0,146.15,153.0,196.39,,77905
Clinton,2023-04,2023,2.9,24129,309.72,11312.0,2049661.0,145.2,106.0,136.06,,77905
Clinton,2023-05,2023,2.9,24154,310.04,11278.0,2048251.0,144.77,148.0,189.97,,77905
Clinton,2023-06,2023,3.2,24251,311.29,11357.0,2057847.0,145.78,138.0,177.14,,77905
Clinton,2023-07,2023,3.5,24001,308.08,11211.0,2030435.0,143.91,157.0,201.53,,77905
Clinton,2023-08,2023,3.7,23714,304.4,11149.0,2027700.0,143.11,135.0,173.29,,77905
Clinton,2023-09,2023,3.1,23356,299.8,11179.0,2040017.0,143.5,151.0,193.83,,77905
Clinton,2023-10,2023,3.2,23012,295.39,11149.0,2153585.0,143.11,190.0,243.89,,77905
Clinton,2023-11,2023,3.2,22681,291.14,11061.0,2128368.0,141.98,234.0,300.37,,77905
Clinton,2023-12,2023,3.7,22172,284.6,11218.0,2156409.0,144.0,171.0,219.5,,77905
Clinton,2024-01,2024,4.4,21732,279.22,11286.0,2163130.0,145.0,186.0,238.98,,77832
Clinton,2024-02,2024,4.5,21432,275.36,11406.0,2140255.0,146.55,156.0,200.43,,77832
Clinton,2024-03,2024,4.1,21130,271.48,11431.0,2160831.0,146.87,137.0,176.02,,77832
Clinton,2024-04,2024,3.6,20774,266.91,11454.0,2146825.0,147.16,139.0,178.59,,77832
Clinton,2024-05,2024,3.3,20508,263.49,11474.0,2151398.0,147.42,154.0,197.86,,77832
Clinton,2024-06,2024,3.6,20287,260.65,11465.0,2140406.0,147.3,165.0,212.0,,77832
Clinton,2024-07,2024,4.1,20094,258.17,11549.0,2158621.0,148.38,161.0,206.86,,77832
Clinton,2024-08,2024,4.0,20054,257.66,11599.0,2185877.0,149.03,140.0,179.87,,77832
Clinton,2024-09,2024,3.0,20004,257.02,11568.0,2170840.0,148.63,157.0,201.72,,77832
Clinton,2024-10,2024,3.1,19932,256.09,11568.0,2234930.0,148.63,199.0,255.68,,77832
Clinton,2024-11,2024,3.5,19835,254.84,11638.0,2229675.0,149.53,186.0,238.98,,77832
Clinton,2024-12,2024,3.7,19846,254.99,11682.0,2241776.0,150.09,194.0,249.25,,77832
Clinton,2025-01,2025,4.7,19783,253.18,11833.0,2232539.0,151.44,,,,78138
Clinton,2025-02,2025,4.9,19774,253.07,11828.0,2221823.0,151.37,,,,78138
Clinton,2025-03,2025,4.4,19972,255.6,11933.0,2253817.0,152.72,,,,78138
Clinton,2025-04,2025,3.4,19919,254.92,11868.0,2239990.0,151.89,,,,78138
Clinton,2025-05,2025,3.2,19876,254.37,11828.0,2238818.0,151.37,,,,78138
Clinton,2025-06,2025,3.5,19823,253.69,11800.0,2217051.0,151.01,,,,78138
Clinton,2025-07,2025,4.2,19853,254.08,11792.0,2222606.0,150.91,,,,78138
Clinton,2025-08,2025,4.3,19877,254.38,11597.0,2171396.0,148.42,,,,78138
Clinton,2025-09,2025,3.9,19921,254.95,11530.0,2147778.0,147.56,,,,78138
Clinton,2025-10,2025,,19969,255.56,11485.0,2232649.0,146.98,,,,78138
Clinton,2025-11,2025,3.7,20138,257.72,11344.0,2185616.0,145.18,,,,78138
Clinton,2025-12,2025,3.8,20126,257.57,11336.0,2205278.0,145.08,,,,78138
Columbia,2018-01,2018,4.7,14256,238.45,5862.0,717834.0,98.05,,,,59785
Columbia,2018-02,2018,4.9,14245,238.27,5804.0,708242.0,97.08,,,,59785
Columbia,2018-03,2018,4.3,14318,239.49,5762.0,715355.0,96.38,,,,59785
Columbia,2018-04,2018,3.5,14369,240.34,5689.0,697606.0,95.16,,,,59785
Columbia,2018-05,2018,3.1,14365,240.28,5671.0,693422.0,94.86,,,,59785
Columbia,2018-06,2018,3.3,14388,240.66,5605.0,684983.0,93.75,,,,59785
Columbia,2018-07,2018,3.2,14376,240.46,5531.0,683084.0,92.51,,,,59785
Columbia,2018-08,2018,3.1,14353,240.08,5477.0,686989.0,91.61,,,,59785
Columbia,2018-09,2018,2.8,14417,241.15,5483.0,679137.0,91.71,,,,59785
Columbia,2018-10,2018,2.9,14413,241.08,5434.0,675631.0,90.89,,,,59785
Columbia,2018-11,2018,2.8,14425,241.28,5378.0,667138.0,89.96,,,,59785
Columbia,2018-12,2018,3.2,14476,242.13,5422.0,669894.0,90.69,,,,59785
Columbia,2019-01,2019,3.9,14511,244.04,5468.0,665524.0,91.96,,,,59461
Columbia,2019-02,2019,4.0,14477,243.47,5474.0,669032.0,92.06,,,,59461
Columbia,2019-03,2019,3.8,14540,244.53,5405.0,655749.0,90.9,,,,59461
Columbia,2019-04,2019,3.0,14494,243.76,5336.0,651890.0,89.74,,,,59461
Columbia,2019-05,2019,2.9,14498,243.82,5333.0,654383.0,89.69,,,,59461
Columbia,2019-06,2019,3.1,14440,242.85,5279.0,647454.0,88.78,,,,59461
Columbia,2019-07,2019,3.3,14420,242.51,5258.0,656955.0,88.43,,,,59461
Columbia,2019-08,2019,3.3,14401,242.19,5221.0,652507.0,87.81,,,,59461
Columbia,2019-09,2019,2.8,14328,240.96,5224.0,651413.0,87.86,,,,59461
Columbia,2019-10,2019,2.9,14307,240.61,5206.0,666135.0,87.55,,,,59461
Columbia,2019-11,2019,3.0,14271,240.01,5199.0,652879.0,87.44,,,,59461
Columbia,2019-12,2019,3.4,14186,238.58,5227.0,657270.0,87.91,,,,59461
Columbia,2020-01,2020,4.0,14181,230.71,5283.0,658625.0,85.95,,,,61468
Columbia,2020-02,2020,4.1,14224,231.4,5294.0,661006.0,86.13,,,,61468
Columbia,2020-03,2020,4.7,14179,230.67,5398.0,672394.0,87.82,,,,61468
Columbia,2020-04,2020,12.9,14458,235.21,5770.0,1304959.0,93.87,,,,61468
Columbia,2020-05,2020,9.7,14604,237.59,5887.0,1061030.0,95.77,,,,61468
Columbia,2020-06,2020,8.0,14767,240.24,5875.0,1004045.0,95.58,,,,61468
Columbia,2020-07,2020,7.8,14966,243.48,5533.0,1032280.0,90.01,,,,61468
Columbia,2020-08,2020,6.0,15150,246.47,5412.0,964294.0,88.05,,,,61468
Columbia,2020-09,2020,5.2,15323,249.28,5500.0,906285.0,89.48,,,,61468
Columbia,2020-10,2020,4.3,15453,251.4,5503.0,1139617.0,89.53,,,,61468
Columbia,2020-11,2020,4.2,15628,254.25,5440.0,1034527.0,88.5,,,,61468
Columbia,2020-12,2020,4.7,15819,257.35,5404.0,1023328.0,87.92,,,,61468
Columbia,2021-01,2021,5.6,16015,258.52,5291.0,1153290.0,85.41,196.0,316.39,,61949
Columbia,2021-02,2021,5.8,16078,259.54,5324.0,1167010.0,85.94,166.0,267.96,,61949
Columbia,2021-03,2021,5.4,16203,261.55,5352.0,1163392.0,86.39,115.0,185.64,,61949
Columbia,2021-04,2021,4.3,16267,262.59,5359.0,1322567.0,86.51,95.0,153.35,,61949
Columbia,2021-05,2021,3.9,16368,264.22,5296.0,1300519.0,85.49,119.0,192.09,,61949
Columbia,2021-06,2021,4.2,16455,265.62,5204.0,1287987.0,84.0,172.0,277.65,,61949
Columbia,2021-07,2021,4.2,16552,267.19,5136.0,1281005.0,82.91,143.0,230.84,,61949
Columbia,2021-08,2021,4.0,16626,268.38,5102.0,1289855.0,82.36,154.0,248.59,,61949
Columbia,2021-09,2021,3.2,16758,270.51,5131.0,1278919.0,82.83,111.0,179.18,,61949
Columbia,2021-10,2021,3.0,16832,271.71,5238.0,1400585.0,84.55,185.0,298.63,,61949
Columbia,2021-11,2021,2.8,16902,272.84,5304.0,1412407.0,85.62,215.0,347.06,,61949
Columbia,2021-12,2021,2.6,17071,275.57,5483.0,1475471.0,88.51,162.0,261.51,,61949
Columbia,2022-01,2022,3.6,17199,281.14,5634.0,1483508.0,92.09,162.0,264.81,,61176
Columbia,2022-02,2022,3.8,17227,281.6,5642.0,1481063.0,92.23,164.0,268.08,,61176
Columbia,2022-03,2022,3.4,17319,283.1,5651.0,1484435.0,92.37,150.0,245.19,,61176
Columbia,2022-04,2022,2.7,17361,283.79,5648.0,1479466.0,92.32,116.0,189.62,,61176
Columbia,2022-05,2022,2.6,17404,284.49,5564.0,1451005.0,90.95,121.0,197.79,,61176
Columbia,2022-06,2022,2.9,17492,285.93,5594.0,1466634.0,91.44,186.0,304.04,,61176
Columbia,2022-07,2022,3.1,17572,287.24,5536.0,1452171.0,90.49,165.0,269.71,,61176
Columbia,2022-08,2022,3.2,17582,287.4,5548.0,1449420.0,90.69,133.0,217.41,,61176
Columbia,2022-09,2022,2.5,17682,289.03,5556.0,1461858.0,90.82,145.0,237.02,,61176
Columbia,2022-10,2022,2.4,17683,289.05,5533.0,1631487.0,90.44,177.0,289.33,,61176
Columbia,2022-11,2022,2.5,17740,289.98,5566.0,1658300.0,90.98,220.0,359.62,,61176
Columbia,2022-12,2022,2.6,17834,291.52,5614.0,1666776.0,91.77,256.0,418.46,,61176
Columbia,2023-01,2023,3.3,17962,296.37,5639.0,1661752.0,93.04,173.0,285.45,,60607
Columbia,2023-02,2023,3.6,18033,297.54,5668.0,1666645.0,93.52,119.0,196.35,,60607
Columbia,2023-03,2023,3.2,18082,298.35,5607.0,1085420.0,92.51,128.0,211.2,,60607
Columbia,2023-04,2023,2.4,18159,299.62,5665.0,1079555.0,93.47,105.0,173.25,,60607
Columbia,2023-05,2023,2.6,18200,300.3,5628.0,1067596.0,92.86,145.0,239.25,,60607
Columbia,2023-06,2023,2.7,18288,301.75,5618.0,1061987.0,92.7,136.0,224.4,,60607
Columbia,2023-07,2023,3.0,18086,298.41,5562.0,1040527.0,91.77,125.0,206.25,,60607
Columbia,2023-08,2023,3.4,17858,294.65,5518.0,1043101.0,91.05,120.0,198.0,,60607
Columbia,2023-09,2023,3.0,17517,289.03,5481.0,1021661.0,90.44,149.0,245.85,,60607
Columbia,2023-10,2023,3.0,17206,283.89,5456.0,1064379.0,90.02,167.0,275.55,,60607
Columbia,2023-11,2023,3.0,16930,279.34,5419.0,1054346.0,89.41,196.0,323.39,,60607
Columbia,2023-12,2023,3.1,16583,273.62,5440.0,1057049.0,89.76,154.0,254.1,,60607
Columbia,2024-01,2024,3.7,16313,270.13,5464.0,1044594.0,90.48,178.0,294.76,,60389
Columbia,2024-02,2024,4.1,16077,266.22,5488.0,1030047.0,90.88,114.0,188.78,,60389
Columbia,2024-03,2024,3.7,15805,261.72,5551.0,1039005.0,91.92,104.0,172.22,,60389
Columbia,2024-04,2024,3.0,15474,256.24,5512.0,1035597.0,91.27,117.0,193.74,,60389
Columbia,2024-05,2024,2.8,15182,251.4,5486.0,1048762.0,90.84,120.0,198.71,,60389
Columbia,2024-06,2024,2.9,14936,247.33,5404.0,1015521.0,89.49,135.0,223.55,,60389
Columbia,2024-07,2024,3.3,14823,245.46,5413.0,1027013.0,89.64,140.0,231.83,,60389
Columbia,2024-08,2024,3.2,14725,243.84,5427.0,1021705.0,89.87,109.0,180.5,,60389
Columbia,2024-09,2024,2.6,14635,242.35,5406.0,1019031.0,89.52,128.0,211.96,,60389
Columbia,2024-10,2024,2.7,14672,242.96,5352.0,1034611.0,88.63,191.0,316.28,,60389
Columbia,2024-11,2024,2.8,14625,242.18,5336.0,1027872.0,88.36,203.0,336.15,,60389
Columbia,2024-12,2024,2.9,14603,241.82,5215.0,999651.0,86.36,186.0,308.0,,60389
Columbia,2025-01,2025,3.7,14470,240.49,5160.0,978689.0,85.76,,,,60168
Columbia,2025-02,2025,4.1,14388,239.13,5213.0,993937.0,86.64,,,,60168
Columbia,2025-03,2025,3.7,14317,237.95,5222.0,992791.0,86.79,,,,60168
Columbia,2025-04,2025,2.7,14335,238.25,5204.0,987602.0,86.49,,,,60168
Columbia,2025-05,2025,2.5,14310,237.83,5187.0,980460.0,86.21,,,,60168
Columbia,2025-06,2025,2.7,14266,237.1,5133.0,956648.0,85.31,,,,60168
Columbia,2025-07,2025,3.2,14225,236.42,5091.0,959675.0,84.61,,,,60168
Columbia,2025-08,2025,3.4,14229,236.49,5085.0,967552.0,84.51,,,,60168
Columbia,2025-09,2025,3.3,14189,235.82,4980.0,937735.0,82.77,,,,60168
Columbia,2025-10,2025,,14203,236.06,4919.0,961543.0,81.75,,,,60168
Columbia,2025-11,2025,3.3,14310,237.83,4846.0,933865.0,80.54,,,,60168
Columbia,2025-12,2025,3.2,14314,237.9,4831.0,931577.0,80.29,,,,60168
Cortland,2018-01,2018,7.1,11621,243.51,6314.0,738075.0,132.31,,,,47722
Cortland,2018-02,2018,6.7,11694,245.04,6212.0,721790.0,130.17,,,,47722
Cortland,2018-03,2018,6.2,11648,244.08,6261.0,735179.0,131.2,,,,47722
Cortland,2018-04,2018,5.1,11652,244.16,6162.0,726196.0,129.12,,,,47722
Cortland,2018-05,2018,4.0,11697,245.11,5996.0,717267.0,125.64,,,,47722
Cortland,2018-06,2018,4.7,11702,245.21,5976.0,713822.0,125.23,,,,47722
Cortland,2018-07,2018,4.5,11704,245.25,5828.0,697050.0,122.12,,,,47722
Cortland,2018-08,2018,4.0,11721,245.61,5821.0,702923.0,121.98,,,,47722
Cortland,2018-09,2018,3.5,11691,244.98,5797.0,696853.0,121.47,,,,47722
Cortland,2018-10,2018,3.4,11701,245.19,5756.0,693496.0,120.62,,,,47722
Cortland,2018-11,2018,3.7,11693,245.02,5767.0,687518.0,120.85,,,,47722
Cortland,2018-12,2018,4.9,11748,246.18,5832.0,696325.0,122.21,,,,47722
Cortland,2019-01,2019,6.0,11778,247.54,5928.0,705393.0,124.59,,,,47581
Cortland,2019-02,2019,5.7,11814,248.29,5872.0,702085.0,123.41,,,,47581
Cortland,2019-03,2019,5.4,11846,248.96,5887.0,706185.0,123.73,,,,47581
Cortland,2019-04,2019,4.2,11801,248.02,5694.0,675592.0,119.67,,,,47581
Cortland,2019-05,2019,3.5,11763,247.22,5671.0,668519.0,119.19,,,,47581
Cortland,2019-06,2019,4.1,11748,246.91,5545.0,660802.0,116.54,,,,47581
Cortland,2019-07,2019,4.5,11722,246.36,5457.0,652414.0,114.69,,,,47581
Cortland,2019-08,2019,4.3,11707,246.04,5490.0,663632.0,115.38,,,,47581
Cortland,2019-09,2019,3.6,11721,246.34,5402.0,647358.0,113.53,,,,47581
Cortland,2019-10,2019,3.6,11739,246.72,5459.0,664896.0,114.73,,,,47581
Cortland,2019-11,2019,4.1,11695,245.79,5453.0,663421.0,114.6,,,,47581
Cortland,2019-12,2019,4.9,11670,245.27,5445.0,659451.0,114.44,,,,47581
Cortland,2020-01,2020,6.2,11685,249.97,5585.0,662301.0,119.48,,,,46745
Cortland,2020-02,2020,5.8,11665,249.55,5478.0,644488.0,117.19,,,,46745
Cortland,2020-03,2020,6.4,11582,247.77,5478.0,652152.0,117.19,,,,46745
Cortland,2020-04,2020,15.5,11769,251.77,5782.0,1335986.0,123.69,,,,46745
Cortland,2020-05,2020,11.5,11901,254.59,5857.0,1032097.0,125.3,,,,46745
Cortland,2020-06,2020,8.7,12049,257.76,5575.0,934872.0,119.26,,,,46745
Cortland,2020-07,2020,8.6,12164,260.22,5355.0,997915.0,114.56,,,,46745
Cortland,2020-08,2020,6.3,12233,261.7,5389.0,947308.0,115.29,,,,46745
Cortland,2020-09,2020,5.4,12345,264.09,5534.0,906813.0,118.39,,,,46745
Cortland,2020-10,2020,4.7,12453,266.4,5585.0,1121206.0,119.48,,,,46745
Cortland,2020-11,2020,5.1,12558,268.65,5531.0,1038788.0,118.32,,,,46745
Cortland,2020-12,2020,6.1,12703,271.75,5571.0,1051886.0,119.18,,,,46745
Cortland,2021-01,2021,7.0,12805,275.45,5527.0,1178401.0,118.89,161.0,346.33,,46488
Cortland,2021-02,2021,6.9,12879,277.04,5574.0,1193026.0,119.9,165.0,354.93,,46488
Cortland,2021-03,2021,6.4,12964,278.87,5535.0,1180691.0,119.06,130.0,279.64,,46488
Cortland,2021-04,2021,5.2,13054,280.8,5435.0,1291084.0,116.91,111.0,238.77,,46488
Cortland,2021-05,2021,4.7,13132,282.48,5401.0,1297199.0,116.18,111.0,238.77,,46488
Cortland,2021-06,2021,5.3,13148,282.83,5349.0,1277243.0,115.06,114.0,245.22,,46488
Cortland,2021-07,2021,5.2,13199,283.92,5326.0,1278129.0,114.57,101.0,217.26,,46488
Cortland,2021-08,2021,4.8,13273,285.51,5336.0,1288095.0,114.78,98.0,210.81,,46488
Cortland,2021-09,2021,3.6,13346,287.08,5427.0,1307091.0,116.74,123.0,264.58,,46488
Cortland,2021-10,2021,3.4,13442,289.15,5604.0,1462915.0,120.55,143.0,307.61,,46488
Cortland,2021-11,2021,3.3,13480,289.97,5708.0,1467218.0,122.78,152.0,326.97,,46488
Cortland,2021-12,2021,3.3,13580,292.12,5803.0,1513537.0,124.83,116.0,249.53,,46488
Cortland,2022-01,2022,4.8,13660,296.13,5974.0,1535144.0,129.51,153.0,331.69,,46128
Cortland,2022-02,2022,4.6,13723,297.5,5988.0,1545969.0,129.81,146.0,316.51,,46128
Cortland,2022-03,2022,4.1,13838,299.99,6025.0,1543368.0,130.61,136.0,294.83,,46128
Cortland,2022-04,2022,3.4,13855,300.36,5990.0,1545384.0,129.86,121.0,262.31,,46128
Cortland,2022-05,2022,3.0,13890,301.12,6006.0,1519604.0,130.2,107.0,231.96,,46128
Cortland,2022-06,2022,3.6,13954,302.51,5911.0,1504836.0,128.14,112.0,242.8,,46128
Cortland,2022-07,2022,3.9,14025,304.05,5922.0,1512269.0,128.38,109.0,236.3,,46128
Cortland,2022-08,2022,3.9,14025,304.05,5938.0,1530553.0,128.73,109.0,236.3,,46128
Cortland,2022-09,2022,2.9,14121,306.13,5871.0,1515154.0,127.28,122.0,264.48,,46128
Cortland,2022-10,2022,2.9,14112,305.93,5851.0,1694431.0,126.84,138.0,299.17,,46128
Cortland,2022-11,2022,3.4,14140,306.54,5847.0,1686614.0,126.76,149.0,323.01,,46128
Cortland,2022-12,2022,3.9,14188,307.58,5960.0,1731582.0,129.21,210.0,455.25,,46128
Cortland,2023-01,2023,5.0,14316,311.19,5967.0,1719172.0,129.71,114.0,247.8,,46004
Cortland,2023-02,2023,4.7,14350,311.93,6011.0,1717889.0,130.66,138.0,299.97,,46004
Cortland,2023-03,2023,4.2,14467,314.47,5975.0,1105917.0,129.88,147.0,319.54,,46004
Cortland,2023-04,2023,3.3,14553,316.34,5944.0,1097921.0,129.21,80.0,173.9,,46004
Cortland,2023-05,2023,3.3,14615,317.69,5822.0,1051225.0,126.55,110.0,239.11,,46004
Cortland,2023-06,2023,3.7,14737,320.34,5828.0,1068853.0,126.68,123.0,267.37,,46004
Cortland,2023-07,2023,3.9,14507,315.34,5714.0,1047743.0,124.21,79.0,171.72,,46004
Cortland,2023-08,2023,4.2,14271,310.21,5683.0,1047393.0,123.53,92.0,199.98,,46004
Cortland,2023-09,2023,3.5,14141,307.39,5622.0,1028886.0,122.21,108.0,234.76,,46004
Cortland,2023-10,2023,3.8,13904,302.23,5673.0,1086578.0,123.32,102.0,221.72,,46004
Cortland,2023-11,2023,4.1,13663,297.0,5657.0,1076503.0,122.97,157.0,341.27,,46004
Cortland,2023-12,2023,4.9,13343,290.04,5680.0,1082139.0,123.47,115.0,249.98,,46004
Cortland,2024-01,2024,5.8,13099,284.38,5717.0,1071788.0,124.12,209.0,453.74,,46062
Cortland,2024-02,2024,5.4,12925,280.6,5765.0,1071835.0,125.16,99.0,214.93,,46062
Cortland,2024-03,2024,4.7,12820,278.32,5783.0,1079361.0,125.55,112.0,243.15,,46062
Cortland,2024-04,2024,3.8,12576,273.02,5742.0,1067574.0,124.66,77.0,167.17,,46062
Cortland,2024-05,2024,3.6,12365,268.44,5764.0,1076614.0,125.14,96.0,208.41,,46062
Cortland,2024-06,2024,4.0,12164,264.08,5681.0,1050891.0,123.33,89.0,193.22,,46062
Cortland,2024-07,2024,4.3,12129,263.32,5685.0,1051992.0,123.42,114.0,247.49,,46062
Cortland,2024-08,2024,4.2,12183,264.49,5644.0,1043827.0,122.53,87.0,188.88,,46062
Cortland,2024-09,2024,3.1,12151,263.8,5649.0,1041270.0,122.64,89.0,193.22,,46062
Cortland,2024-10,2024,3.2,12134,263.43,5647.0,1069833.0,122.6,129.0,280.06,,46062
Cortland,2024-11,2024,3.9,12051,261.63,5615.0,1063239.0,121.9,142.0,308.28,,46062
Cortland,2024-12,2024,4.3,12058,261.78,5646.0,1066332.0,122.57,200.0,434.2,,46062
Cortland,2025-01,2025,5.4,12016,262.07,5649.0,1056098.0,123.21,,,,45850
Cortland,2025-02,2025,5.4,11969,261.05,5696.0,1062047.0,124.23,,,,45850
Cortland,2025-03,2025,4.6,12001,261.74,5702.0,1076235.0,124.36,,,,45850
Cortland,2025-04,2025,3.6,12000,261.72,5614.0,1052366.0,122.44,,,,45850
Cortland,2025-05,2025,3.1,11920,259.98,5633.0,1063093.0,122.86,,,,45850
Cortland,2025-06,2025,3.6,11898,259.5,5537.0,1043725.0,120.76,,,,45850
Cortland,2025-07,2025,4.2,11875,259.0,5470.0,1038534.0,119.3,,,,45850
Cortland,2025-08,2025,4.4,11812,257.62,5449.0,1031979.0,118.84,,,,45850
Cortland,2025-09,2025,4.0,11885,259.21,5460.0,1029913.0,119.08,,,,45850
Cortland,2025-10,2025,,11920,259.98,5407.0,1057986.0,117.93,,,,45850
Cortland,2025-11,2025,4.4,12001,261.74,5302.0,1023854.0,115.64,,,,45850
Cortland,2025-12,2025,4.8,12020,262.16,5305.0,1034595.0,115.7,,,,45850
Delaware,2018-01,2018,6.7,10446,234.6,5452.0,612903.0,122.45,,,,44526
Delaware,2018-02,2018,6.7,10425,234.13,5403.0,605690.0,121.34,,,,44526
Delaware,2018-03,2018,5.9,10368,232.85,5398.0,606902.0,121.23,,,,44526
Delaware,2018-04,2018,5.1,10371,232.92,5191.0,583058.0,116.58,,,,44526
Delaware,2018-05,2018,4.0,10396,233.48,5043.0,567887.0,113.26,,,,44526
Delaware,2018-06,2018,4.6,10409,233.77,4920.0,549291.0,110.5,,,,44526
Delaware,2018-07,2018,4.3,10409,233.77,4838.0,536480.0,108.66,,,,44526
Delaware,2018-08,2018,3.9,10448,234.65,4742.0,537779.0,106.5,,,,44526
Delaware,2018-09,2018,3.6,10418,233.98,4654.0,515349.0,104.52,,,,44526
Delaware,2018-10,2018,3.6,10428,234.2,4656.0,518070.0,104.57,,,,44526
Delaware,2018-11,2018,3.6,10456,234.83,4681.0,519113.0,105.13,,,,44526
Delaware,2018-12,2018,4.2,10418,233.98,4663.0,517780.0,104.73,,,,44526
Delaware,2019-01,2019,5.5,10379,235.16,4682.0,521223.0,106.08,,,,44135
Delaware,2019-02,2019,5.6,10327,233.99,4580.0,506302.0,103.77,,,,44135
Delaware,2019-03,2019,5.0,10313,233.67,4515.0,496838.0,102.3,,,,44135
Delaware,2019-04,2019,4.1,10350,234.51,4444.0,496307.0,100.69,,,,44135
Delaware,2019-05,2019,3.7,10367,234.89,4443.0,494910.0,100.67,,,,44135
Delaware,2019-06,2019,4.1,10318,233.78,4328.0,476056.0,98.06,,,,44135
Delaware,2019-07,2019,4.8,10356,234.64,4340.0,479338.0,98.33,,,,44135
Delaware,2019-08,2019,4.4,10319,233.81,4295.0,475885.0,97.32,,,,44135
Delaware,2019-09,2019,3.6,10283,232.99,4210.0,462121.0,95.39,,,,44135
Delaware,2019-10,2019,3.8,10214,231.43,4109.0,458830.0,93.1,,,,44135
Delaware,2019-11,2019,4.0,10172,230.47,4148.0,465566.0,93.98,,,,44135
Delaware,2019-12,2019,4.5,10153,230.04,4239.0,477064.0,96.05,,,,44135
Delaware,2020-01,2020,5.3,10145,229.45,4216.0,468959.0,95.35,,,,44215
Delaware,2020-02,2020,5.5,10170,230.01,4206.0,465812.0,95.13,,,,44215
Delaware,2020-03,2020,6.2,10255,231.93,4218.0,482095.0,95.4,,,,44215
Delaware,2020-04,2020,13.8,10394,235.08,4491.0,1049555.0,101.57,,,,44215
Delaware,2020-05,2020,10.1,10540,238.38,4602.0,844616.0,104.08,,,,44215
Delaware,2020-06,2020,7.9,10627,240.35,4387.0,700033.0,99.22,,,,44215
Delaware,2020-07,2020,8.0,10747,243.06,4044.0,794694.0,91.46,,,,44215
Delaware,2020-08,2020,6.2,10850,245.39,3916.0,698721.0,88.57,,,,44215
Delaware,2020-09,2020,5.3,10968,248.06,3982.0,645227.0,90.06,,,,44215
Delaware,2020-10,2020,4.6,11077,250.53,4118.0,844782.0,93.14,,,,44215
Delaware,2020-11,2020,4.6,11184,252.95,4204.0,811854.0,95.08,,,,44215
Delaware,2020-12,2020,5.3,11322,256.07,4334.0,824261.0,98.02,,,,44215
Delaware,2021-01,2021,6.2,11390,254.6,4338.0,927744.0,96.97,133.0,297.3,,44736
Delaware,2021-02,2021,6.5,11358,253.89,4436.0,955841.0,99.16,100.0,223.53,,44736
Delaware,2021-03,2021,6.4,11461,256.19,4483.0,960681.0,100.21,95.0,212.36,,44736
Delaware,2021-04,2021,5.0,11547,258.11,4417.0,1032781.0,98.73,72.0,160.94,,44736
Delaware,2021-05,2021,4.4,11579,258.83,4423.0,1036268.0,98.87,64.0,143.06,,44736
Delaware,2021-06,2021,5.0,11687,261.24,4429.0,1044525.0,99.0,102.0,228.0,,44736
Delaware,2021-07,2021,5.2,11753,262.72,4402.0,1033241.0,98.4,101.0,225.77,,44736
Delaware,2021-08,2021,4.7,11811,264.02,4409.0,1047626.0,98.56,91.0,203.42,,44736
Delaware,2021-09,2021,3.7,11843,264.73,4417.0,1035694.0,98.73,81.0,181.06,,44736
Delaware,2021-10,2021,3.4,11878,265.51,4381.0,1110400.0,97.93,111.0,248.12,,44736
Delaware,2021-11,2021,3.2,11897,265.94,4500.0,1135839.0,100.59,134.0,299.54,,44736
Delaware,2021-12,2021,3.1,12016,268.6,4503.0,1145150.0,100.66,106.0,236.95,,44736
Delaware,2022-01,2022,4.5,12032,268.75,4546.0,1155072.0,101.54,118.0,263.56,,44771
Delaware,2022-02,2022,4.7,12039,268.9,4584.0,1158907.0,102.39,127.0,283.67,,44771
Delaware,2022-03,2022,4.2,12085,269.93,4601.0,1154520.0,102.77,109.0,243.46,,44771
Delaware,2022-04,2022,3.4,12100,270.26,4565.0,1154342.0,101.96,63.0,140.72,,44771
Delaware,2022-05,2022,3.2,12121,270.73,4549.0,1151313.0,101.61,70.0,156.35,,44771
Delaware,2022-06,2022,3.7,12168,271.78,4587.0,1166739.0,102.45,128.0,285.9,,44771
Delaware,2022-07,2022,4.1,12244,273.48,4551.0,1138462.0,101.65,108.0,241.23,,44771
Delaware,2022-08,2022,3.9,12296,274.64,4538.0,1146179.0,101.36,113.0,252.4,,44771
Delaware,2022-09,2022,3.2,12348,275.8,4588.0,1160283.0,102.48,104.0,232.29,,44771
Delaware,2022-10,2022,3.0,12353,275.92,4663.0,1330031.0,104.15,96.0,214.42,,44771
Delaware,2022-11,2022,3.3,12383,276.59,4727.0,1349425.0,105.58,134.0,299.3,,44771
Delaware,2022-12,2022,3.7,12448,278.04,4841.0,1393004.0,108.13,157.0,350.67,,44771
Delaware,2023-01,2023,4.8,12487,280.4,4858.0,1392596.0,109.09,109.0,244.76,,44533
Delaware,2023-02,2023,4.6,12519,281.12,4931.0,1400102.0,110.73,97.0,217.82,,44533
Delaware,2023-03,2023,4.0,12554,281.9,4843.0,812455.0,108.75,119.0,267.22,,44533
Delaware,2023-04,2023,3.1,12568,282.22,4825.0,813811.0,108.35,59.0,132.49,,44533
Delaware,2023-05,2023,3.2,12598,282.89,4780.0,813335.0,107.34,88.0,197.61,,44533
Delaware,2023-06,2023,3.7,12648,284.01,4762.0,818201.0,106.93,108.0,242.52,,44533
Delaware,2023-07,2023,4.0,12533,281.43,4740.0,799396.0,106.44,107.0,240.27,,44533
Delaware,2023-08,2023,4.1,12338,277.05,4642.0,779946.0,104.24,99.0,222.31,,44533
Delaware,2023-09,2023,3.5,12140,272.61,4565.0,769077.0,102.51,94.0,211.08,,44533
Delaware,2023-10,2023,3.7,11986,269.15,4515.0,790429.0,101.39,110.0,247.01,,44533
Delaware,2023-11,2023,3.7,11797,264.9,4580.0,812811.0,102.85,157.0,352.55,,44533
Delaware,2023-12,2023,4.3,11595,260.37,4677.0,822442.0,105.02,126.0,282.94,,44533
Delaware,2024-01,2024,5.0,11380,255.84,4834.0,824361.0,108.68,142.0,319.24,,44481
Delaware,2024-02,2024,5.1,11266,253.28,4837.0,813759.0,108.74,75.0,168.61,,44481
Delaware,2024-03,2024,4.5,11047,248.35,4873.0,822503.0,109.55,75.0,168.61,,44481
Delaware,2024-04,2024,3.7,10821,243.27,4764.0,804236.0,107.1,80.0,179.85,,44481
Delaware,2024-05,2024,3.5,10651,239.45,4774.0,809150.0,107.33,87.0,195.59,,44481
Delaware,2024-06,2024,3.8,10537,236.89,4710.0,798078.0,105.89,125.0,281.02,,44481
Delaware,2024-07,2024,4.3,10418,234.21,4662.0,797589.0,104.81,99.0,222.57,,44481
Delaware,2024-08,2024,4.0,10410,234.03,4641.0,800395.0,104.34,86.0,193.34,,44481
Delaware,2024-09,2024,3.1,10390,233.58,4587.0,784727.0,103.12,104.0,233.81,,44481
Delaware,2024-10,2024,3.1,10341,232.48,4666.0,819518.0,104.9,156.0,350.71,,44481
Delaware,2024-11,2024,3.4,10315,231.9,4628.0,814505.0,104.04,168.0,377.69,,44481
Delaware,2024-12,2024,3.9,10315,231.9,4628.0,822302.0,104.04,174.0,391.18,,44481
Delaware,2025-01,2025,4.9,10259,231.55,4684.0,822915.0,105.72,,,,44305
Delaware,2025-02,2025,5.2,10252,231.4,4741.0,832530.0,107.01,,,,44305
Delaware,2025-03,2025,4.6,10265,231.69,4832.0,855079.0,109.06,,,,44305
Delaware,2025-04,2025,3.4,10296,232.39,4831.0,844903.0,109.04,,,,44305
Delaware,2025-05,2025,3.1,10345,233.5,4857.0,849935.0,109.63,,,,44305
Delaware,2025-06,2025,3.5,10332,233.2,4730.0,826880.0,106.76,,,,44305
Delaware,2025-07,2025,4.3,10275,231.92,4642.0,815579.0,104.77,,,,44305
Delaware,2025-08,2025,4.4,10251,231.37,4643.0,811147.0,104.8,,,,44305
Delaware,2025-09,2025,4.2,10270,231.8,4562.0,803755.0,102.97,,,,44305
Delaware,2025-10,2025,,10267,231.73,4525.0,828590.0,102.13,,,,44305
Delaware,2025-11,2025,4.2,10345,233.5,4436.0,797807.0,100.12,,,,44305
Delaware,2025-12,2025,4.3,10451,235.89,4435.0,794508.0,100.1,,,,44305
Dutchess,2018-01,2018,4.3,55168,187.69,18013.0,2263939.0,61.28,,,,293939
Dutchess,2018-02,2018,4.5,55347,188.29,17821.0,2240180.0,60.63,,,,293939
Dutchess,2018-03,2018,4.0,55439,188.61,17958.0,2285567.0,61.09,,,,293939
Dutchess,2018-04,2018,3.5,55390,188.44,17884.0,2262125.0,60.84,,,,293939
Dutchess,2018-05,2018,3.3,55460,188.68,18223.0,2284605.0,62.0,,,,293939
Dutchess,2018-06,2018,3.7,55639,189.29,18248.0,2281564.0,62.08,,,,293939
Dutchess,2018-07,2018,3.6,55499,188.81,18318.0,2291750.0,62.32,,,,293939
Dutchess,2018-08,2018,3.5,55570,189.05,18233.0,2315638.0,62.03,,,,293939
Dutchess,2018-09,2018,3.1,55599,189.15,18039.0,2277047.0,61.37,,,,293939
Dutchess,2018-10,2018,3.1,55687,189.45,18069.0,2306869.0,61.47,,,,293939
Dutchess,2018-11,2018,2.9,55816,189.89,17730.0,2245973.0,60.32,,,,293939
Dutchess,2018-12,2018,3.1,55912,190.22,17863.0,2279221.0,60.77,,,,293939
Dutchess,2019-01,2019,3.6,56284,191.3,17907.0,2272599.0,60.86,,,,294218
Dutchess,2019-02,2019,3.7,56274,191.27,17696.0,2236826.0,60.15,,,,294218
Dutchess,2019-03,2019,3.4,56341,191.49,17794.0,2274666.0,60.48,,,,294218
Dutchess,2019-04,2019,3.0,56338,191.48,17606.0,2238109.0,59.84,,,,294218
Dutchess,2019-05,2019,3.0,56497,192.02,17546.0,2235131.0,59.64,,,,294218
Dutchess,2019-06,2019,3.3,56416,191.75,17555.0,2240674.0,59.67,,,,294218
Dutchess,2019-07,2019,3.6,56554,192.22,17622.0,2268810.0,59.89,,,,294218
Dutchess,2019-08,2019,3.6,56652,192.55,17478.0,2246797.0,59.4,,,,294218
Dutchess,2019-09,2019,3.2,56577,192.3,17428.0,2239227.0,59.23,,,,294218
Dutchess,2019-10,2019,3.3,56704,192.73,17730.0,2311338.0,60.26,,,,294218
Dutchess,2019-11,2019,3.2,56541,192.17,17562.0,2267307.0,59.69,,,,294218
Dutchess,2019-12,2019,3.4,56504,192.05,17561.0,2265243.0,59.69,,,,294218
Dutchess,2020-01,2020,3.8,56692,191.33,17568.0,2271918.0,59.29,,,,296309
Dutchess,2020-02,2020,3.8,56965,192.25,17566.0,2276339.0,59.28,,,,296309
Dutchess,2020-03,2020,4.4,56854,191.87,17653.0,2297074.0,59.58,,,,296309
Dutchess,2020-04,2020,15.7,58296,196.74,18537.0,4197853.0,62.56,,,,296309
Dutchess,2020-05,2020,11.9,59297,200.12,19176.0,3520394.0,64.72,,,,296309
Dutchess,2020-06,2020,10.0,60058,202.69,18850.0,3333163.0,63.62,,,,296309
Dutchess,2020-07,2020,9.3,60821,205.26,17254.0,3217024.0,58.23,,,,296309
Dutchess,2020-08,2020,7.1,61614,207.94,16652.0,3021773.0,56.2,,,,296309
Dutchess,2020-09,2020,6.2,62425,210.68,16978.0,2938633.0,57.3,,,,296309
Dutchess,2020-10,2020,5.1,63122,213.03,17090.0,3558228.0,57.68,,,,296309
Dutchess,2020-11,2020,4.8,63824,215.4,17004.0,3318535.0,57.39,,,,296309
Dutchess,2020-12,2020,5.1,64900,219.03,17161.0,3359537.0,57.92,,,,296309
Dutchess,2021-01,2021,5.7,65564,220.27,16992.0,3778550.0,57.09,507.0,170.33,,297659
Dutchess,2021-02,2021,6.0,65708,220.75,16954.0,3800161.0,56.96,492.0,165.29,,297659
Dutchess,2021-03,2021,5.5,66181,222.34,17169.0,3959727.0,57.68,458.0,153.87,,297659
Dutchess,2021-04,2021,4.8,66603,223.76,17263.0,4445379.0,58.0,466.0,156.55,,297659
Dutchess,2021-05,2021,4.3,66973,225.0,17368.0,4449678.0,58.35,542.0,182.09,,297659
Dutchess,2021-06,2021,4.8,67599,227.1,17473.0,4411554.0,58.7,632.0,212.32,,297659
Dutchess,2021-07,2021,4.7,68137,228.91,17648.0,4445257.0,59.29,546.0,183.43,,297659
Dutchess,2021-08,2021,4.4,68617,230.52,17527.0,4403143.0,58.88,551.0,185.11,,297659
Dutchess,2021-09,2021,3.7,69185,232.43,17566.0,4400047.0,59.01,614.0,206.28,,297659
Dutchess,2021-10,2021,3.4,69734,234.27,17670.0,4787689.0,59.36,695.0,233.49,,297659
Dutchess,2021-11,2021,3.0,69955,235.02,17632.0,4761466.0,59.24,715.0,240.21,,297659
Dutchess,2021-12,2021,2.7,70605,237.2,17809.0,4936060.0,59.83,665.0,223.41,,297659
Dutchess,2022-01,2022,3.6,71163,239.43,17651.0,4812422.0,59.39,632.0,212.64,,297214
Dutchess,2022-02,2022,3.7,71526,240.65,17543.0,4850584.0,59.02,594.0,199.86,,297214
Dutchess,2022-03,2022,3.3,71964,242.13,17905.0,5098511.0,60.24,578.0,194.47,,297214
Dutchess,2022-04,2022,2.7,72082,242.53,17861.0,5012863.0,60.09,504.0,169.57,,297214
Dutchess,2022-05,2022,2.8,72249,243.09,17925.0,5007485.0,60.31,659.0,221.73,,297214
Dutchess,2022-06,2022,3.1,72642,244.41,18026.0,5051037.0,60.65,673.0,226.44,,297214
Dutchess,2022-07,2022,3.2,73031,245.72,18008.0,5000995.0,60.59,638.0,214.66,,297214
Dutchess,2022-08,2022,3.3,73281,246.56,18089.0,4977795.0,60.86,625.0,210.29,,297214
Dutchess,2022-09,2022,2.7,73681,247.91,18134.0,4949739.0,61.01,667.0,224.42,,297214
Dutchess,2022-10,2022,2.5,73781,248.24,18094.0,5469754.0,60.88,668.0,224.75,,297214
Dutchess,2022-11,2022,2.6,73921,248.71,18047.0,5496722.0,60.72,660.0,222.06,,297214
Dutchess,2022-12,2022,2.6,74493,250.64,18049.0,5514642.0,60.73,790.0,265.8,,297214
Dutchess,2023-01,2023,3.2,74994,252.12,18015.0,5466139.0,60.56,560.0,188.27,,297451
Dutchess,2023-02,2023,3.3,75226,252.9,17820.0,5398156.0,59.91,517.0,173.81,,297451
Dutchess,2023-03,2023,2.9,75712,254.54,17669.0,3624073.0,59.4,588.0,197.68,,297451
Dutchess,2023-04,2023,2.3,76051,255.68,17683.0,3627241.0,59.45,521.0,175.15,,297451
Dutchess,2023-05,2023,2.7,76300,256.51,17790.0,3628377.0,59.81,601.0,202.05,,297451
Dutchess,2023-06,2023,2.9,76811,258.23,17832.0,3604286.0,59.95,586.0,197.01,,297451
Dutchess,2023-07,2023,3.1,75856,255.02,17840.0,3537901.0,59.98,618.0,207.77,,297451
Dutchess,2023-08,2023,3.4,74567,250.69,17906.0,3554589.0,60.2,576.0,193.65,,297451
Dutchess,2023-09,2023,3.1,73418,246.82,17791.0,3472485.0,59.81,622.0,209.11,,297451
Dutchess,2023-10,2023,3.2,72491,243.71,17831.0,3723982.0,59.95,737.0,247.77,,297451
Dutchess,2023-11,2023,3.0,71367,239.93,17842.0,3698470.0,59.98,726.0,244.07,,297451
Dutchess,2023-12,2023,3.2,70025,235.42,17949.0,3663685.0,60.34,646.0,217.18,,297451
Dutchess,2024-01,2024,3.5,68754,229.75,17944.0,3589868.0,59.96,688.0,229.9,,299256
Dutchess,2024-02,2024,3.7,67852,226.74,17888.0,3568492.0,59.77,541.0,180.78,,299256
Dutchess,2024-03,2024,3.4,67018,223.95,18082.0,3637311.0,60.42,510.0,170.42,,299256
Dutchess,2024-04,2024,2.9,65792,219.85,17901.0,3568112.0,59.82,565.0,188.8,,299256
Dutchess,2024-05,2024,3.0,64804,216.55,18023.0,3603280.0,60.23,660.0,220.55,,299256
Dutchess,2024-06,2024,3.3,63767,213.09,18140.0,3599809.0,60.62,659.0,220.21,,299256
Dutchess,2024-07,2024,3.6,63570,212.43,18215.0,3578779.0,60.87,602.0,201.17,,299256
Dutchess,2024-08,2024,3.5,63432,211.97,18164.0,3559568.0,60.7,557.0,186.13,,299256
Dutchess,2024-09,2024,2.9,63297,211.51,17928.0,3516217.0,59.91,620.0,207.18,,299256
Dutchess,2024-10,2024,2.9,63209,211.22,17819.0,3581497.0,59.54,759.0,253.63,,299256
Dutchess,2024-11,2024,3.0,62967,210.41,17570.0,3523969.0,58.71,744.0,248.62,,299256
Dutchess,2024-12,2024,3.0,62855,210.04,17368.0,3476459.0,58.04,719.0,240.26,,299256
Dutchess,2025-01,2025,3.6,62564,208.06,17152.0,3413741.0,57.04,,,,300708
Dutchess,2025-02,2025,3.8,62331,207.28,16949.0,3388433.0,56.36,,,,300708
Dutchess,2025-03,2025,3.4,62327,207.27,16974.0,3415310.0,56.45,,,,300708
Dutchess,2025-04,2025,2.7,62255,207.03,17016.0,3429373.0,56.59,,,,300708
Dutchess,2025-05,2025,2.7,62092,206.49,17086.0,3433463.0,56.82,,,,300708
Dutchess,2025-06,2025,3.0,61843,205.66,17190.0,3442454.0,57.17,,,,300708
Dutchess,2025-07,2025,3.4,61803,205.52,17289.0,3452882.0,57.49,,,,300708
Dutchess,2025-08,2025,3.7,61303,203.86,17107.0,3371233.0,56.89,,,,300708
Dutchess,2025-09,2025,3.6,61154,203.37,17038.0,3355960.0,56.66,,,,300708
Dutchess,2025-10,2025,,61029,202.95,16927.0,3432669.0,56.29,,,,300708
Dutchess,2025-11,2025,3.3,61492,204.49,16634.0,3334454.0,55.32,,,,300708
Dutchess,2025-12,2025,3.2,61718,205.24,16687.0,3314716.0,55.49,,,,300708
Erie,2018-01,2018,5.4,239087,259.96,148808.0,19117713.0,161.8,,,,919717
Erie,2018-02,2018,5.6,239101,259.97,147048.0,18834779.0,159.88,,,,919717
Erie,2018-03,2018,5.0,239075,259.94,147408.0,18884596.0,160.28,,,,919717
Erie,2018-04,2018,4.3,239008,259.87,145110.0,18537968.0,157.78,,,,919717
Erie,2018-05,2018,3.8,238896,259.75,144892.0,18555051.0,157.54,,,,919717
Erie,2018-06,2018,4.1,237420,258.14,146102.0,18601190.0,158.86,,,,919717
Erie,2018-07,2018,4.2,236822,257.49,145758.0,18559488.0,158.48,,,,919717
Erie,2018-08,2018,4.1,235964,256.56,144699.0,18616473.0,157.33,,,,919717
Erie,2018-09,2018,3.5,235771,256.35,144619.0,18570101.0,157.24,,,,919717
Erie,2018-10,2018,3.5,236071,256.68,144438.0,18738126.0,157.05,,,,919717
Erie,2018-11,2018,3.5,235977,256.58,142978.0,18545437.0,155.46,,,,919717
Erie,2018-12,2018,4.0,235932,256.53,142813.0,18486998.0,155.28,,,,919717
Erie,2019-01,2019,4.6,236139,257.04,144478.0,18509031.0,157.26,,,,918702
Erie,2019-02,2019,4.5,236176,257.08,144654.0,18465974.0,157.45,,,,918702
Erie,2019-03,2019,4.2,235753,256.62,143712.0,18338340.0,156.43,,,,918702
Erie,2019-04,2019,3.5,235183,255.99,142438.0,18177573.0,155.04,,,,918702
Erie,2019-05,2019,3.4,235504,256.34,141724.0,18140516.0,154.27,,,,918702
Erie,2019-06,2019,3.7,235343,256.17,141638.0,18128067.0,154.17,,,,918702
Erie,2019-07,2019,4.3,235343,256.17,141011.0,18105238.0,153.49,,,,918702
Erie,2019-08,2019,4.2,235368,256.2,140152.0,18067602.0,152.55,,,,918702
Erie,2019-09,2019,3.6,235142,255.95,140283.0,18108173.0,152.7,,,,918702
Erie,2019-10,2019,3.7,235384,256.21,141028.0,18472734.0,153.51,,,,918702
Erie,2019-11,2019,3.8,234812,255.59,140065.0,18260861.0,152.46,,,,918702
Erie,2019-12,2019,4.2,234739,255.51,139456.0,18205925.0,151.8,,,,918702
Erie,2020-01,2020,4.7,235446,247.19,139527.0,18124683.0,146.49,,,,952491
Erie,2020-02,2020,4.7,235685,247.44,139152.0,18053039.0,146.09,,,,952491
Erie,2020-03,2020,5.4,235867,247.63,138725.0,18006229.0,145.64,,,,952491
Erie,2020-04,2020,20.3,240312,252.3,144170.0,31652682.0,151.36,,,,952491
Erie,2020-05,2020,15.4,243537,255.68,147191.0,26232816.0,154.53,,,,952491
Erie,2020-06,2020,11.6,246163,258.44,147777.0,25558014.0,155.15,,,,952491
Erie,2020-07,2020,10.5,249068,261.49,145530.0,26012865.0,152.79,,,,952491
Erie,2020-08,2020,8.2,251729,264.28,144314.0,25275214.0,151.51,,,,952491
Erie,2020-09,2020,7.2,254651,267.35,143540.0,24270387.0,150.7,,,,952491
Erie,2020-10,2020,5.9,256866,269.68,140586.0,26798252.0,147.6,,,,952491
Erie,2020-11,2020,5.7,259161,272.09,140854.0,26954738.0,147.88,,,,952491
Erie,2020-12,2020,7.3,262258,275.34,142274.0,26714735.0,149.37,,,,952491
Erie,2021-01,2021,7.3,264523,277.65,142245.0,30269304.0,149.3,1441.0,151.25,,952725
Erie,2021-02,2021,7.3,265507,278.68,142983.0,30833585.0,150.08,1521.0,159.65,,952725
Erie,2021-03,2021,6.7,267145,280.4,145695.0,31425839.0,152.92,1406.0,147.58,,952725
Erie,2021-04,2021,5.8,268628,281.96,146141.0,34960343.0,153.39,1472.0,154.5,,952725
Erie,2021-05,2021,5.3,269857,283.25,143850.0,34613061.0,150.99,1633.0,171.4,,952725
Erie,2021-06,2021,5.8,271288,284.75,142281.0,34281781.0,149.34,1807.0,189.67,,952725
Erie,2021-07,2021,5.5,272780,286.32,140988.0,34700614.0,147.98,1767.0,185.47,,952725
Erie,2021-08,2021,5.1,273971,287.57,140150.0,34863322.0,147.1,1685.0,176.86,,952725
Erie,2021-09,2021,4.2,275578,289.25,139731.0,33537866.0,146.66,1804.0,189.35,,952725
Erie,2021-10,2021,3.9,277176,290.93,139636.0,36338457.0,146.56,1948.0,204.47,,952725
Erie,2021-11,2021,3.6,278265,292.07,140708.0,36347271.0,147.69,1869.0,196.17,,952725
Erie,2021-12,2021,3.3,280369,294.28,142043.0,37244678.0,149.09,1756.0,184.31,,952725
Erie,2022-01,2022,4.2,282126,297.2,142708.0,37437745.0,150.33,1816.0,191.3,,949276
Erie,2022-02,2022,4.4,283462,298.61,145232.0,37967456.0,152.99,1662.0,175.08,,949276
Erie,2022-03,2022,3.9,284988,300.22,147917.0,38315105.0,155.82,1538.0,162.02,,949276
Erie,2022-04,2022,3.3,285382,300.63,149093.0,38556229.0,157.06,1330.0,140.11,,949276
Erie,2022-05,2022,3.1,285719,300.99,149092.0,38226714.0,157.06,1559.0,164.23,,949276
Erie,2022-06,2022,3.4,287176,302.52,148474.0,38066166.0,156.41,1753.0,184.67,,949276
Erie,2022-07,2022,3.8,288511,303.93,147162.0,37863839.0,155.03,1546.0,162.86,,949276
Erie,2022-08,2022,3.9,289497,304.97,145938.0,37523260.0,153.74,1649.0,173.71,,949276
Erie,2022-09,2022,3.1,291199,306.76,144220.0,37270391.0,151.93,1713.0,180.45,,949276
Erie,2022-10,2022,2.9,291746,307.34,142910.0,41077198.0,150.55,1825.0,192.25,,949276
Erie,2022-11,2022,3.1,292372,307.99,141863.0,41418756.0,149.44,1804.0,190.04,,949276
Erie,2022-12,2022,3.3,293656,309.35,143621.0,42173093.0,151.3,1791.0,188.67,,949276
Erie,2023-01,2023,3.9,295385,311.78,143439.0,43116846.0,151.4,1666.0,175.85,,947418
Erie,2023-02,2023,4.0,295878,312.3,144138.0,41561473.0,152.14,1354.0,142.91,,947418
Erie,2023-03,2023,3.6,297305,313.81,146972.0,29903805.0,155.13,1571.0,165.82,,947418
Erie,2023-04,2023,2.8,298297,314.85,145737.0,28446757.0,153.83,1358.0,143.34,,947418
Erie,2023-05,2023,3.1,299434,316.05,146384.0,28535565.0,154.51,1649.0,174.05,,947418
Erie,2023-06,2023,3.2,301125,317.84,145346.0,28206999.0,153.41,1552.0,163.81,,947418
Erie,2023-07,2023,3.5,298114,314.66,143878.0,28029430.0,151.86,1580.0,166.77,,947418
Erie,2023-08,2023,3.9,294663,311.02,143716.0,28164207.0,151.69,1560.0,164.66,,947418
Erie,2023-09,2023,3.4,290881,307.02,142585.0,27800403.0,150.5,1597.0,168.56,,947418
Erie,2023-10,2023,3.6,287497,303.45,142667.0,29381028.0,150.59,1794.0,189.36,,947418
Erie,2023-11,2023,3.6,283817,299.57,142610.0,29384783.0,150.52,1851.0,195.37,,947418
Erie,2023-12,2023,3.9,279210,294.71,143528.0,29501659.0,151.49,1618.0,170.78,,947418
Erie,2024-01,2024,4.4,275210,290.37,144212.0,29087987.0,152.16,1701.0,179.47,,947783
Erie,2024-02,2024,4.5,272330,287.33,144604.0,28894582.0,152.57,1379.0,145.5,,947783
Erie,2024-03,2024,4.2,269332,284.17,145121.0,28911696.0,153.12,1614.0,170.29,,947783
Erie,2024-04,2024,3.5,264494,279.07,144656.0,28662751.0,152.63,1364.0,143.91,,947783
Erie,2024-05,2024,3.5,260815,275.18,144216.0,28636519.0,152.16,1768.0,186.54,,947783
Erie,2024-06,2024,3.7,256892,271.05,143568.0,28809608.0,151.48,1666.0,175.78,,947783
Erie,2024-07,2024,4.2,256361,270.48,144122.0,28879693.0,152.06,1591.0,167.87,,947783
Erie,2024-08,2024,4.1,255958,270.06,144127.0,28673988.0,152.07,1549.0,163.43,,947783
Erie,2024-09,2024,3.3,255550,269.63,143473.0,28419005.0,151.38,1628.0,171.77,,947783
Erie,2024-10,2024,3.4,255625,269.71,143973.0,29144942.0,151.91,1778.0,187.6,,947783
Erie,2024-11,2024,3.5,254608,268.64,143316.0,28837620.0,151.21,1806.0,190.55,,947783
Erie,2024-12,2024,3.8,254024,268.02,142983.0,28918266.0,150.86,1891.0,199.52,,947783
Erie,2025-01,2025,4.5,253386,267.64,142028.0,28295909.0,150.02,,,,946741
Erie,2025-02,2025,4.8,252595,266.8,141469.0,28142001.0,149.43,,,,946741
Erie,2025-03,2025,4.2,253089,267.33,141701.0,28180707.0,149.67,,,,946741
Erie,2025-04,2025,3.2,253488,267.75,141177.0,27921839.0,149.12,,,,946741
Erie,2025-05,2025,3.1,253489,267.75,141325.0,27999079.0,149.28,,,,946741
Erie,2025-06,2025,3.4,253248,267.49,140925.0,27873054.0,148.85,,,,946741
Erie,2025-07,2025,4.0,252642,266.85,140550.0,27781025.0,148.46,,,,946741
Erie,2025-08,2025,4.3,251614,265.77,139597.0,27514926.0,147.45,,,,946741
Erie,2025-09,2025,4.1,250780,264.89,138715.0,27325644.0,146.52,,,,946741
Erie,2025-10,2025,,250522,264.62,139065.0,28379042.0,146.89,,,,946741
Erie,2025-11,2025,4.0,251769,265.93,136061.0,27493193.0,143.72,,,,946741
Erie,2025-12,2025,3.9,251950,266.12,134978.0,27302274.0,142.57,,,,946741
Essex,2018-01,2018,6.5,8587,230.29,3462.0,414162.0,92.84,,,,37288
Essex,2018-02,2018,6.8,8588,230.32,3476.0,415474.0,93.22,,,,37288
Essex,2018-03,2018,6.4,8583,230.18,3492.0,418945.0,93.65,,,,37288
Essex,2018-04,2018,5.6,8553,229.38,3459.0,412277.0,92.76,,,,37288
Essex,2018-05,2018,4.2,8489,227.66,3458.0,416803.0,92.74,,,,37288
Essex,2018-06,2018,4.0,8460,226.88,3382.0,402280.0,90.7,,,,37288
Essex,2018-07,2018,3.6,8375,224.6,3263.0,393799.0,87.51,,,,37288
Essex,2018-08,2018,3.5,8343,223.74,3203.0,385841.0,85.9,,,,37288
Essex,2018-09,2018,3.3,8339,223.64,3168.0,382352.0,84.96,,,,37288
Essex,2018-10,2018,3.5,8337,223.58,3190.0,380283.0,85.55,,,,37288
Essex,2018-11,2018,4.2,8363,224.28,3233.0,385879.0,86.7,,,,37288
Essex,2018-12,2018,5.0,8417,225.73,3287.0,393966.0,88.15,,,,37288
Essex,2019-01,2019,5.7,8443,228.9,3361.0,403587.0,91.12,,,,36885
Essex,2019-02,2019,5.8,8391,227.49,3350.0,394456.0,90.82,,,,36885
Essex,2019-03,2019,5.5,8362,226.7,3266.0,386571.0,88.55,,,,36885
Essex,2019-04,2019,5.1,8315,225.43,3268.0,386101.0,88.6,,,,36885
Essex,2019-05,2019,3.9,8270,224.21,3252.0,387073.0,88.17,,,,36885
Essex,2019-06,2019,3.7,8239,223.37,3191.0,382118.0,86.51,,,,36885
Essex,2019-07,2019,3.7,8219,222.83,3126.0,373104.0,84.75,,,,36885
Essex,2019-08,2019,3.6,8300,225.02,3043.0,368829.0,82.5,,,,36885
Essex,2019-09,2019,3.2,8277,224.4,3013.0,364676.0,81.69,,,,36885
Essex,2019-10,2019,3.6,8224,222.96,2963.0,363214.0,80.33,,,,36885
Essex,2019-11,2019,4.3,8163,221.31,2957.0,367961.0,80.17,,,,36885
Essex,2019-12,2019,5.3,8111,219.9,3016.0,370207.0,81.77,,,,36885
Essex,2020-01,2020,5.8,8150,218.65,3053.0,371049.0,81.9,,,,37275
Essex,2020-02,2020,5.9,8139,218.35,3099.0,373893.0,83.14,,,,37275
Essex,2020-03,2020,7.1,8162,218.97,3144.0,385011.0,84.35,,,,37275
Essex,2020-04,2020,19.2,8333,223.55,3355.0,769183.0,90.01,,,,37275
Essex,2020-05,2020,13.2,8430,226.16,3354.0,607863.0,89.98,,,,37275
Essex,2020-06,2020,8.9,8558,229.59,3233.0,540131.0,86.73,,,,37275
Essex,2020-07,2020,7.9,8632,231.58,3005.0,573471.0,80.62,,,,37275
Essex,2020-08,2020,5.9,8711,233.7,2994.0,544343.0,80.32,,,,37275
Essex,2020-09,2020,5.0,8795,235.95,2967.0,493950.0,79.6,,,,37275
Essex,2020-10,2020,4.4,8851,237.45,2964.0,603064.0,79.52,,,,37275
Essex,2020-11,2020,4.8,8939,239.81,3011.0,582809.0,80.78,,,,37275
Essex,2020-12,2020,5.6,9082,243.65,3079.0,590219.0,82.6,,,,37275
Essex,2021-01,2021,6.3,9141,245.48,3096.0,677282.0,83.14,81.0,217.52,,37238
Essex,2021-02,2021,6.8,9170,246.25,3147.0,688221.0,84.51,70.0,187.98,,37238
Essex,2021-03,2021,6.3,9262,248.72,3191.0,700100.0,85.69,65.0,174.55,,37238
Essex,2021-04,2021,5.5,9320,250.28,3142.0,764104.0,84.38,67.0,179.92,,37238
Essex,2021-05,2021,4.5,9354,251.2,3132.0,764574.0,84.11,62.0,166.5,,37238
Essex,2021-06,2021,4.6,9397,252.35,3092.0,744837.0,83.03,78.0,209.46,,37238
Essex,2021-07,2021,4.4,9459,254.01,3106.0,753174.0,83.41,94.0,252.43,,37238
Essex,2021-08,2021,4.1,9482,254.63,3039.0,732760.0,81.61,82.0,220.21,,37238
Essex,2021-09,2021,3.5,9553,256.54,3024.0,739104.0,81.21,86.0,230.95,,37238
Essex,2021-10,2021,3.4,9599,257.77,3095.0,820520.0,83.11,79.0,212.15,,37238
Essex,2021-11,2021,3.6,9588,257.48,3105.0,815417.0,83.38,91.0,244.37,,37238
Essex,2021-12,2021,3.5,9633,258.69,3198.0,856035.0,85.88,100.0,268.54,,37238
Essex,2022-01,2022,4.6,9653,262.62,3285.0,858754.0,89.37,92.0,250.3,,36756
Essex,2022-02,2022,4.9,9678,263.3,3391.0,889094.0,92.26,86.0,233.98,,36756
Essex,2022-03,2022,4.6,9710,264.17,3423.0,887573.0,93.13,76.0,206.77,,36756
Essex,2022-04,2022,3.9,9712,264.23,3417.0,881831.0,92.96,63.0,171.4,,36756
Essex,2022-05,2022,3.1,9762,265.59,3442.0,883262.0,93.64,56.0,152.36,,36756
Essex,2022-06,2022,3.0,9811,266.92,3341.0,848117.0,90.9,121.0,329.2,,36756
Essex,2022-07,2022,3.1,9835,267.58,3262.0,846171.0,88.75,98.0,266.62,,36756
Essex,2022-08,2022,3.2,9844,267.82,3224.0,830511.0,87.71,112.0,304.71,,36756
Essex,2022-09,2022,2.6,9875,268.66,3211.0,825041.0,87.36,116.0,315.59,,36756
Essex,2022-10,2022,2.5,9914,269.72,3160.0,923243.0,85.97,104.0,282.95,,36756
Essex,2022-11,2022,3.2,9928,270.11,3238.0,955751.0,88.09,123.0,334.64,,36756
Essex,2022-12,2022,3.6,9947,270.62,3331.0,979530.0,90.62,138.0,375.45,,36756
Essex,2023-01,2023,4.4,10016,273.02,3306.0,949960.0,90.12,116.0,316.2,,36686
Essex,2023-02,2023,4.7,10021,273.16,3347.0,962304.0,91.23,95.0,258.95,,36686
Essex,2023-03,2023,4.3,10081,274.79,3330.0,601232.0,90.77,101.0,275.31,,36686
Essex,2023-04,2023,3.5,10152,276.73,3336.0,590240.0,90.93,53.0,144.47,,36686
Essex,2023-05,2023,3.1,10197,277.95,3335.0,598346.0,90.91,69.0,188.08,,36686
Essex,2023-06,2023,2.8,10247,279.32,3252.0,576067.0,88.64,111.0,302.57,,36686
Essex,2023-07,2023,2.9,10122,275.91,3219.0,573660.0,87.74,96.0,261.68,,36686
Essex,2023-08,2023,3.2,9997,272.5,3105.0,540809.0,84.64,96.0,261.68,,36686
Essex,2023-09,2023,2.9,9833,268.03,3116.0,541066.0,84.94,84.0,228.97,,36686
Essex,2023-10,2023,3.0,9682,263.92,3159.0,574083.0,86.11,107.0,291.66,,36686
Essex,2023-11,2023,3.6,9469,258.11,3133.0,568048.0,85.4,103.0,280.76,,36686
Essex,2023-12,2023,4.0,9212,251.1,3120.0,562094.0,85.05,86.0,234.42,,36686
Essex,2024-01,2024,4.6,8997,246.23,3133.0,563466.0,85.74,105.0,287.36,,36539
Essex,2024-02,2024,4.9,8841,241.96,3102.0,557492.0,84.9,75.0,205.26,,36539
Essex,2024-03,2024,4.4,8690,237.83,3057.0,552213.0,83.66,72.0,197.05,,36539
Essex,2024-04,2024,3.8,8509,232.87,3012.0,543856.0,82.43,44.0,120.42,,36539
Essex,2024-05,2024,3.1,8320,227.7,3037.0,551618.0,83.12,76.0,208.0,,36539
Essex,2024-06,2024,2.9,8171,223.62,3003.0,540148.0,82.19,92.0,251.79,,36539
Essex,2024-07,2024,3.2,8135,222.64,3000.0,539681.0,82.1,85.0,232.63,,36539
Essex,2024-08,2024,3.0,8101,221.71,2920.0,518167.0,79.91,80.0,218.94,,36539
Essex,2024-09,2024,2.5,8100,221.68,2917.0,521134.0,79.83,87.0,238.1,,36539
Essex,2024-10,2024,2.6,8064,220.7,2966.0,542374.0,81.17,96.0,262.73,,36539
Essex,2024-11,2024,3.2,8022,219.55,2919.0,530652.0,79.89,93.0,254.52,,36539
Essex,2024-12,2024,3.5,8044,220.15,2965.0,531092.0,81.15,126.0,344.84,,36539
Essex,2025-01,2025,4.7,8068,221.42,3030.0,526919.0,83.15,,,,36438
Essex,2025-02,2025,5.1,8056,221.09,3053.0,533654.0,83.79,,,,36438
Essex,2025-03,2025,4.4,8065,221.33,3055.0,531818.0,83.84,,,,36438
Essex,2025-04,2025,3.5,8088,221.97,2992.0,523139.0,82.11,,,,36438
Essex,2025-05,2025,2.7,8039,220.62,3017.0,537563.0,82.8,,,,36438
Essex,2025-06,2025,2.6,8026,220.26,3004.0,531510.0,82.44,,,,36438
Essex,2025-07,2025,3.0,8083,221.83,2950.0,529103.0,80.96,,,,36438
Essex,2025-08,2025,3.1,8051,220.95,2919.0,516880.0,80.11,,,,36438
Essex,2025-09,2025,3.2,8072,221.53,2911.0,513176.0,79.89,,,,36438
Essex,2025-10,2025,,8103,222.38,2923.0,528194.0,80.22,,,,36438
Essex,2025-11,2025,3.8,8126,223.01,2829.0,511295.0,77.64,,,,36438
Essex,2025-12,2025,4.0,8144,223.5,2852.0,519787.0,78.27,,,,36438
Franklin,2018-01,2018,7.1,14587,290.12,7054.0,886490.0,140.3,,,,50279
Franklin,2018-02,2018,7.2,14542,289.23,7019.0,877916.0,139.6,,,,50279
Franklin,2018-03,2018,6.4,14496,288.31,7049.0,891642.0,140.2,,,,50279
Franklin,2018-04,2018,5.8,14504,288.47,7027.0,879570.0,139.76,,,,50279
Franklin,2018-05,2018,4.8,14494,288.27,6949.0,863313.0,138.21,,,,50279
Franklin,2018-06,2018,4.7,14512,288.63,6856.0,850093.0,136.36,,,,50279
Franklin,2018-07,2018,4.6,14501,288.41,6759.0,844321.0,134.43,,,,50279
Franklin,2018-08,2018,4.4,14513,288.65,6742.0,852459.0,134.09,,,,50279
Franklin,2018-09,2018,3.8,14384,286.08,6711.0,841393.0,133.48,,,,50279
Franklin,2018-10,2018,3.9,14366,285.73,6799.0,866646.0,135.23,,,,50279
Franklin,2018-11,2018,4.1,14357,285.55,6801.0,853788.0,135.27,,,,50279
Franklin,2018-12,2018,4.9,14392,286.24,6874.0,867758.0,136.72,,,,50279
Franklin,2019-01,2019,5.8,14433,288.53,6801.0,849548.0,135.96,,,,50022
Franklin,2019-02,2019,5.8,14340,286.67,6839.0,849841.0,136.72,,,,50022
Franklin,2019-03,2019,5.6,14268,285.23,6885.0,849295.0,137.64,,,,50022
Franklin,2019-04,2019,4.8,14357,287.01,6838.0,840616.0,136.7,,,,50022
Franklin,2019-05,2019,4.2,14418,288.23,6745.0,829610.0,134.84,,,,50022
Franklin,2019-06,2019,4.2,14379,287.45,6602.0,816742.0,131.98,,,,50022
Franklin,2019-07,2019,4.7,14367,287.21,6523.0,814087.0,130.4,,,,50022
Franklin,2019-08,2019,4.7,14342,286.71,6525.0,811961.0,130.44,,,,50022
Franklin,2019-09,2019,3.8,14329,286.45,6480.0,810024.0,129.54,,,,50022
Franklin,2019-10,2019,4.0,14367,287.21,6476.0,823778.0,129.46,,,,50022
Franklin,2019-11,2019,4.5,14309,286.05,6548.0,822217.0,130.9,,,,50022
Franklin,2019-12,2019,5.3,14321,286.29,6699.0,837983.0,133.92,,,,50022
Franklin,2020-01,2020,6.0,14332,303.31,6703.0,833601.0,141.86,,,,47252
Franklin,2020-02,2020,6.0,14264,301.87,6647.0,825062.0,140.67,,,,47252
Franklin,2020-03,2020,6.9,14267,301.93,6502.0,800230.0,137.6,,,,47252
Franklin,2020-04,2020,17.1,14406,304.88,6719.0,1558418.0,142.2,,,,47252
Franklin,2020-05,2020,13.3,14551,307.94,6765.0,1205477.0,143.17,,,,47252
Franklin,2020-06,2020,10.3,14716,311.44,6630.0,1115552.0,140.31,,,,47252
Franklin,2020-07,2020,10.0,14899,315.31,6477.0,1220120.0,137.07,,,,47252
Franklin,2020-08,2020,7.2,15027,318.02,6276.0,1130479.0,132.82,,,,47252
Franklin,2020-09,2020,5.8,15149,320.6,6274.0,1024677.0,132.78,,,,47252
Franklin,2020-10,2020,4.9,15210,321.89,6256.0,1292561.0,132.4,,,,47252
Franklin,2020-11,2020,5.2,15287,323.52,6131.0,1181006.0,129.75,,,,47252
Franklin,2020-12,2020,5.8,15428,326.5,6253.0,1215479.0,132.33,,,,47252
Franklin,2021-01,2021,6.4,15548,332.22,6257.0,1379635.0,133.69,115.0,245.72,,46801
Franklin,2021-02,2021,6.9,15593,333.18,6409.0,1418711.0,136.94,70.0,149.57,,46801
Franklin,2021-03,2021,6.5,15669,334.8,6466.0,1407854.0,138.16,113.0,241.45,,46801
Franklin,2021-04,2021,5.3,15722,335.93,6481.0,1580121.0,138.48,60.0,128.2,,46801
Franklin,2021-05,2021,4.8,15788,337.34,6473.0,1579857.0,138.31,96.0,205.12,,46801
Franklin,2021-06,2021,5.1,15859,338.86,6419.0,1558562.0,137.16,108.0,230.76,,46801
Franklin,2021-07,2021,5.1,15957,340.95,6329.0,1540152.0,135.23,94.0,200.85,,46801
Franklin,2021-08,2021,4.7,15933,340.44,6259.0,1527077.0,133.74,82.0,175.21,,46801
Franklin,2021-09,2021,3.7,16094,343.88,6176.0,1516852.0,131.96,104.0,222.22,,46801
Franklin,2021-10,2021,3.6,16103,344.07,6322.0,1681334.0,135.08,113.0,241.45,,46801
Franklin,2021-11,2021,3.5,16146,344.99,6421.0,1695940.0,137.2,159.0,339.74,,46801
Franklin,2021-12,2021,3.3,16232,346.83,6508.0,1721765.0,139.06,149.0,318.37,,46801
Franklin,2022-01,2022,4.4,16333,354.2,6563.0,1701123.0,142.33,143.0,310.11,,46112
Franklin,2022-02,2022,4.7,16356,354.7,6601.0,1710693.0,143.15,112.0,242.89,,46112
Franklin,2022-03,2022,4.2,16460,356.96,6712.0,1731212.0,145.56,115.0,249.39,,46112
Franklin,2022-04,2022,3.6,16502,357.87,6750.0,1743190.0,146.38,70.0,151.8,,46112
Franklin,2022-05,2022,3.2,16553,358.97,6727.0,1731584.0,145.88,100.0,216.86,,46112
Franklin,2022-06,2022,3.4,16580,359.56,6738.0,1720163.0,146.12,119.0,258.07,,46112
Franklin,2022-07,2022,3.8,16678,361.68,6681.0,1711260.0,144.89,109.0,236.38,,46112
Franklin,2022-08,2022,3.9,16704,362.25,6640.0,1696706.0,144.0,117.0,253.73,,46112
Franklin,2022-09,2022,3.0,16766,363.59,6639.0,1711263.0,143.98,116.0,251.56,,46112
Franklin,2022-10,2022,2.9,16791,364.14,6738.0,1947710.0,146.12,144.0,312.28,,46112
Franklin,2022-11,2022,3.5,16868,365.8,6746.0,1961645.0,146.3,172.0,373.0,,46112
Franklin,2022-12,2022,3.7,16964,367.89,6900.0,2033901.0,149.64,174.0,377.34,,46112
Franklin,2023-01,2023,4.4,17067,369.22,6978.0,2046924.0,150.96,157.0,339.65,,46224
Franklin,2023-02,2023,4.4,17119,370.35,7042.0,2038071.0,152.35,113.0,244.46,,46224
Franklin,2023-03,2023,4.0,17236,372.88,7065.0,1300049.0,152.84,110.0,237.97,,46224
Franklin,2023-04,2023,3.2,17301,374.29,6923.0,1252842.0,149.77,81.0,175.23,,46224
Franklin,2023-05,2023,3.2,17399,376.41,6818.0,1228304.0,147.5,97.0,209.85,,46224
Franklin,2023-06,2023,3.2,17511,378.83,6784.0,1230950.0,146.76,123.0,266.1,,46224
Franklin,2023-07,2023,3.6,17347,375.28,6704.0,1223449.0,145.03,110.0,237.97,,46224
Franklin,2023-08,2023,3.8,17106,370.07,6586.0,1187963.0,142.48,109.0,235.81,,46224
Franklin,2023-09,2023,3.3,16844,364.4,6578.0,1186878.0,142.31,109.0,235.81,,46224
Franklin,2023-10,2023,3.5,16662,360.46,6570.0,1246012.0,142.13,163.0,352.63,,46224
Franklin,2023-11,2023,3.8,16434,355.53,6618.0,1252144.0,143.17,152.0,328.83,,46224
Franklin,2023-12,2023,4.3,16085,347.98,6665.0,1265633.0,144.19,148.0,320.18,,46224
Franklin,2024-01,2024,4.7,15827,336.87,6774.0,1263522.0,144.18,144.0,306.49,,46983
Franklin,2024-02,2024,4.9,15652,333.14,6725.0,1253624.0,143.14,113.0,240.51,,46983
Franklin,2024-03,2024,4.5,15487,329.63,6711.0,1252232.0,142.84,81.0,172.4,,46983
Franklin,2024-04,2024,3.9,15189,323.29,6639.0,1228625.0,141.31,75.0,159.63,,46983
Franklin,2024-05,2024,3.3,14920,317.56,6673.0,1239320.0,142.03,101.0,214.97,,46983
Franklin,2024-06,2024,3.4,14611,310.98,6602.0,1214667.0,140.52,115.0,244.77,,46983
Franklin,2024-07,2024,3.9,14633,311.45,6583.0,1215278.0,140.11,89.0,189.43,,46983
Franklin,2024-08,2024,3.7,14658,311.99,6557.0,1213856.0,139.56,99.0,210.71,,46983
Franklin,2024-09,2024,2.9,14667,312.18,6522.0,1208943.0,138.82,128.0,272.44,,46983
Franklin,2024-10,2024,3.0,14644,311.69,6529.0,1243077.0,138.97,143.0,304.37,,46983
Franklin,2024-11,2024,3.5,14603,310.81,6562.0,1249418.0,139.67,141.0,300.11,,46983
Franklin,2024-12,2024,3.7,14549,309.67,6677.0,1275504.0,142.12,171.0,363.96,,46983
Franklin,2025-01,2025,4.7,14512,312.09,6681.0,1255498.0,143.68,,,,46500
Franklin,2025-02,2025,5.1,14560,313.12,6709.0,1263717.0,144.28,,,,46500
Franklin,2025-03,2025,4.9,14793,318.13,6753.0,1276640.0,145.23,,,,46500
Franklin,2025-04,2025,4.0,14776,317.76,6856.0,1292521.0,147.44,,,,46500
Franklin,2025-05,2025,3.2,14780,317.85,6785.0,1282613.0,145.91,,,,46500
Franklin,2025-06,2025,3.3,14723,316.62,6717.0,1251230.0,144.45,,,,46500
Franklin,2025-07,2025,4.1,14764,317.51,6646.0,1250401.0,142.92,,,,46500
Franklin,2025-08,2025,4.3,14779,317.83,6564.0,1232052.0,141.16,,,,46500
Franklin,2025-09,2025,3.9,14818,318.67,6458.0,1207912.0,138.88,,,,46500
Franklin,2025-10,2025,,14898,320.39,6437.0,1241623.0,138.43,,,,46500
Franklin,2025-11,2025,4.0,14977,322.09,6323.0,1204640.0,135.98,,,,46500
Franklin,2025-12,2025,4.2,14979,322.13,6312.0,1196688.0,135.74,,,,46500
Fulton,2018-01,2018,6.4,14642,273.0,7870.0,937551.0,146.74,,,,53633
Fulton,2018-02,2018,6.6,14639,272.95,7844.0,936603.0,146.25,,,,53633
Fulton,2018-03,2018,5.8,14623,272.65,7839.0,940973.0,146.16,,,,53633
Fulton,2018-04,2018,4.7,14601,272.24,7716.0,921581.0,143.87,,,,53633
Fulton,2018-05,2018,3.9,14572,271.7,7602.0,910372.0,141.74,,,,53633
Fulton,2018-06,2018,4.1,14493,270.23,7419.0,886543.0,138.33,,,,53633
Fulton,2018-07,2018,4.0,14529,270.9,7283.0,872609.0,135.79,,,,53633
Fulton,2018-08,2018,4.0,14557,271.42,7139.0,865749.0,133.11,,,,53633
Fulton,2018-09,2018,3.7,14619,272.57,7095.0,861497.0,132.29,,,,53633
Fulton,2018-10,2018,3.7,14587,271.98,7149.0,869245.0,133.29,,,,53633
Fulton,2018-11,2018,4.0,14652,273.19,7134.0,860419.0,133.02,,,,53633
Fulton,2018-12,2018,4.7,14637,272.91,7205.0,874965.0,134.34,,,,53633
Fulton,2019-01,2019,5.3,14688,275.14,7287.0,875558.0,136.5,,,,53383
Fulton,2019-02,2019,5.6,14667,274.75,7265.0,870025.0,136.09,,,,53383
Fulton,2019-03,2019,5.2,14673,274.86,7261.0,870605.0,136.02,,,,53383
Fulton,2019-04,2019,4.1,14661,274.64,7176.0,858418.0,134.42,,,,53383
Fulton,2019-05,2019,3.7,14723,275.8,7176.0,869154.0,134.42,,,,53383
Fulton,2019-06,2019,3.9,14673,274.86,7052.0,857440.0,132.1,,,,53383
Fulton,2019-07,2019,4.4,14616,273.8,6861.0,833729.0,128.52,,,,53383
Fulton,2019-08,2019,4.4,14598,273.46,6760.0,825902.0,126.63,,,,53383
Fulton,2019-09,2019,3.8,14596,273.42,6728.0,816993.0,126.03,,,,53383
Fulton,2019-10,2019,4.0,14577,273.06,6875.0,846638.0,128.79,,,,53383
Fulton,2019-11,2019,4.2,14580,273.12,6873.0,831846.0,128.75,,,,53383
Fulton,2019-12,2019,4.8,14561,272.76,7031.0,856770.0,131.71,,,,53383
Fulton,2020-01,2020,5.3,14690,276.73,7019.0,844089.0,132.22,,,,53084
Fulton,2020-02,2020,5.5,14671,276.37,6977.0,841820.0,131.43,,,,53084
Fulton,2020-03,2020,6.2,14624,275.49,6926.0,834436.0,130.47,,,,53084
Fulton,2020-04,2020,16.0,14832,279.41,7293.0,1733966.0,137.39,,,,53084
Fulton,2020-05,2020,11.7,14988,282.34,7104.0,1271340.0,133.83,,,,53084
Fulton,2020-06,2020,9.0,15124,284.91,6957.0,1185273.0,131.06,,,,53084
Fulton,2020-07,2020,8.9,15279,287.83,6751.0,1273202.0,127.18,,,,53084
Fulton,2020-08,2020,7.2,15414,290.37,6628.0,1188924.0,124.86,,,,53084
Fulton,2020-09,2020,6.1,15535,292.65,6953.0,1172830.0,130.98,,,,53084
Fulton,2020-10,2020,5.3,15689,295.55,7032.0,1458276.0,132.47,,,,53084
Fulton,2020-11,2020,5.1,15822,298.06,7077.0,1370689.0,133.32,,,,53084
Fulton,2020-12,2020,5.7,15997,301.35,7124.0,1354479.0,134.2,,,,53084
Fulton,2021-01,2021,6.5,16105,304.66,7162.0,1529657.0,135.48,115.0,217.55,,52862
Fulton,2021-02,2021,7.1,16186,306.19,7277.0,1616468.0,137.66,84.0,158.9,,52862
Fulton,2021-03,2021,6.6,16311,308.56,7271.0,1588004.0,137.55,103.0,194.85,,52862
Fulton,2021-04,2021,5.9,16367,309.62,7195.0,1740067.0,136.11,89.0,168.36,,52862
Fulton,2021-05,2021,5.1,16447,311.13,7073.0,1732442.0,133.8,90.0,170.25,,52862
Fulton,2021-06,2021,5.4,16511,312.34,7104.0,1728494.0,134.39,114.0,215.66,,52862
Fulton,2021-07,2021,5.2,16595,313.93,7041.0,1722112.0,133.2,96.0,181.6,,52862
Fulton,2021-08,2021,4.9,16640,314.78,7096.0,1769225.0,134.24,99.0,187.28,,52862
Fulton,2021-09,2021,4.1,16748,316.82,7126.0,1751277.0,134.8,109.0,206.2,,52862
Fulton,2021-10,2021,3.7,16836,318.49,7235.0,1885251.0,136.87,107.0,202.41,,52862
Fulton,2021-11,2021,3.5,16908,319.85,7347.0,1913233.0,138.98,132.0,249.71,,52862
Fulton,2021-12,2021,3.4,16966,320.95,7559.0,2011339.0,142.99,138.0,261.06,,52862
Fulton,2022-01,2022,4.5,17078,325.9,7769.0,2064980.0,148.25,108.0,206.1,,52403
Fulton,2022-02,2022,4.9,17137,327.02,7887.0,2066117.0,150.51,100.0,190.83,,52403
Fulton,2022-03,2022,4.2,17228,328.76,8091.0,2114991.0,154.4,109.0,208.0,,52403
Fulton,2022-04,2022,3.3,17258,329.33,8040.0,2130461.0,153.43,71.0,135.49,,52403
Fulton,2022-05,2022,3.2,17260,329.37,8035.0,2072629.0,153.33,98.0,187.01,,52403
Fulton,2022-06,2022,3.4,17349,331.07,7989.0,2075312.0,152.45,112.0,213.73,,52403
Fulton,2022-07,2022,3.7,17393,331.91,8013.0,2082358.0,152.91,124.0,236.63,,52403
Fulton,2022-08,2022,3.8,17449,332.98,7905.0,2042458.0,150.85,91.0,173.65,,52403
Fulton,2022-09,2022,3.1,17560,335.1,8052.0,2120555.0,153.66,117.0,223.27,,52403
Fulton,2022-10,2022,3.0,17554,334.98,8087.0,2347568.0,154.32,122.0,232.81,,52403
Fulton,2022-11,2022,3.3,17537,334.66,8144.0,2390376.0,155.41,143.0,272.89,,52403
Fulton,2022-12,2022,3.6,17652,336.85,8156.0,2392065.0,155.64,141.0,269.07,,52403
Fulton,2023-01,2023,4.6,17761,338.51,8124.0,2361539.0,154.84,129.0,245.86,,52468
Fulton,2023-02,2023,4.7,17820,339.64,8196.0,2419392.0,156.21,99.0,188.69,,52468
Fulton,2023-03,2023,4.2,17882,340.82,8081.0,1568400.0,154.02,109.0,207.75,,52468
Fulton,2023-04,2023,3.2,17979,342.67,8113.0,1514365.0,154.63,87.0,165.82,,52468
Fulton,2023-05,2023,3.3,18012,343.29,8066.0,1469981.0,153.73,109.0,207.75,,52468
Fulton,2023-06,2023,3.3,18089,344.76,7915.0,1432773.0,150.85,119.0,226.8,,52468
Fulton,2023-07,2023,3.6,17842,340.05,7837.0,1431748.0,149.37,102.0,194.4,,52468
Fulton,2023-08,2023,3.9,17618,335.79,7803.0,1436586.0,148.72,108.0,205.84,,52468
Fulton,2023-09,2023,3.4,17396,331.55,7886.0,1452090.0,150.3,115.0,219.18,,52468
Fulton,2023-10,2023,3.6,17171,327.27,8149.0,1577250.0,155.31,124.0,236.33,,52468
Fulton,2023-11,2023,3.8,16854,321.22,8232.0,1575328.0,156.9,152.0,289.7,,52468
Fulton,2023-12,2023,4.2,16503,314.53,8405.0,1616119.0,160.19,112.0,213.46,,52468
Fulton,2024-01,2024,4.7,16201,310.46,8456.0,1591625.0,162.04,162.0,310.44,,52184
Fulton,2024-02,2024,5.0,15951,305.67,8630.0,1629716.0,165.38,103.0,197.38,,52184
Fulton,2024-03,2024,4.6,15720,301.24,8490.0,1601982.0,162.69,97.0,185.88,,52184
Fulton,2024-04,2024,3.9,15404,295.19,8423.0,1596916.0,161.41,88.0,168.63,,52184
Fulton,2024-05,2024,3.6,15154,290.4,8305.0,1562565.0,159.15,103.0,197.38,,52184
Fulton,2024-06,2024,3.6,14898,285.49,8201.0,1560229.0,157.16,94.0,180.13,,52184
Fulton,2024-07,2024,4.1,14865,284.86,8098.0,1529234.0,155.18,105.0,201.21,,52184
Fulton,2024-08,2024,4.0,14855,284.67,8198.0,1529899.0,157.1,105.0,201.21,,52184
Fulton,2024-09,2024,3.3,14709,281.87,8079.0,1503961.0,154.82,101.0,193.55,,52184
Fulton,2024-10,2024,3.5,14681,281.33,8078.0,1540364.0,154.8,126.0,241.45,,52184
Fulton,2024-11,2024,3.6,14586,279.51,8084.0,1540084.0,154.91,147.0,281.7,,52184
Fulton,2024-12,2024,3.9,14651,280.76,8071.0,1539214.0,154.66,139.0,266.37,,52184
Fulton,2025-01,2025,4.9,14672,280.99,8095.0,1535489.0,155.03,,,,52216
Fulton,2025-02,2025,5.2,14630,280.18,8005.0,1517844.0,153.31,,,,52216
Fulton,2025-03,2025,4.5,14589,279.4,8023.0,1525762.0,153.65,,,,52216
Fulton,2025-04,2025,3.4,14655,280.66,7972.0,1517681.0,152.67,,,,52216
Fulton,2025-05,2025,3.1,14748,282.44,8032.0,1542988.0,153.82,,,,52216
Fulton,2025-06,2025,3.3,14736,282.21,8091.0,1541041.0,154.95,,,,52216
Fulton,2025-07,2025,3.9,14781,283.07,7931.0,1510071.0,151.89,,,,52216
Fulton,2025-08,2025,4.2,14802,283.48,7879.0,1491610.0,150.89,,,,52216
Fulton,2025-09,2025,4.1,14786,283.17,7910.0,1506741.0,151.49,,,,52216
Fulton,2025-10,2025,,14901,285.37,7848.0,1535889.0,150.3,,,,52216
Fulton,2025-11,2025,4.2,14995,287.17,7639.0,1483981.0,146.3,,,,52216
Fulton,2025-12,2025,4.3,15029,287.82,7581.0,1473059.0,145.19,,,,52216
Genesee,2018-01,2018,6.0,12487,217.21,5473.0,619390.0,95.2,,,,57487
Genesee,2018-02,2018,6.0,12427,216.17,5488.0,616236.0,95.47,,,,57487
Genesee,2018-03,2018,5.4,12387,215.47,5557.0,636339.0,96.67,,,,57487
Genesee,2018-04,2018,4.2,12382,215.39,5504.0,628288.0,95.74,,,,57487
Genesee,2018-05,2018,3.5,12416,215.98,5365.0,612467.0,93.33,,,,57487
Genesee,2018-06,2018,3.7,12495,217.35,5259.0,596910.0,91.48,,,,57487
Genesee,2018-07,2018,3.6,12620,219.53,5202.0,592914.0,90.49,,,,57487
Genesee,2018-08,2018,3.4,12617,219.48,5167.0,595483.0,89.88,,,,57487
Genesee,2018-09,2018,3.1,12582,218.87,5103.0,578785.0,88.77,,,,57487
Genesee,2018-10,2018,3.3,12644,219.95,5154.0,590382.0,89.66,,,,57487
Genesee,2018-11,2018,3.5,12584,218.9,5076.0,584979.0,88.3,,,,57487
Genesee,2018-12,2018,4.3,12631,219.72,5062.0,581371.0,88.05,,,,57487
Genesee,2019-01,2019,5.0,12622,220.36,5060.0,584046.0,88.34,,,,57280
Genesee,2019-02,2019,5.1,12605,220.06,5018.0,575012.0,87.6,,,,57280
Genesee,2019-03,2019,4.6,12594,219.87,5052.0,584167.0,88.2,,,,57280
Genesee,2019-04,2019,3.5,12525,218.66,4942.0,572012.0,86.28,,,,57280
Genesee,2019-05,2019,3.2,12572,219.48,4925.0,570670.0,85.98,,,,57280
Genesee,2019-06,2019,3.2,12583,219.68,4759.0,554959.0,83.08,,,,57280
Genesee,2019-07,2019,3.5,12622,220.36,4783.0,556323.0,83.5,,,,57280
Genesee,2019-08,2019,3.5,12666,221.12,4696.0,544777.0,81.98,,,,57280
Genesee,2019-09,2019,3.1,12589,219.78,4709.0,546662.0,82.21,,,,57280
Genesee,2019-10,2019,3.2,12608,220.11,4702.0,554798.0,82.09,,,,57280
Genesee,2019-11,2019,3.6,12532,218.78,4618.0,535248.0,80.62,,,,57280
Genesee,2019-12,2019,4.2,12522,218.61,4635.0,536463.0,80.92,,,,57280
Genesee,2020-01,2020,5.0,12547,215.22,4712.0,541425.0,80.82,,,,58299
Genesee,2020-02,2020,5.1,12578,215.75,4679.0,533739.0,80.26,,,,58299
Genesee,2020-03,2020,5.7,12566,215.54,4662.0,535326.0,79.97,,,,58299
Genesee,2020-04,2020,16.6,12808,219.7,4857.0,1156153.0,83.31,,,,58299
Genesee,2020-05,2020,11.8,12975,222.56,4832.0,873885.0,82.88,,,,58299
Genesee,2020-06,2020,8.5,13153,225.61,4633.0,746488.0,79.47,,,,58299
Genesee,2020-07,2020,7.9,13309,228.29,4377.0,853219.0,75.08,,,,58299
Genesee,2020-08,2020,6.4,13445,230.62,4259.0,763295.0,73.05,,,,58299
Genesee,2020-09,2020,5.3,13575,232.85,4501.0,715532.0,77.21,,,,58299
Genesee,2020-10,2020,4.5,13671,234.5,4564.0,962886.0,78.29,,,,58299
Genesee,2020-11,2020,4.5,13822,237.09,4497.0,869388.0,77.14,,,,58299
Genesee,2020-12,2020,5.2,14010,240.31,4595.0,864155.0,78.82,,,,58299
Genesee,2021-01,2021,5.9,14143,244.16,4658.0,996162.0,80.41,149.0,257.23,,57925
Genesee,2021-02,2021,6.3,14197,245.09,4708.0,1023953.0,81.28,155.0,267.59,,57925
Genesee,2021-03,2021,5.8,14250,246.01,4620.0,997957.0,79.76,139.0,239.97,,57925
Genesee,2021-04,2021,4.7,14344,247.63,4602.0,1098054.0,79.45,131.0,226.15,,57925
Genesee,2021-05,2021,4.1,14462,249.67,4579.0,1093835.0,79.05,151.0,260.68,,57925
Genesee,2021-06,2021,4.5,14561,251.38,4524.0,1073272.0,78.1,172.0,296.94,,57925
Genesee,2021-07,2021,4.3,14683,253.48,4490.0,1094330.0,77.51,146.0,252.05,,57925
Genesee,2021-08,2021,4.1,14736,254.4,4477.0,1095381.0,77.29,125.0,215.8,,57925
Genesee,2021-09,2021,3.3,14803,255.55,4401.0,1049149.0,75.98,164.0,283.12,,57925
Genesee,2021-10,2021,3.2,14903,257.28,4411.0,1137383.0,76.15,244.0,421.23,,57925
Genesee,2021-11,2021,3.0,14968,258.4,4504.0,1158850.0,77.76,240.0,414.33,,57925
Genesee,2021-12,2021,3.0,15052,259.85,4584.0,1185839.0,79.14,167.0,288.3,,57925
Genesee,2022-01,2022,4.1,15103,262.28,4644.0,1199002.0,80.65,179.0,310.85,,57584
Genesee,2022-02,2022,4.4,15183,263.67,4693.0,1201376.0,81.5,162.0,281.33,,57584
Genesee,2022-03,2022,3.8,15229,264.47,4735.0,1204789.0,82.23,170.0,295.22,,57584
Genesee,2022-04,2022,3.0,15177,263.56,4726.0,1222090.0,82.07,124.0,215.34,,57584
Genesee,2022-05,2022,2.7,15270,265.18,4758.0,1219925.0,82.63,154.0,267.44,,57584
Genesee,2022-06,2022,3.0,15380,267.09,4737.0,1205571.0,82.26,179.0,310.85,,57584
Genesee,2022-07,2022,3.1,15505,269.26,4776.0,1218515.0,82.94,176.0,305.64,,57584
Genesee,2022-08,2022,3.2,15557,270.16,4721.0,1205187.0,81.98,177.0,307.38,,57584
Genesee,2022-09,2022,2.6,15674,272.19,4756.0,1225432.0,82.59,160.0,277.85,,57584
Genesee,2022-10,2022,2.5,15747,273.46,4772.0,1369488.0,82.87,188.0,326.48,,57584
Genesee,2022-11,2022,2.8,15753,273.57,4748.0,1375429.0,82.45,265.0,460.2,,57584
Genesee,2022-12,2022,3.2,15816,274.66,4824.0,1405488.0,83.77,239.0,415.05,,57584
Genesee,2023-01,2023,4.1,15935,274.67,4928.0,1416464.0,84.94,212.0,365.42,,58016
Genesee,2023-02,2023,4.0,15907,274.18,4913.0,1387214.0,84.68,156.0,268.89,,58016
Genesee,2023-03,2023,3.7,16033,276.35,4962.0,868453.0,85.53,210.0,361.97,,58016
Genesee,2023-04,2023,2.5,16048,276.61,4848.0,811834.0,83.56,106.0,182.71,,58016
Genesee,2023-05,2023,2.6,16123,277.91,4828.0,810807.0,83.22,151.0,260.27,,58016
Genesee,2023-06,2023,2.7,16258,280.23,4772.0,808640.0,82.25,179.0,308.54,,58016
Genesee,2023-07,2023,2.9,16117,277.8,4725.0,799187.0,81.44,156.0,268.89,,58016
Genesee,2023-08,2023,3.1,15881,273.73,4646.0,791856.0,80.08,142.0,244.76,,58016
Genesee,2023-09,2023,2.8,15698,270.58,4602.0,775604.0,79.32,138.0,237.87,,58016
Genesee,2023-10,2023,3.0,15467,266.6,4603.0,825345.0,79.34,226.0,389.55,,58016
Genesee,2023-11,2023,3.3,15095,260.19,4559.0,812816.0,78.58,273.0,470.56,,58016
Genesee,2023-12,2023,3.7,14842,255.83,4636.0,824025.0,79.91,186.0,320.6,,58016
Genesee,2024-01,2024,4.4,14612,250.09,4671.0,813233.0,79.94,215.0,367.97,,58428
Genesee,2024-02,2024,4.7,14400,246.46,4772.0,821112.0,81.67,113.0,193.4,,58428
Genesee,2024-03,2024,4.1,14198,243.0,4882.0,841711.0,83.56,153.0,261.86,,58428
Genesee,2024-04,2024,3.3,13855,237.13,4921.0,844877.0,84.22,127.0,217.36,,58428
Genesee,2024-05,2024,3.0,13648,233.59,5001.0,851397.0,85.59,176.0,301.23,,58428
Genesee,2024-06,2024,3.0,13421,229.7,5054.0,855415.0,86.5,158.0,270.42,,58428
Genesee,2024-07,2024,3.3,13332,228.18,5041.0,850145.0,86.28,158.0,270.42,,58428
Genesee,2024-08,2024,3.2,13263,227.0,4981.0,845352.0,85.25,155.0,265.28,,58428
Genesee,2024-09,2024,2.7,13198,225.88,4894.0,839613.0,83.76,145.0,248.17,,58428
Genesee,2024-10,2024,2.7,13119,224.53,4827.0,853928.0,82.61,223.0,381.67,,58428
Genesee,2024-11,2024,3.1,13092,224.07,4809.0,854973.0,82.31,203.0,347.44,,58428
Genesee,2024-12,2024,3.4,13027,222.96,4801.0,843998.0,82.17,238.0,407.34,,58428
Genesee,2025-01,2025,4.3,12993,222.42,4864.0,854770.0,83.26,,,,58416
Genesee,2025-02,2025,4.6,12954,221.75,4796.0,835256.0,82.1,,,,58416
Genesee,2025-03,2025,3.9,12969,222.01,4899.0,864553.0,83.86,,,,58416
Genesee,2025-04,2025,2.8,12984,222.27,4851.0,842872.0,83.04,,,,58416
Genesee,2025-05,2025,2.5,12949,221.67,4826.0,832456.0,82.61,,,,58416
Genesee,2025-06,2025,2.7,12919,221.16,4727.0,821384.0,80.92,,,,58416
Genesee,2025-07,2025,3.1,12958,221.82,4636.0,806292.0,79.36,,,,58416
Genesee,2025-08,2025,3.4,12919,221.16,4679.0,817396.0,80.1,,,,58416
Genesee,2025-09,2025,3.2,12940,221.51,4546.0,784618.0,77.82,,,,58416
Genesee,2025-10,2025,,12958,221.82,4590.0,830544.0,78.57,,,,58416
Genesee,2025-11,2025,3.3,13041,223.24,4482.0,808692.0,76.73,,,,58416
Genesee,2025-12,2025,3.5,12978,222.17,4420.0,790819.0,75.66,,,,58416
Greene,2018-01,2018,5.7,12271,258.99,4990.0,636225.0,105.32,,,,47381
Greene,2018-02,2018,5.9,12288,259.34,5010.0,636880.0,105.74,,,,47381
Greene,2018-03,2018,5.2,12297,259.53,4968.0,629542.0,104.85,,,,47381
Greene,2018-04,2018,4.7,12243,258.39,4812.0,600580.0,101.56,,,,47381
Greene,2018-05,2018,3.9,12245,258.44,4766.0,593653.0,100.59,,,,47381
Greene,2018-06,2018,4.0,12247,258.48,4670.0,584740.0,98.56,,,,47381
Greene,2018-07,2018,4.1,12234,258.2,4630.0,581726.0,97.72,,,,47381
Greene,2018-08,2018,4.0,12309,259.79,4559.0,580345.0,96.22,,,,47381
Greene,2018-09,2018,3.5,12308,259.77,4550.0,574042.0,96.03,,,,47381
Greene,2018-10,2018,3.5,12259,258.73,4572.0,581721.0,96.49,,,,47381
Greene,2018-11,2018,3.7,12280,259.18,4561.0,581754.0,96.26,,,,47381
Greene,2018-12,2018,4.2,12253,258.61,4577.0,577506.0,96.6,,,,47381
Greene,2019-01,2019,4.7,12324,261.17,4598.0,575175.0,97.44,,,,47188
Greene,2019-02,2019,4.8,12226,259.09,4633.0,584422.0,98.18,,,,47188
Greene,2019-03,2019,4.5,12222,259.01,4591.0,576121.0,97.29,,,,47188
Greene,2019-04,2019,4.1,12265,259.92,4474.0,555540.0,94.81,,,,47188
Greene,2019-05,2019,3.8,12271,260.04,4451.0,552836.0,94.32,,,,47188
Greene,2019-06,2019,3.7,12254,259.68,4332.0,539126.0,91.8,,,,47188
Greene,2019-07,2019,4.3,12258,259.77,4267.0,533737.0,90.43,,,,47188
Greene,2019-08,2019,4.4,12266,259.94,4277.0,539566.0,90.64,,,,47188
Greene,2019-09,2019,3.5,12232,259.22,4207.0,533292.0,89.15,,,,47188
Greene,2019-10,2019,3.7,12241,259.41,4173.0,531832.0,88.43,,,,47188
Greene,2019-11,2019,4.0,12187,258.26,4135.0,534365.0,87.63,,,,47188
Greene,2019-12,2019,4.5,12182,258.16,4207.0,540926.0,89.15,,,,47188
Greene,2020-01,2020,4.9,12131,254.09,4299.0,551938.0,90.04,,,,47743
Greene,2020-02,2020,5.0,12124,253.94,4323.0,555330.0,90.55,,,,47743
Greene,2020-03,2020,5.6,12160,254.7,4325.0,550809.0,90.59,,,,47743
Greene,2020-04,2020,16.5,12337,258.4,4597.0,1034879.0,96.29,,,,47743
Greene,2020-05,2020,12.2,12532,262.49,4703.0,842320.0,98.51,,,,47743
Greene,2020-06,2020,9.8,12678,265.55,4679.0,808173.0,98.0,,,,47743
Greene,2020-07,2020,9.5,12836,268.86,4242.0,796240.0,88.85,,,,47743
Greene,2020-08,2020,7.4,12953,271.31,4188.0,754329.0,87.72,,,,47743
Greene,2020-09,2020,6.5,13071,273.78,4232.0,698579.0,88.64,,,,47743
Greene,2020-10,2020,5.4,13225,277.0,4238.0,871948.0,88.77,,,,47743
Greene,2020-11,2020,5.3,13255,277.63,4313.0,818552.0,90.34,,,,47743
Greene,2020-12,2020,5.7,13399,280.65,4369.0,829975.0,91.51,,,,47743
Greene,2021-01,2021,6.2,13526,280.2,4348.0,939436.0,90.07,155.0,321.1,,48272
Greene,2021-02,2021,6.6,13530,280.29,4330.0,946299.0,89.7,128.0,265.16,,48272
Greene,2021-03,2021,6.1,13563,280.97,4330.0,937509.0,89.7,101.0,209.23,,48272
Greene,2021-04,2021,5.4,13608,281.9,4275.0,1056701.0,88.56,87.0,180.23,,48272
Greene,2021-05,2021,4.8,13690,283.6,4181.0,1054044.0,86.61,111.0,229.95,,48272
Greene,2021-06,2021,5.1,13794,285.76,4127.0,1033892.0,85.49,123.0,254.81,,48272
Greene,2021-07,2021,5.1,13883,287.6,4121.0,1029779.0,85.37,128.0,265.16,,48272
Greene,2021-08,2021,4.8,13926,288.49,4075.0,1029560.0,84.42,130.0,269.31,,48272
Greene,2021-09,2021,4.0,14019,290.42,4147.0,1025394.0,85.91,122.0,252.73,,48272
Greene,2021-10,2021,3.7,14054,291.14,4260.0,1133859.0,88.25,147.0,304.52,,48272
Greene,2021-11,2021,3.5,14070,291.47,4375.0,1160089.0,90.63,163.0,337.67,,48272
Greene,2021-12,2021,3.2,14119,292.49,4457.0,1191363.0,92.33,130.0,269.31,,48272
Greene,2022-01,2022,4.1,14235,298.72,4498.0,1191567.0,94.39,147.0,308.47,,47654
Greene,2022-02,2022,4.4,14300,300.08,4533.0,1196015.0,95.12,246.0,516.22,,47654
Greene,2022-03,2022,4.0,14354,301.21,4598.0,1209039.0,96.49,120.0,251.82,,47654
Greene,2022-04,2022,3.3,14373,301.61,4508.0,1188706.0,94.6,86.0,180.47,,47654
Greene,2022-05,2022,3.0,14356,301.25,4492.0,1178115.0,94.26,110.0,230.83,,47654
Greene,2022-06,2022,3.2,14422,302.64,4524.0,1180992.0,94.93,121.0,253.91,,47654
Greene,2022-07,2022,3.5,14444,303.1,4496.0,1178994.0,94.35,134.0,281.19,,47654
Greene,2022-08,2022,3.8,14469,303.63,4505.0,1178331.0,94.54,121.0,253.91,,47654
Greene,2022-09,2022,3.0,14537,305.05,4472.0,1179613.0,93.84,103.0,216.14,,47654
Greene,2022-10,2022,2.8,14552,305.37,4480.0,1320242.0,94.01,151.0,316.87,,47654
Greene,2022-11,2022,3.1,14644,307.3,4469.0,1326868.0,93.78,167.0,350.44,,47654
Greene,2022-12,2022,3.2,14711,308.7,4453.0,1325399.0,93.44,219.0,459.56,,47654
Greene,2023-01,2023,3.8,14829,312.78,4437.0,1307853.0,93.59,129.0,272.09,,47411
Greene,2023-02,2023,4.0,14837,312.94,4421.0,1298747.0,93.25,97.0,204.59,,47411
Greene,2023-03,2023,3.6,14922,314.74,4449.0,880373.0,93.84,110.0,232.01,,47411
Greene,2023-04,2023,3.0,14983,316.02,4355.0,829765.0,91.86,65.0,137.1,,47411
Greene,2023-05,2023,3.2,15082,318.11,4356.0,831137.0,91.88,128.0,269.98,,47411
Greene,2023-06,2023,3.2,15146,319.46,4395.0,831069.0,92.7,112.0,236.23,,47411
Greene,2023-07,2023,3.4,14997,316.32,4296.0,814086.0,90.61,115.0,242.56,,47411
Greene,2023-08,2023,3.8,14843,313.07,4277.0,810713.0,90.21,117.0,246.78,,47411
Greene,2023-09,2023,3.3,14660,309.21,4166.0,794091.0,87.87,96.0,202.48,,47411
Greene,2023-10,2023,3.4,14448,304.74,4201.0,836688.0,88.61,136.0,286.85,,47411
Greene,2023-11,2023,3.7,14208,299.68,4213.0,838053.0,88.86,171.0,360.68,,47411
Greene,2023-12,2023,3.7,13880,292.76,4258.0,847267.0,89.81,143.0,301.62,,47411
Greene,2024-01,2024,4.2,13677,289.09,4220.0,828514.0,89.2,179.0,378.35,,47311
Greene,2024-02,2024,4.6,13401,283.25,4283.0,857430.0,90.53,76.0,160.64,,47311
Greene,2024-03,2024,4.3,13197,278.94,4304.0,846946.0,90.97,139.0,293.8,,47311
Greene,2024-04,2024,3.8,12897,272.6,4271.0,841704.0,90.27,98.0,207.14,,47311
Greene,2024-05,2024,3.4,12663,267.65,4213.0,828335.0,89.05,124.0,262.1,,47311
Greene,2024-06,2024,3.4,12450,263.15,4187.0,831829.0,88.5,143.0,302.26,,47311
Greene,2024-07,2024,4.0,12421,262.54,4197.0,835480.0,88.71,122.0,257.87,,47311
Greene,2024-08,2024,3.8,12379,261.65,4070.0,815350.0,86.03,124.0,262.1,,47311
Greene,2024-09,2024,3.2,12281,259.58,4002.0,802986.0,84.59,106.0,224.05,,47311
Greene,2024-10,2024,3.1,12266,259.26,3922.0,797644.0,82.9,139.0,293.8,,47311
Greene,2024-11,2024,3.3,12220,258.29,3876.0,791510.0,81.93,170.0,359.32,,47311
Greene,2024-12,2024,3.4,12238,258.67,3897.0,802683.0,82.37,141.0,298.03,,47311
Greene,2025-01,2025,4.1,12208,258.44,3876.0,782515.0,82.05,,,,47238
Greene,2025-02,2025,4.5,12134,256.87,3882.0,773237.0,82.18,,,,47238
Greene,2025-03,2025,4.0,12158,257.38,3903.0,803830.0,82.62,,,,47238
Greene,2025-04,2025,3.2,12178,257.8,3937.0,805366.0,83.34,,,,47238
Greene,2025-05,2025,3.0,12140,257.0,3957.0,786699.0,83.77,,,,47238
Greene,2025-06,2025,3.1,12096,256.07,3972.0,779718.0,84.08,,,,47238
Greene,2025-07,2025,3.7,12070,255.51,3951.0,771197.0,83.64,,,,47238
Greene,2025-08,2025,3.9,12100,256.15,3907.0,764006.0,82.71,,,,47238
Greene,2025-09,2025,3.8,12165,257.53,3887.0,763652.0,82.29,,,,47238
Greene,2025-10,2025,,12244,259.2,3834.0,780465.0,81.16,,,,47238
Greene,2025-11,2025,3.9,12288,260.13,3712.0,753218.0,78.58,,,,47238
Greene,2025-12,2025,3.7,12274,259.83,3751.0,761897.0,79.41,,,,47238
Hamilton,2018-01,2018,10.5,718,162.0,378.0,44953.0,85.29,,,,4432
Hamilton,2018-02,2018,11.2,717,161.78,386.0,43689.0,87.09,,,,4432
Hamilton,2018-03,2018,10.8,705,159.07,374.0,43501.0,84.39,,,,4432
Hamilton,2018-04,2018,10.3,724,163.36,380.0,45258.0,85.74,,,,4432
Hamilton,2018-05,2018,6.6,722,162.91,351.0,43091.0,79.2,,,,4432
Hamilton,2018-06,2018,4.4,726,163.81,343.0,42436.0,77.39,,,,4432
Hamilton,2018-07,2018,3.6,715,161.33,307.0,37919.0,69.27,,,,4432
Hamilton,2018-08,2018,3.1,712,160.65,306.0,36846.0,69.04,,,,4432
Hamilton,2018-09,2018,3.4,715,161.33,308.0,35729.0,69.49,,,,4432
Hamilton,2018-10,2018,4.1,713,160.88,318.0,37449.0,71.75,,,,4432
Hamilton,2018-11,2018,6.5,715,161.33,324.0,40912.0,73.1,,,,4432
Hamilton,2018-12,2018,7.7,727,164.03,320.0,41251.0,72.2,,,,4432
Hamilton,2019-01,2019,8.1,753,170.52,341.0,40223.0,77.22,,,,4416
Hamilton,2019-02,2019,8.3,760,172.1,334.0,39083.0,75.63,,,,4416
Hamilton,2019-03,2019,7.5,772,174.82,314.0,36824.0,71.11,,,,4416
Hamilton,2019-04,2019,7.6,762,172.55,315.0,36987.0,71.33,,,,4416
Hamilton,2019-05,2019,4.6,763,172.78,314.0,37188.0,71.11,,,,4416
Hamilton,2019-06,2019,3.6,759,171.88,308.0,36169.0,69.75,,,,4416
Hamilton,2019-07,2019,3.4,766,173.46,278.0,33413.0,62.95,,,,4416
Hamilton,2019-08,2019,3.5,759,171.88,268.0,30809.0,60.69,,,,4416
Hamilton,2019-09,2019,3.6,756,171.2,268.0,31963.0,60.69,,,,4416
Hamilton,2019-10,2019,3.8,761,172.33,267.0,33260.0,60.46,,,,4416
Hamilton,2019-11,2019,6.8,747,169.16,277.0,34162.0,62.73,,,,4416
Hamilton,2019-12,2019,8.8,732,165.76,270.0,34013.0,61.14,,,,4416
Hamilton,2020-01,2020,8.5,728,143.5,279.0,35882.0,55.0,,,,5073
Hamilton,2020-02,2020,8.7,729,143.7,281.0,33838.0,55.39,,,,5073
Hamilton,2020-03,2020,10.2,724,142.72,295.0,36200.0,58.15,,,,5073
Hamilton,2020-04,2020,16.1,734,144.69,289.0,67133.0,56.97,,,,5073
Hamilton,2020-05,2020,11.0,748,147.45,278.0,49882.0,54.8,,,,5073
Hamilton,2020-06,2020,7.0,742,146.26,260.0,46888.0,51.25,,,,5073
Hamilton,2020-07,2020,6.0,756,149.02,246.0,45035.0,48.49,,,,5073
Hamilton,2020-08,2020,4.6,762,150.21,260.0,47277.0,51.25,,,,5073
Hamilton,2020-09,2020,4.5,776,152.97,256.0,40973.0,50.46,,,,5073
Hamilton,2020-10,2020,3.9,785,154.74,278.0,59157.0,54.8,,,,5073
Hamilton,2020-11,2020,5.6,785,154.74,277.0,52824.0,54.6,,,,5073
Hamilton,2020-12,2020,6.1,799,157.5,287.0,54359.0,56.57,,,,5073
Hamilton,2021-01,2021,6.4,803,157.17,286.0,60982.0,55.98,29.0,567.63,,5109
Hamilton,2021-02,2021,6.8,804,157.37,298.0,64476.0,58.33,12.0,234.88,,5109
Hamilton,2021-03,2021,6.5,803,157.17,311.0,66684.0,60.87,19.0,371.89,,5109
Hamilton,2021-04,2021,5.7,813,159.13,301.0,73569.0,58.92,10.0,195.73,,5109
Hamilton,2021-05,2021,4.5,826,161.68,285.0,72609.0,55.78,12.0,234.88,,5109
Hamilton,2021-06,2021,4.0,834,163.24,279.0,67744.0,54.61,29.0,567.63,,5109
Hamilton,2021-07,2021,3.7,834,163.24,265.0,66749.0,51.87,22.0,430.61,,5109
Hamilton,2021-08,2021,3.4,824,161.28,266.0,66399.0,52.06,11.0,215.31,,5109
Hamilton,2021-09,2021,3.0,829,162.26,257.0,65852.0,50.3,20.0,391.47,,5109
Hamilton,2021-10,2021,3.2,834,163.24,275.0,72939.0,53.83,15.0,293.6,,5109
Hamilton,2021-11,2021,4.2,841,164.61,268.0,70786.0,52.46,24.0,469.76,,5109
Hamilton,2021-12,2021,4.6,851,166.57,300.0,81798.0,58.72,25.0,489.33,,5109
Hamilton,2022-01,2022,5.8,852,166.99,322.0,83538.0,63.11,28.0,548.8,,5102
Hamilton,2022-02,2022,6.0,846,165.82,320.0,84329.0,62.72,20.0,392.0,,5102
Hamilton,2022-03,2022,5.3,851,166.8,323.0,83479.0,63.31,21.0,411.6,,5102
Hamilton,2022-04,2022,5.7,855,167.58,321.0,83731.0,62.92,9.0,176.4,,5102
Hamilton,2022-05,2022,4.0,865,169.54,315.0,81481.0,61.74,14.0,274.4,,5102
Hamilton,2022-06,2022,3.4,864,169.35,273.0,71577.0,53.51,12.0,235.2,,5102
Hamilton,2022-07,2022,3.1,869,170.33,266.0,69221.0,52.14,24.0,470.4,,5102
Hamilton,2022-08,2022,3.2,872,170.91,262.0,69235.0,51.35,18.0,352.8,,5102
Hamilton,2022-09,2022,2.9,874,171.31,274.0,71095.0,53.7,16.0,313.6,,5102
Hamilton,2022-10,2022,2.9,872,170.91,269.0,79536.0,52.72,11.0,215.6,,5102
Hamilton,2022-11,2022,5.5,864,169.35,297.0,88854.0,58.21,18.0,352.8,,5102
Hamilton,2022-12,2022,5.9,877,171.89,313.0,92005.0,61.35,36.0,705.61,,5102
Hamilton,2023-01,2023,6.4,885,174.63,312.0,90070.0,61.56,20.0,394.63,,5068
Hamilton,2023-02,2023,6.8,883,174.23,311.0,89053.0,61.37,18.0,355.17,,5068
Hamilton,2023-03,2023,6.3,887,175.02,321.0,55501.0,63.34,16.0,315.71,,5068
Hamilton,2023-04,2023,5.9,893,176.2,312.0,54661.0,61.56,12.0,236.78,,5068
Hamilton,2023-05,2023,4.7,899,177.39,290.0,51789.0,57.22,20.0,394.63,,5068
Hamilton,2023-06,2023,3.8,919,181.33,287.0,49547.0,56.63,19.0,374.9,,5068
Hamilton,2023-07,2023,3.2,901,177.78,269.0,47388.0,53.08,18.0,355.17,,5068
Hamilton,2023-08,2023,3.5,882,174.03,271.0,46179.0,53.47,18.0,355.17,,5068
Hamilton,2023-09,2023,3.4,868,171.27,271.0,48965.0,53.47,23.0,453.83,,5068
Hamilton,2023-10,2023,3.6,851,167.92,296.0,54289.0,58.41,17.0,335.44,,5068
Hamilton,2023-11,2023,6.3,842,166.14,297.0,53420.0,58.6,19.0,374.9,,5068
Hamilton,2023-12,2023,7.1,821,162.0,312.0,55615.0,61.56,16.0,315.71,,5068
Hamilton,2024-01,2024,7.9,791,155.62,310.0,56176.0,60.99,22.0,432.82,,5083
Hamilton,2024-02,2024,8.2,767,150.9,330.0,57687.0,64.92,21.0,413.14,,5083
Hamilton,2024-03,2024,7.7,742,145.98,336.0,56324.0,66.1,20.0,393.47,,5083
Hamilton,2024-04,2024,6.9,723,142.24,329.0,56849.0,64.73,16.0,314.77,,5083
Hamilton,2024-05,2024,4.5,732,144.01,321.0,56272.0,63.15,19.0,373.8,,5083
Hamilton,2024-06,2024,3.5,723,142.24,334.0,58457.0,65.71,25.0,491.84,,5083
Hamilton,2024-07,2024,3.5,714,140.47,351.0,74945.0,69.05,16.0,314.77,,5083
Hamilton,2024-08,2024,3.2,703,138.3,343.0,57318.0,67.48,14.0,275.43,,5083
Hamilton,2024-09,2024,3.1,702,138.11,330.0,55349.0,64.92,20.0,393.47,,5083
Hamilton,2024-10,2024,3.3,688,135.35,338.0,59123.0,66.5,11.0,216.41,,5083
Hamilton,2024-11,2024,5.0,700,137.71,353.0,60429.0,69.45,14.0,275.43,,5083
Hamilton,2024-12,2024,6.1,704,138.5,356.0,61908.0,70.04,18.0,354.12,,5083
Hamilton,2025-01,2025,7.2,696,139.03,373.0,64089.0,74.51,,,,5006
Hamilton,2025-02,2025,7.6,700,139.83,371.0,60225.0,74.11,,,,5006
Hamilton,2025-03,2025,6.7,708,141.43,366.0,58683.0,73.11,,,,5006
Hamilton,2025-04,2025,6.0,697,139.23,356.0,58447.0,71.11,,,,5006
Hamilton,2025-05,2025,4.0,700,139.83,353.0,57227.0,70.52,,,,5006
Hamilton,2025-06,2025,3.4,704,140.63,349.0,58586.0,69.72,,,,5006
Hamilton,2025-07,2025,3.3,702,140.23,361.0,57628.0,72.11,,,,5006
Hamilton,2025-08,2025,3.5,700,139.83,346.0,56049.0,69.12,,,,5006
Hamilton,2025-09,2025,3.8,715,142.83,328.0,51942.0,65.52,,,,5006
Hamilton,2025-10,2025,,720,143.83,323.0,53224.0,64.52,,,,5006
Hamilton,2025-11,2025,5.6,717,143.23,305.0,50680.0,60.93,,,,5006
Hamilton,2025-12,2025,6.6,711,142.03,321.0,54660.0,64.12,,,,5006
Herkimer,2018-01,2018,6.7,16344,264.84,9119.0,1050343.0,147.76,,,,61713
Herkimer,2018-02,2018,6.8,16250,263.32,9039.0,1046992.0,146.47,,,,61713
Herkimer,2018-03,2018,6.2,16215,262.75,9173.0,1062319.0,148.64,,,,61713
Herkimer,2018-04,2018,5.0,16132,261.4,8995.0,1037609.0,145.76,,,,61713
Herkimer,2018-05,2018,4.0,16076,260.5,8985.0,1041876.0,145.59,,,,61713
Herkimer,2018-06,2018,4.0,16128,261.34,8963.0,1036697.0,145.24,,,,61713
Herkimer,2018-07,2018,4.1,16108,261.01,8869.0,1034992.0,143.71,,,,61713
Herkimer,2018-08,2018,3.9,16135,261.45,8777.0,1036425.0,142.22,,,,61713
Herkimer,2018-09,2018,3.5,16056,260.17,8749.0,1016080.0,141.77,,,,61713
Herkimer,2018-10,2018,3.5,16061,260.25,8726.0,1022909.0,141.4,,,,61713
Herkimer,2018-11,2018,3.9,16079,260.54,8589.0,1011137.0,139.18,,,,61713
Herkimer,2018-12,2018,4.8,16078,260.53,8735.0,1032816.0,141.54,,,,61713
Herkimer,2019-01,2019,5.7,16134,263.12,8777.0,1017641.0,143.14,,,,61319
Herkimer,2019-02,2019,5.6,16121,262.9,8660.0,1003732.0,141.23,,,,61319
Herkimer,2019-03,2019,5.3,16059,261.89,8720.0,1008552.0,142.21,,,,61319
Herkimer,2019-04,2019,4.2,16046,261.68,8564.0,990333.0,139.66,,,,61319
Herkimer,2019-05,2019,3.8,16029,261.4,8471.0,987678.0,138.15,,,,61319
Herkimer,2019-06,2019,5.0,16064,261.97,8390.0,970632.0,136.83,,,,61319
Herkimer,2019-07,2019,4.3,16038,261.55,8270.0,955359.0,134.87,,,,61319
Herkimer,2019-08,2019,4.1,16027,261.37,8194.0,956436.0,133.63,,,,61319
Herkimer,2019-09,2019,3.5,16006,261.03,8214.0,954797.0,133.96,,,,61319
Herkimer,2019-10,2019,3.8,15978,260.57,8215.0,966614.0,133.97,,,,61319
Herkimer,2019-11,2019,4.1,15911,259.48,8221.0,968032.0,134.07,,,,61319
Herkimer,2019-12,2019,5.0,15878,258.94,8279.0,968768.0,135.02,,,,61319
Herkimer,2020-01,2020,5.9,15876,264.41,8356.0,971551.0,139.17,,,,60043
Herkimer,2020-02,2020,5.8,15895,264.73,8397.0,979497.0,139.85,,,,60043
Herkimer,2020-03,2020,6.6,15902,264.84,8402.0,980814.0,139.93,,,,60043
Herkimer,2020-04,2020,16.4,16182,269.51,8594.0,1997536.0,143.13,,,,60043
Herkimer,2020-05,2020,11.5,16434,273.7,8643.0,1566022.0,143.95,,,,60043
Herkimer,2020-06,2020,8.4,16639,277.12,8557.0,1426506.0,142.51,,,,60043
Herkimer,2020-07,2020,8.0,16795,279.72,8450.0,1572669.0,140.73,,,,60043
Herkimer,2020-08,2020,6.7,16940,282.13,8254.0,1470314.0,137.47,,,,60043
Herkimer,2020-09,2020,5.6,17058,284.1,8246.0,1312595.0,137.33,,,,60043
Herkimer,2020-10,2020,5.6,17253,287.34,8328.0,1736501.0,138.7,,,,60043
Herkimer,2020-11,2020,5.9,17575,292.71,8376.0,1583989.0,139.5,,,,60043
Herkimer,2020-12,2020,7.0,17861,297.47,8481.0,1599046.0,141.25,,,,60043
Herkimer,2021-01,2021,7.9,18069,300.97,8378.0,1788676.0,139.55,121.0,201.55,,60036
Herkimer,2021-02,2021,8.1,18125,301.9,8363.0,1808504.0,139.3,128.0,213.21,,60036
Herkimer,2021-03,2021,7.7,18243,303.87,8447.0,1823452.0,140.7,90.0,149.91,,60036
Herkimer,2021-04,2021,6.2,18349,305.63,8435.0,1983685.0,140.5,81.0,134.92,,60036
Herkimer,2021-05,2021,5.5,18475,307.73,8463.0,2008751.0,140.97,103.0,171.56,,60036
Herkimer,2021-06,2021,5.8,18578,309.45,8438.0,1989502.0,140.55,129.0,214.87,,60036
Herkimer,2021-07,2021,5.5,18652,310.68,8415.0,1987315.0,140.17,106.0,176.56,,60036
Herkimer,2021-08,2021,5.2,18724,311.88,8453.0,2005141.0,140.8,80.0,133.25,,60036
Herkimer,2021-09,2021,4.3,18774,312.71,8498.0,2016737.0,141.55,94.0,156.57,,60036
Herkimer,2021-10,2021,3.9,18850,313.98,8637.0,2218827.0,143.86,128.0,213.21,,60036
Herkimer,2021-11,2021,3.8,18927,315.26,8724.0,2235877.0,145.31,148.0,246.52,,60036
Herkimer,2021-12,2021,3.8,19053,317.36,8873.0,2279832.0,147.79,137.0,228.2,,60036
Herkimer,2022-01,2022,5.0,19129,321.06,8890.0,2276392.0,149.21,141.0,236.65,,59581
Herkimer,2022-02,2022,5.3,19268,323.39,8974.0,2286605.0,150.62,113.0,189.66,,59581
Herkimer,2022-03,2022,4.7,19338,324.57,9174.0,2377906.0,153.98,110.0,184.62,,59581
Herkimer,2022-04,2022,3.7,19375,325.19,9070.0,2307436.0,152.23,78.0,130.91,,59581
Herkimer,2022-05,2022,3.2,19433,326.16,9076.0,2307430.0,152.33,101.0,169.52,,59581
Herkimer,2022-06,2022,3.4,19457,326.56,9033.0,2277778.0,151.61,128.0,214.83,,59581
Herkimer,2022-07,2022,3.6,19551,328.14,8881.0,2266505.0,149.06,122.0,204.76,,59581
Herkimer,2022-08,2022,3.7,19658,329.94,8925.0,2272184.0,149.8,112.0,187.98,,59581
Herkimer,2022-09,2022,3.0,19820,332.66,8815.0,2250446.0,147.95,106.0,177.91,,59581
Herkimer,2022-10,2022,2.9,19870,333.5,8835.0,2545992.0,148.29,124.0,208.12,,59581
Herkimer,2022-11,2022,3.4,19908,334.13,8818.0,2553144.0,148.0,142.0,238.33,,59581
Herkimer,2022-12,2022,3.9,19974,335.24,8942.0,2607744.0,150.08,183.0,307.14,,59581
Herkimer,2023-01,2023,5.0,20041,336.54,8959.0,2588740.0,150.44,99.0,166.24,,59551
Herkimer,2023-02,2023,4.9,20069,337.01,9065.0,2614444.0,152.22,120.0,201.51,,59551
Herkimer,2023-03,2023,4.4,20192,339.07,9078.0,1669339.0,152.44,121.0,203.19,,59551
Herkimer,2023-04,2023,3.3,20189,339.02,8898.0,1582318.0,149.42,87.0,146.09,,59551
Herkimer,2023-05,2023,3.2,20281,340.57,8925.0,1569870.0,149.87,99.0,166.24,,59551
Herkimer,2023-06,2023,3.2,20372,342.09,8842.0,1551014.0,148.48,106.0,178.0,,59551
Herkimer,2023-07,2023,3.4,20159,338.52,8857.0,1549597.0,148.73,107.0,179.68,,59551
Herkimer,2023-08,2023,3.6,19840,333.16,8737.0,1543718.0,146.71,90.0,151.13,,59551
Herkimer,2023-09,2023,3.2,19542,328.16,8807.0,1543181.0,147.89,104.0,174.64,,59551
Herkimer,2023-10,2023,3.3,19220,322.75,8880.0,1635135.0,149.12,90.0,151.13,,59551
Herkimer,2023-11,2023,3.6,18775,315.28,8906.0,1630179.0,149.55,153.0,256.92,,59551
Herkimer,2023-12,2023,4.3,18363,308.36,9080.0,1664586.0,152.47,124.0,208.22,,59551
Herkimer,2024-01,2024,5.3,18070,304.37,9180.0,1664810.0,154.63,160.0,269.51,,59368
Herkimer,2024-02,2024,5.3,17828,300.3,9133.0,1640096.0,153.84,109.0,183.6,,59368
Herkimer,2024-03,2024,5.3,17555,295.7,9206.0,1655827.0,155.07,115.0,193.71,,59368
Herkimer,2024-04,2024,4.4,17151,288.89,9186.0,1660617.0,154.73,103.0,173.49,,59368
Herkimer,2024-05,2024,3.8,16880,284.33,9077.0,1638032.0,152.89,130.0,218.97,,59368
Herkimer,2024-06,2024,3.8,16666,280.72,8940.0,1621125.0,150.59,116.0,195.39,,59368
Herkimer,2024-07,2024,4.1,16634,280.18,8906.0,1605498.0,150.01,109.0,183.6,,59368
Herkimer,2024-08,2024,3.9,16636,280.22,8956.0,1619649.0,150.86,130.0,218.97,,59368
Herkimer,2024-09,2024,3.2,16558,278.9,8965.0,1622559.0,151.01,85.0,143.17,,59368
Herkimer,2024-10,2024,3.3,16547,278.72,8926.0,1670728.0,150.35,141.0,237.5,,59368
Herkimer,2024-11,2024,3.6,16459,277.24,8974.0,1669542.0,151.16,170.0,286.35,,59368
Herkimer,2024-12,2024,4.0,16497,277.88,8973.0,1654622.0,151.14,173.0,291.4,,59368
Herkimer,2025-01,2025,5.4,16448,277.75,9085.0,1659171.0,153.41,,,,59219
Herkimer,2025-02,2025,5.7,16397,276.89,9116.0,1650993.0,153.94,,,,59219
Herkimer,2025-03,2025,4.8,16364,276.33,9228.0,1678434.0,155.83,,,,59219
Herkimer,2025-04,2025,3.6,16394,276.84,9188.0,1653961.0,155.15,,,,59219
Herkimer,2025-05,2025,3.0,16437,277.56,9107.0,1640555.0,153.79,,,,59219
Herkimer,2025-06,2025,3.2,16454,277.85,9052.0,1634601.0,152.86,,,,59219
Herkimer,2025-07,2025,3.8,16503,278.68,8886.0,1596253.0,150.05,,,,59219
Herkimer,2025-08,2025,3.9,16375,276.52,8781.0,1579157.0,148.28,,,,59219
Herkimer,2025-09,2025,3.9,16421,277.29,8747.0,1569115.0,147.71,,,,59219
Herkimer,2025-10,2025,,16446,277.71,8761.0,1634256.0,147.94,,,,59219
Herkimer,2025-11,2025,4.0,16590,280.15,8540.0,1576077.0,144.21,,,,59219
Herkimer,2025-12,2025,4.4,16649,281.14,8510.0,1571387.0,143.7,,,,59219
Jefferson,2018-01,2018,7.9,28288,252.87,15115.0,1837727.0,135.12,,,,111866
Jefferson,2018-02,2018,8.1,28320,253.16,15179.0,1843633.0,135.69,,,,111866
Jefferson,2018-03,2018,7.3,28395,253.83,15378.0,1872528.0,137.47,,,,111866
Jefferson,2018-04,2018,5.9,28444,254.27,15107.0,1834608.0,135.05,,,,111866
Jefferson,2018-05,2018,4.6,28311,253.08,15094.0,1839422.0,134.93,,,,111866
Jefferson,2018-06,2018,4.6,28359,253.51,15016.0,1835557.0,134.23,,,,111866
Jefferson,2018-07,2018,4.6,28396,253.84,14950.0,1819726.0,133.64,,,,111866
Jefferson,2018-08,2018,4.5,28472,254.52,14761.0,1810010.0,131.95,,,,111866
Jefferson,2018-09,2018,4.0,28525,254.99,14671.0,1803785.0,131.15,,,,111866
Jefferson,2018-10,2018,4.1,28635,255.98,14721.0,1830137.0,131.59,,,,111866
Jefferson,2018-11,2018,4.8,28531,255.05,14637.0,1811757.0,130.84,,,,111866
Jefferson,2018-12,2018,5.8,28505,254.81,14766.0,1830142.0,132.0,,,,111866
Jefferson,2019-01,2019,6.7,28499,259.47,14843.0,1820584.0,135.14,,,,109834
Jefferson,2019-02,2019,6.6,28438,258.92,14841.0,1808408.0,135.12,,,,109834
Jefferson,2019-03,2019,6.2,28512,259.59,14682.0,1787938.0,133.67,,,,109834
Jefferson,2019-04,2019,5.1,28475,259.25,14578.0,1771641.0,132.73,,,,109834
Jefferson,2019-05,2019,4.3,28469,259.2,14558.0,1785195.0,132.55,,,,109834
Jefferson,2019-06,2019,4.3,28419,258.75,14467.0,1773062.0,131.72,,,,109834
Jefferson,2019-07,2019,4.8,28465,259.16,14290.0,1744262.0,130.11,,,,109834
Jefferson,2019-08,2019,5.0,28418,258.74,14157.0,1742018.0,128.89,,,,109834
Jefferson,2019-09,2019,4.4,28380,258.39,14166.0,1727362.0,128.98,,,,109834
Jefferson,2019-10,2019,4.6,28306,257.72,14265.0,1770650.0,129.88,,,,109834
Jefferson,2019-11,2019,5.6,28245,257.16,14439.0,1775439.0,131.46,,,,109834
Jefferson,2019-12,2019,6.5,28208,256.82,14452.0,1783294.0,131.58,,,,109834
Jefferson,2020-01,2020,7.4,28343,244.18,14589.0,1768206.0,125.69,,,,116075
Jefferson,2020-02,2020,7.2,28391,244.59,14625.0,1777637.0,126.0,,,,116075
Jefferson,2020-03,2020,8.2,28311,243.9,14778.0,1806521.0,127.31,,,,116075
Jefferson,2020-04,2020,18.5,28751,247.69,14894.0,3398534.0,128.31,,,,116075
Jefferson,2020-05,2020,13.0,29120,250.87,14874.0,2701061.0,128.14,,,,116075
Jefferson,2020-06,2020,9.3,29370,253.03,14163.0,2438589.0,122.02,,,,116075
Jefferson,2020-07,2020,8.7,29641,255.36,13854.0,2540592.0,119.35,,,,116075
Jefferson,2020-08,2020,6.7,29907,257.65,13352.0,2374493.0,115.03,,,,116075
Jefferson,2020-09,2020,5.7,30114,259.44,13714.0,2331379.0,118.15,,,,116075
Jefferson,2020-10,2020,4.9,30302,261.06,13801.0,2802696.0,118.9,,,,116075
Jefferson,2020-11,2020,5.1,30536,263.07,13931.0,2648351.0,120.02,,,,116075
Jefferson,2020-12,2020,5.9,30882,266.05,14231.0,2683061.0,122.6,,,,116075
Jefferson,2021-01,2021,6.8,31173,266.39,14337.0,3101455.0,122.52,326.0,278.59,,117019
Jefferson,2021-02,2021,7.5,31306,267.53,14552.0,3152219.0,124.36,285.0,243.55,,117019
Jefferson,2021-03,2021,6.8,31476,268.98,14690.0,3144162.0,125.54,280.0,239.28,,117019
Jefferson,2021-04,2021,5.5,31697,270.87,14651.0,3492328.0,125.2,194.0,165.79,,117019
Jefferson,2021-05,2021,4.8,31920,272.78,14765.0,3508476.0,126.18,219.0,187.15,,117019
Jefferson,2021-06,2021,5.1,32133,274.6,14843.0,3527041.0,126.84,301.0,257.22,,117019
Jefferson,2021-07,2021,5.1,32279,275.84,14826.0,3515157.0,126.7,237.0,202.53,,117019
Jefferson,2021-08,2021,4.8,32417,277.02,14637.0,3491365.0,125.08,236.0,201.68,,117019
Jefferson,2021-09,2021,3.9,32547,278.13,14588.0,3483385.0,124.66,282.0,240.99,,117019
Jefferson,2021-10,2021,3.8,32702,279.46,14589.0,3764259.0,124.67,289.0,246.97,,117019
Jefferson,2021-11,2021,3.7,32733,279.72,14654.0,3790095.0,125.23,384.0,328.15,,117019
Jefferson,2021-12,2021,3.8,32964,281.7,14613.0,3796698.0,124.88,327.0,279.44,,117019
Jefferson,2022-01,2022,5.0,33248,287.88,14761.0,3846579.0,127.81,343.0,296.99,,115493
Jefferson,2022-02,2022,5.4,33369,288.93,14843.0,3844228.0,128.52,291.0,251.96,,115493
Jefferson,2022-03,2022,4.8,33512,290.16,14974.0,3893782.0,129.65,235.0,203.48,,115493
Jefferson,2022-04,2022,4.0,33535,290.36,15112.0,3932420.0,130.85,169.0,146.33,,115493
Jefferson,2022-05,2022,3.4,33588,290.82,14963.0,3820011.0,129.56,250.0,216.46,,115493
Jefferson,2022-06,2022,3.6,33747,292.2,14962.0,3840372.0,129.55,311.0,269.28,,115493
Jefferson,2022-07,2022,3.9,33882,293.37,14781.0,3769471.0,127.98,290.0,251.1,,115493
Jefferson,2022-08,2022,4.1,33942,293.89,14652.0,3719563.0,126.86,276.0,238.98,,115493
Jefferson,2022-09,2022,3.3,34174,295.9,14602.0,3791132.0,126.43,246.0,213.0,,115493
Jefferson,2022-10,2022,3.1,34133,295.54,14844.0,4310929.0,128.53,304.0,263.22,,115493
Jefferson,2022-11,2022,3.8,34269,296.72,14843.0,4280130.0,128.52,369.0,319.5,,115493
Jefferson,2022-12,2022,4.3,34482,298.56,15158.0,4412345.0,131.25,398.0,344.61,,115493
Jefferson,2023-01,2023,5.2,34703,306.35,15215.0,4355315.0,134.31,341.0,301.02,,113280
Jefferson,2023-02,2023,5.2,34742,306.69,15408.0,4416837.0,136.02,266.0,234.82,,113280
Jefferson,2023-03,2023,4.7,35075,309.63,15476.0,2912142.0,136.62,270.0,238.35,,113280
Jefferson,2023-04,2023,3.5,35149,310.28,15134.0,2773018.0,133.6,236.0,208.33,,113280
Jefferson,2023-05,2023,3.5,35296,311.58,15078.0,2779111.0,133.1,228.0,201.27,,113280
Jefferson,2023-06,2023,3.5,35594,314.21,14896.0,2743708.0,131.5,263.0,232.17,,113280
Jefferson,2023-07,2023,3.8,35174,310.5,14771.0,2718810.0,130.39,258.0,227.75,,113280
Jefferson,2023-08,2023,4.0,34776,306.99,14525.0,2678163.0,128.22,275.0,242.76,,113280
Jefferson,2023-09,2023,3.5,34342,303.16,14451.0,2646365.0,127.57,251.0,221.57,,113280
Jefferson,2023-10,2023,3.7,33905,299.3,14510.0,2780628.0,128.09,262.0,231.29,,113280
Jefferson,2023-11,2023,4.3,33418,295.0,14674.0,2830157.0,129.54,352.0,310.73,,113280
Jefferson,2023-12,2023,5.0,32840,289.9,14888.0,2829352.0,131.43,293.0,258.65,,113280
Jefferson,2024-01,2024,5.9,32301,286.37,14972.0,2846883.0,132.74,379.0,336.01,,112795
Jefferson,2024-02,2024,6.1,31920,282.99,15023.0,2801354.0,133.19,266.0,235.83,,112795
Jefferson,2024-03,2024,5.5,31541,279.63,15018.0,2788453.0,133.14,189.0,167.56,,112795
Jefferson,2024-04,2024,4.4,30869,273.67,14896.0,2779015.0,132.06,195.0,172.88,,112795
Jefferson,2024-05,2024,3.8,30357,269.13,14829.0,2757935.0,131.47,250.0,221.64,,112795
Jefferson,2024-06,2024,3.7,29747,263.73,14704.0,2738395.0,130.36,268.0,237.6,,112795
Jefferson,2024-07,2024,4.3,29560,262.07,14589.0,2700906.0,129.34,284.0,251.78,,112795
Jefferson,2024-08,2024,4.1,29379,260.46,14405.0,2660215.0,127.71,228.0,202.14,,112795
Jefferson,2024-09,2024,3.3,29225,259.1,14197.0,2625907.0,125.87,246.0,218.09,,112795
Jefferson,2024-10,2024,3.5,29173,258.64,14263.0,2713701.0,126.45,299.0,265.08,,112795
Jefferson,2024-11,2024,4.0,28985,256.97,14169.0,2672988.0,125.62,385.0,341.33,,112795
Jefferson,2024-12,2024,4.5,28886,256.09,14461.0,2729405.0,128.21,441.0,390.97,,112795
Jefferson,2025-01,2025,5.8,28979,259.81,14507.0,2687271.0,130.06,,,,111540
Jefferson,2025-02,2025,6.0,28871,258.84,14615.0,2712870.0,131.03,,,,111540
Jefferson,2025-03,2025,5.2,28919,259.27,14658.0,2704541.0,131.41,,,,111540
Jefferson,2025-04,2025,3.8,28905,259.14,14524.0,2687626.0,130.21,,,,111540
Jefferson,2025-05,2025,3.4,28753,257.78,14458.0,2689651.0,129.62,,,,111540
Jefferson,2025-06,2025,3.4,28689,257.21,14215.0,2633293.0,127.44,,,,111540
Jefferson,2025-07,2025,4.1,28722,257.5,14061.0,2602914.0,126.06,,,,111540
Jefferson,2025-08,2025,4.3,28737,257.64,13858.0,2564633.0,124.24,,,,111540
Jefferson,2025-09,2025,4.1,28815,258.34,13638.0,2528921.0,122.27,,,,111540
Jefferson,2025-10,2025,,28841,258.57,13638.0,2639217.0,122.27,,,,111540
Jefferson,2025-11,2025,4.6,29055,260.49,13349.0,2565148.0,119.68,,,,111540
Jefferson,2025-12,2025,4.8,29116,261.04,13358.0,2565934.0,119.76,,,,111540
Kings,2018-01,2018,4.5,1170696,454.1,,,,,,,2578074
Kings,2018-02,2018,4.3,1168376,453.2,,,,,,,2578074
Kings,2018-03,2018,4.1,1168084,453.08,,,,,,,2578074
Kings,2018-04,2018,3.9,1166774,452.58,,,,,,,2578074
Kings,2018-05,2018,3.6,1166547,452.49,,,,,,,2578074
Kings,2018-06,2018,4.2,1165743,452.18,,,,,,,2578074
Kings,2018-07,2018,4.4,1166005,452.28,,,,,,,2578074
Kings,2018-08,2018,4.3,1166219,452.36,,,,,,,2578074
Kings,2018-09,2018,3.9,1164866,451.84,,,,,,,2578074
Kings,2018-10,2018,3.9,1165622,452.13,,,,,,,2578074
Kings,2018-11,2018,3.8,1163765,451.41,,,,,,,2578074
Kings,2018-12,2018,4.0,1163614,451.35,,,,,,,2578074
Kings,2019-01,2019,4.6,1164612,454.94,,,,,,,2559903
Kings,2019-02,2019,4.3,1161124,453.58,,,,,,,2559903
Kings,2019-03,2019,4.0,1161057,453.56,,,,,,,2559903
Kings,2019-04,2019,3.7,1160042,453.16,,,,,,,2559903
Kings,2019-05,2019,3.8,1160087,453.18,,,,,,,2559903
Kings,2019-06,2019,3.9,1157626,452.21,,,,,,,2559903
Kings,2019-07,2019,4.3,1157056,451.99,,,,,,,2559903
Kings,2019-08,2019,4.2,1155239,451.28,,,,,,,2559903
Kings,2019-09,2019,3.6,1152389,450.17,,,,,,,2559903
Kings,2019-10,2019,3.9,1149035,448.86,,,,,,,2559903
Kings,2019-11,2019,3.6,1143129,446.55,,,,,,,2559903
Kings,2019-12,2019,3.3,1137546,444.37,,,,,,,2559903
Kings,2020-01,2020,4.0,1136468,417.47,,,,,,,2722259
Kings,2020-02,2020,4.1,1134384,416.71,,,,,,,2722259
Kings,2020-03,2020,5.2,1133944,416.55,,,,,,,2722259
Kings,2020-04,2020,11.9,1151728,423.08,,,,,,,2722259
Kings,2020-05,2020,21.1,1169246,429.51,,,,,,,2722259
Kings,2020-06,2020,16.8,1185479,435.48,,,,,,,2722259
Kings,2020-07,2020,17.1,1200951,441.16,,,,,,,2722259
Kings,2020-08,2020,14.7,1213232,445.67,,,,,,,2722259
Kings,2020-09,2020,14.1,1225963,450.35,,,,,,,2722259
Kings,2020-10,2020,12.8,1236289,454.14,,,,,,,2722259
Kings,2020-11,2020,12.2,1247266,458.17,,,,,,,2722259
Kings,2020-12,2020,11.8,1263576,464.16,,,,,,,2722259
Kings,2021-01,2021,12.5,1274145,483.62,,,,2058.0,78.12,,2634576
Kings,2021-02,2021,12.1,1277854,485.03,,,,1896.0,71.97,,2634576
Kings,2021-03,2021,11.2,1286639,488.37,,,,2294.0,87.07,,2634576
Kings,2021-04,2021,10.8,1294606,491.39,,,,2395.0,90.91,,2634576
Kings,2021-05,2021,10.0,1300673,493.69,,,,2751.0,104.42,,2634576
Kings,2021-06,2021,10.7,1308111,496.52,,,,2969.0,112.69,,2634576
Kings,2021-07,2021,10.4,1315308,499.25,,,,2654.0,100.74,,2634576
Kings,2021-08,2021,10.0,1320428,501.19,,,,2751.0,104.42,,2634576
Kings,2021-09,2021,8.6,1327306,503.8,,,,2850.0,108.18,,2634576
Kings,2021-10,2021,8.1,1334666,506.6,,,,2733.0,103.74,,2634576
Kings,2021-11,2021,7.5,1338238,507.95,,,,2511.0,95.31,,2634576
Kings,2021-12,2021,7.4,1347060,511.3,,,,2430.0,92.23,,2634576
Kings,2022-01,2022,7.8,1354406,520.77,,,,2164.0,83.21,,2600751
Kings,2022-02,2022,7.0,1358348,522.29,,,,2111.0,81.17,,2600751
Kings,2022-03,2022,6.2,1364534,524.67,,,,2447.0,94.09,,2600751
Kings,2022-04,2022,5.8,1367451,525.79,,,,2350.0,90.36,,2600751
Kings,2022-05,2022,5.4,1370818,527.09,,,,2782.0,106.97,,2600751
Kings,2022-06,2022,5.5,1378173,529.91,,,,2793.0,107.39,,2600751
Kings,2022-07,2022,5.6,1385422,532.7,,,,2542.0,97.74,,2600751
Kings,2022-08,2022,5.3,1391450,535.02,,,,2516.0,96.74,,2600751
Kings,2022-09,2022,4.6,1400993,538.69,,,,2562.0,98.51,,2600751
Kings,2022-10,2022,5.0,1407111,541.04,,,,2500.0,96.13,,2600751
Kings,2022-11,2022,5.0,1412550,543.13,,,,2378.0,91.44,,2600751
Kings,2022-12,2022,4.9,1420931,546.35,,,,2389.0,91.86,,2600751
Kings,2023-01,2023,5.4,1428895,547.07,,,,2213.0,84.73,,2611893
Kings,2023-02,2023,5.5,1432844,548.58,,,,2135.0,81.74,,2611893
Kings,2023-03,2023,5.1,1442028,552.1,,,,2421.0,92.69,,2611893
Kings,2023-04,2023,4.7,1447871,554.34,,,,2355.0,90.16,,2611893
Kings,2023-05,2023,4.9,1453752,556.59,,,,2651.0,101.5,,2611893
Kings,2023-06,2023,5.2,1462621,559.99,,,,2488.0,95.26,,2611893
Kings,2023-07,2023,5.3,1448944,554.75,,,,2507.0,95.98,,2611893
Kings,2023-08,2023,5.5,1434584,549.25,,,,2426.0,92.88,,2611893
Kings,2023-09,2023,5.0,1421232,544.14,,,,2575.0,98.59,,2611893
Kings,2023-10,2023,5.2,1410344,539.97,,,,2564.0,98.17,,2611893
Kings,2023-11,2023,4.7,1400198,536.09,,,,2293.0,87.79,,2611893
Kings,2023-12,2023,4.7,1386821,530.96,,,,2351.0,90.01,,2611893
Kings,2024-01,2024,5.0,1377643,518.17,,,,2235.0,84.06,,2658657
Kings,2024-02,2024,5.2,1368006,514.55,,,,1983.0,74.59,,2658657
Kings,2024-03,2024,4.9,1361326,512.04,,,,2359.0,88.73,,2658657
Kings,2024-04,2024,4.8,1343318,505.26,,,,2076.0,78.08,,2658657
Kings,2024-05,2024,5.0,1327391,499.27,,,,2514.0,94.56,,2658657
Kings,2024-06,2024,5.6,1310586,492.95,,,,2445.0,91.96,,2658657
Kings,2024-07,2024,6.3,1306769,491.51,,,,2293.0,86.25,,2658657
Kings,2024-08,2024,6.2,1304581,490.69,,,,2164.0,81.39,,2658657
Kings,2024-09,2024,5.4,1303439,490.26,,,,2365.0,88.95,,2658657
Kings,2024-10,2024,5.6,1303909,490.44,,,,2304.0,86.66,,2658657
Kings,2024-11,2024,5.7,1299618,488.82,,,,2152.0,80.94,,2658657
Kings,2024-12,2024,5.4,1296972,487.83,,,,2225.0,83.69,,2658657
Kings,2025-01,2025,5.4,1290658,486.31,,,,,,,2653963
Kings,2025-02,2025,4.4,1286240,484.65,,,,,,,2653963
Kings,2025-03,2025,4.6,1285395,484.33,,,,,,,2653963
Kings,2025-04,2025,4.8,1285265,484.28,,,,,,,2653963
Kings,2025-05,2025,4.4,1283831,483.74,,,,,,,2653963
Kings,2025-06,2025,4.9,1279146,481.98,,,,,,,2653963
Kings,2025-07,2025,5.8,1276186,480.86,,,,,,,2653963
Kings,2025-08,2025,5.9,1268692,478.04,,,,,,,2653963
Kings,2025-09,2025,6.1,1263354,476.03,,,,,,,2653963
Kings,2025-10,2025,,1258539,474.21,,,,,,,2653963
Kings,2025-11,2025,5.6,1268295,477.89,,,,,,,2653963
Kings,2025-12,2025,5.5,1261555,475.35,,,,,,,2653963
Lewis,2018-01,2018,8.1,5338,201.54,3395.0,360802.0,128.18,,,,26486
Lewis,2018-02,2018,8.3,5330,201.24,3379.0,356933.0,127.58,,,,26486
Lewis,2018-03,2018,7.5,5304,200.26,3409.0,359862.0,128.71,,,,26486
Lewis,2018-04,2018,6.2,5284,199.5,3285.0,343502.0,124.03,,,,26486
Lewis,2018-05,2018,4.5,5309,200.45,3253.0,340807.0,122.82,,,,26486
Lewis,2018-06,2018,4.3,5339,201.58,3149.0,330176.0,118.89,,,,26486
Lewis,2018-07,2018,4.2,5283,199.46,3096.0,322221.0,116.89,,,,26486
Lewis,2018-08,2018,3.9,5229,197.43,3042.0,320232.0,114.85,,,,26486
Lewis,2018-09,2018,3.6,5201,196.37,2950.0,308777.0,111.38,,,,26486
Lewis,2018-10,2018,3.6,5177,195.46,2943.0,312831.0,111.12,,,,26486
Lewis,2018-11,2018,4.1,5139,194.03,2949.0,310504.0,111.34,,,,26486
Lewis,2018-12,2018,5.7,5149,194.4,3028.0,327331.0,114.32,,,,26486
Lewis,2019-01,2019,6.9,5155,196.04,3065.0,325433.0,116.56,,,,26296
Lewis,2019-02,2019,7.3,5182,197.06,3036.0,317007.0,115.45,,,,26296
Lewis,2019-03,2019,7.1,5198,197.67,3029.0,321007.0,115.19,,,,26296
Lewis,2019-04,2019,5.6,5147,195.73,2968.0,312116.0,112.87,,,,26296
Lewis,2019-05,2019,4.2,5151,195.89,2929.0,305689.0,111.39,,,,26296
Lewis,2019-06,2019,3.9,5183,197.1,2880.0,296795.0,109.52,,,,26296
Lewis,2019-07,2019,4.4,5191,197.41,2843.0,292279.0,108.12,,,,26296
Lewis,2019-08,2019,4.3,5214,198.28,2762.0,289052.0,105.03,,,,26296
Lewis,2019-09,2019,3.7,5205,197.94,2768.0,286380.0,105.26,,,,26296
Lewis,2019-10,2019,3.9,5180,196.99,2748.0,291093.0,104.5,,,,26296
Lewis,2019-11,2019,4.5,5145,195.66,2707.0,286840.0,102.94,,,,26296
Lewis,2019-12,2019,6.3,5112,194.4,2711.0,291072.0,103.1,,,,26296
Lewis,2020-01,2020,7.3,5127,192.95,2736.0,289741.0,102.97,,,,26571
Lewis,2020-02,2020,7.4,5158,194.12,2774.0,294653.0,104.4,,,,26571
Lewis,2020-03,2020,8.3,5168,194.5,2731.0,291982.0,102.78,,,,26571
Lewis,2020-04,2020,15.2,5237,197.09,2781.0,680999.0,104.66,,,,26571
Lewis,2020-05,2020,10.3,5326,200.44,2802.0,505042.0,105.45,,,,26571
Lewis,2020-06,2020,7.6,5372,202.18,2721.0,434772.0,102.4,,,,26571
Lewis,2020-07,2020,7.1,5445,204.92,2600.0,507373.0,97.85,,,,26571
Lewis,2020-08,2020,5.4,5474,206.01,2580.0,456625.0,97.1,,,,26571
Lewis,2020-09,2020,4.6,5504,207.14,2650.0,422891.0,99.73,,,,26571
Lewis,2020-10,2020,4.3,5566,209.48,2693.0,554464.0,101.35,,,,26571
Lewis,2020-11,2020,4.7,5608,211.06,2749.0,541688.0,103.46,,,,26571
Lewis,2020-12,2020,5.7,5659,212.98,2815.0,528883.0,105.94,,,,26571
Lewis,2021-01,2021,7.1,5714,213.7,2927.0,616850.0,109.47,90.0,336.59,,26739
Lewis,2021-02,2021,7.5,5745,214.85,2966.0,654192.0,110.92,48.0,179.51,,26739
Lewis,2021-03,2021,7.0,5783,216.28,2917.0,621129.0,109.09,63.0,235.61,,26739
Lewis,2021-04,2021,5.4,5818,217.58,2888.0,674292.0,108.01,35.0,130.89,,26739
Lewis,2021-05,2021,4.4,5842,218.48,2835.0,661489.0,106.02,43.0,160.81,,26739
Lewis,2021-06,2021,4.6,5846,218.63,2758.0,644453.0,103.15,56.0,209.43,,26739
Lewis,2021-07,2021,4.7,5901,220.69,2689.0,627247.0,100.56,65.0,243.09,,26739
Lewis,2021-08,2021,4.3,5944,222.3,2651.0,622521.0,99.14,48.0,179.51,,26739
Lewis,2021-09,2021,3.5,6002,224.47,2676.0,629063.0,100.08,72.0,269.27,,26739
Lewis,2021-10,2021,3.5,6031,225.55,2758.0,697647.0,103.15,81.0,302.93,,26739
Lewis,2021-11,2021,3.7,6073,227.12,2788.0,700032.0,104.27,81.0,302.93,,26739
Lewis,2021-12,2021,3.9,6123,228.99,2887.0,733169.0,107.97,102.0,381.47,,26739
Lewis,2022-01,2022,5.3,6186,232.42,2880.0,722075.0,108.21,101.0,379.47,,26616
Lewis,2022-02,2022,5.8,6206,233.17,2965.0,745800.0,111.4,75.0,281.79,,26616
Lewis,2022-03,2022,5.3,6248,234.75,2955.0,736780.0,111.02,67.0,251.73,,26616
Lewis,2022-04,2022,4.2,6291,236.36,2990.0,747734.0,112.34,64.0,240.46,,26616
Lewis,2022-05,2022,3.2,6321,237.49,2943.0,738428.0,110.57,49.0,184.1,,26616
Lewis,2022-06,2022,3.2,6341,238.24,2897.0,718724.0,108.84,89.0,334.39,,26616
Lewis,2022-07,2022,3.6,6330,237.83,2910.0,735254.0,109.33,66.0,247.97,,26616
Lewis,2022-08,2022,3.7,6336,238.05,2854.0,715409.0,107.23,56.0,210.4,,26616
Lewis,2022-09,2022,2.8,6391,240.12,2900.0,721332.0,108.96,70.0,263.0,,26616
Lewis,2022-10,2022,2.6,6410,240.83,2845.0,804258.0,106.89,109.0,409.53,,26616
Lewis,2022-11,2022,3.3,6427,241.47,2882.0,822910.0,108.28,118.0,443.34,,26616
Lewis,2022-12,2022,4.4,6439,241.92,2976.0,858973.0,111.81,118.0,443.34,,26616
Lewis,2023-01,2023,5.5,6475,243.71,3077.0,857910.0,115.82,110.0,414.03,,26568
Lewis,2023-02,2023,5.6,6522,245.48,3091.0,857943.0,116.34,65.0,244.66,,26568
Lewis,2023-03,2023,5.3,6556,246.76,3035.0,492945.0,114.24,94.0,353.81,,26568
Lewis,2023-04,2023,3.7,6584,247.82,2987.0,475450.0,112.43,60.0,225.84,,26568
Lewis,2023-05,2023,3.3,6631,249.59,2971.0,472922.0,111.83,47.0,176.9,,26568
Lewis,2023-06,2023,3.2,6676,251.28,2928.0,464872.0,110.21,72.0,271.0,,26568
Lewis,2023-07,2023,3.4,6568,247.21,2924.0,465900.0,110.06,74.0,278.53,,26568
Lewis,2023-08,2023,3.7,6501,244.69,2901.0,458364.0,109.19,54.0,203.25,,26568
Lewis,2023-09,2023,3.2,6369,239.72,2876.0,451949.0,108.25,68.0,255.95,,26568
Lewis,2023-10,2023,3.2,6238,234.79,2893.0,473522.0,108.89,91.0,342.52,,26568
Lewis,2023-11,2023,3.7,6118,230.28,2882.0,472526.0,108.48,90.0,338.75,,26568
Lewis,2023-12,2023,4.9,5965,224.52,3003.0,495088.0,113.03,92.0,346.28,,26568
Lewis,2024-01,2024,6.3,5833,220.01,2985.0,476495.0,112.59,117.0,441.31,,26512
Lewis,2024-02,2024,6.5,5751,216.92,3047.0,483596.0,114.93,71.0,267.8,,26512
Lewis,2024-03,2024,5.7,5697,214.88,3077.0,485806.0,116.06,57.0,215.0,,26512
Lewis,2024-04,2024,4.4,5577,210.36,3039.0,472582.0,114.63,45.0,169.73,,26512
Lewis,2024-05,2024,3.4,5471,206.36,2991.0,464485.0,112.82,51.0,192.37,,26512
Lewis,2024-06,2024,3.3,5371,202.59,2895.0,455448.0,109.2,72.0,271.58,,26512
Lewis,2024-07,2024,3.8,5338,201.34,2912.0,457061.0,109.84,67.0,252.72,,26512
Lewis,2024-08,2024,3.7,5319,200.63,2844.0,443595.0,107.27,58.0,218.77,,26512
Lewis,2024-09,2024,2.9,5241,197.68,2775.0,439205.0,104.67,50.0,188.59,,26512
Lewis,2024-10,2024,3.0,5225,197.08,2826.0,464426.0,106.59,98.0,369.64,,26512
Lewis,2024-11,2024,3.3,5240,197.65,2880.0,473102.0,108.63,99.0,373.42,,26512
Lewis,2024-12,2024,4.3,5232,197.34,2927.0,477810.0,110.4,119.0,448.85,,26512
Lewis,2025-01,2025,6.1,5194,196.16,2925.0,468666.0,110.46,,,,26479
Lewis,2025-02,2025,6.4,5167,195.14,2992.0,487253.0,113.0,,,,26479
Lewis,2025-03,2025,5.6,5167,195.14,2945.0,478110.0,111.22,,,,26479
Lewis,2025-04,2025,3.9,5187,195.89,2880.0,466694.0,108.77,,,,26479
Lewis,2025-05,2025,3.0,5194,196.16,2869.0,467637.0,108.35,,,,26479
Lewis,2025-06,2025,3.0,5205,196.57,2816.0,453887.0,106.35,,,,26479
Lewis,2025-07,2025,3.5,5219,197.1,2730.0,440967.0,103.1,,,,26479
Lewis,2025-08,2025,3.7,5206,196.61,2720.0,442063.0,102.72,,,,26479
Lewis,2025-09,2025,3.4,5189,195.97,2678.0,428038.0,101.14,,,,26479
Lewis,2025-10,2025,,5169,195.21,2631.0,436073.0,99.36,,,,26479
Lewis,2025-11,2025,4.0,5170,195.25,2562.0,424048.0,96.76,,,,26479
Lewis,2025-12,2025,4.8,5241,197.93,2636.0,440396.0,99.55,,,,26479
Livingston,2018-01,2018,6.0,12153,192.25,6653.0,788397.0,105.25,,,,63213
Livingston,2018-02,2018,6.1,12152,192.24,6627.0,781015.0,104.84,,,,63213
Livingston,2018-03,2018,5.5,12105,191.5,6593.0,780696.0,104.3,,,,63213
Livingston,2018-04,2018,4.6,12087,191.21,6459.0,767359.0,102.18,,,,63213
Livingston,2018-05,2018,4.0,12108,191.54,6341.0,763426.0,100.31,,,,63213
Livingston,2018-06,2018,4.2,12062,190.82,6213.0,738112.0,98.29,,,,63213
Livingston,2018-07,2018,4.2,11973,189.41,6087.0,728888.0,96.29,,,,63213
Livingston,2018-08,2018,3.8,11936,188.82,6134.0,736443.0,97.04,,,,63213
Livingston,2018-09,2018,3.4,11974,189.42,6037.0,724363.0,95.5,,,,63213
Livingston,2018-10,2018,3.4,12007,189.95,5929.0,718540.0,93.79,,,,63213
Livingston,2018-11,2018,3.4,11958,189.17,5903.0,719928.0,93.38,,,,63213
Livingston,2018-12,2018,4.1,11871,187.79,5967.0,726976.0,94.4,,,,63213
Livingston,2019-01,2019,5.1,11883,188.88,5962.0,716592.0,94.76,,,,62914
Livingston,2019-02,2019,5.3,11878,188.8,5936.0,718033.0,94.35,,,,62914
Livingston,2019-03,2019,5.0,11847,188.3,5904.0,715273.0,93.84,,,,62914
Livingston,2019-04,2019,4.0,11926,189.56,5852.0,706500.0,93.02,,,,62914
Livingston,2019-05,2019,3.5,12028,191.18,5789.0,698317.0,92.01,,,,62914
Livingston,2019-06,2019,3.8,11964,190.16,5742.0,684127.0,91.27,,,,62914
Livingston,2019-07,2019,4.2,11980,190.42,5675.0,681006.0,90.2,,,,62914
Livingston,2019-08,2019,4.0,11976,190.36,5660.0,682164.0,89.96,,,,62914
Livingston,2019-09,2019,3.6,11936,189.72,5667.0,679103.0,90.08,,,,62914
Livingston,2019-10,2019,3.7,11899,189.13,5652.0,684377.0,89.84,,,,62914
Livingston,2019-11,2019,3.8,11879,188.81,5659.0,683144.0,89.95,,,,62914
Livingston,2019-12,2019,4.4,11777,187.19,5654.0,690781.0,89.87,,,,62914
Livingston,2020-01,2020,5.3,11846,192.38,5699.0,691602.0,92.55,,,,61577
Livingston,2020-02,2020,5.3,11814,191.86,5680.0,687963.0,92.24,,,,61577
Livingston,2020-03,2020,5.9,11826,192.05,5731.0,691278.0,93.07,,,,61577
Livingston,2020-04,2020,16.0,11974,194.46,6043.0,1402680.0,98.14,,,,61577
Livingston,2020-05,2020,11.2,12072,196.05,5970.0,1051656.0,96.95,,,,61577
Livingston,2020-06,2020,8.6,12221,198.47,5885.0,988094.0,95.57,,,,61577
Livingston,2020-07,2020,7.9,12275,199.34,5870.0,1097118.0,95.33,,,,61577
Livingston,2020-08,2020,6.0,12384,201.11,5827.0,1032082.0,94.63,,,,61577
Livingston,2020-09,2020,5.2,12547,203.76,5774.0,918720.0,93.77,,,,61577
Livingston,2020-10,2020,4.4,12697,206.2,5693.0,1175021.0,92.45,,,,61577
Livingston,2020-11,2020,4.5,12796,207.8,5671.0,1070187.0,92.1,,,,61577
Livingston,2020-12,2020,5.5,12979,210.78,5838.0,1091763.0,94.81,,,,61577
Livingston,2021-01,2021,6.3,13070,211.96,5734.0,1222724.0,92.99,133.0,215.69,,61662
Livingston,2021-02,2021,6.4,13067,211.91,5765.0,1243697.0,93.49,141.0,228.67,,61662
Livingston,2021-03,2021,5.9,13082,212.16,5792.0,1252479.0,93.93,111.0,180.01,,61662
Livingston,2021-04,2021,4.9,13111,212.63,5709.0,1362094.0,92.59,97.0,157.31,,61662
Livingston,2021-05,2021,4.5,13155,213.34,5671.0,1368025.0,91.97,145.0,235.15,,61662
Livingston,2021-06,2021,4.9,13204,214.14,5543.0,1331244.0,89.89,157.0,254.61,,61662
Livingston,2021-07,2021,4.6,13300,215.69,5429.0,1322082.0,88.04,142.0,230.29,,61662
Livingston,2021-08,2021,4.3,13347,216.45,5445.0,1342840.0,88.3,128.0,207.58,,61662
Livingston,2021-09,2021,3.6,13446,218.06,5459.0,1327414.0,88.53,148.0,240.02,,61662
Livingston,2021-10,2021,3.4,13557,219.86,5455.0,1420661.0,88.47,201.0,325.97,,61662
Livingston,2021-11,2021,3.1,13478,218.58,5526.0,1432001.0,89.62,244.0,395.71,,61662
Livingston,2021-12,2021,3.1,13547,219.7,5636.0,1479280.0,91.4,174.0,282.18,,61662
Livingston,2022-01,2022,4.3,13592,221.53,5642.0,1472328.0,91.96,166.0,270.55,,61356
Livingston,2022-02,2022,4.4,13653,222.52,5702.0,1478205.0,92.93,168.0,273.81,,61356
Livingston,2022-03,2022,4.0,13693,223.17,5793.0,1489512.0,94.42,124.0,202.1,,61356
Livingston,2022-04,2022,3.3,13706,223.38,5812.0,1502622.0,94.73,92.0,149.94,,61356
Livingston,2022-05,2022,3.1,13734,223.84,5727.0,1470723.0,93.34,148.0,241.22,,61356
Livingston,2022-06,2022,3.3,13760,224.26,5717.0,1464189.0,93.18,161.0,262.4,,61356
Livingston,2022-07,2022,3.6,13831,225.42,5721.0,1485917.0,93.24,151.0,246.1,,61356
Livingston,2022-08,2022,3.5,13881,226.24,5760.0,1470331.0,93.88,137.0,223.29,,61356
Livingston,2022-09,2022,2.9,13994,228.08,5717.0,1474497.0,93.18,134.0,218.4,,61356
Livingston,2022-10,2022,2.7,13993,228.06,5654.0,1620991.0,92.15,185.0,301.52,,61356
Livingston,2022-11,2022,2.9,13964,227.59,5622.0,1635271.0,91.63,228.0,371.6,,61356
Livingston,2022-12,2022,3.3,14021,228.52,5747.0,1693701.0,93.67,174.0,283.59,,61356
Livingston,2023-01,2023,4.4,14092,230.32,5838.0,1717078.0,95.42,150.0,245.16,,61184
Livingston,2023-02,2023,4.3,14103,230.5,5830.0,1660147.0,95.29,130.0,212.47,,61184
Livingston,2023-03,2023,3.7,14248,232.87,5803.0,1074920.0,94.85,146.0,238.62,,61184
Livingston,2023-04,2023,2.8,14315,233.97,5720.0,1029504.0,93.49,100.0,163.44,,61184
Livingston,2023-05,2023,3.0,14412,235.55,5715.0,1027471.0,93.41,137.0,223.91,,61184
Livingston,2023-06,2023,3.1,14557,237.92,5696.0,1028489.0,93.1,143.0,233.72,,61184
Livingston,2023-07,2023,3.2,14505,237.07,5594.0,1013340.0,91.43,143.0,233.72,,61184
Livingston,2023-08,2023,3.4,14240,232.74,5617.0,1020166.0,91.81,132.0,215.74,,61184
Livingston,2023-09,2023,3.1,14029,229.29,5631.0,1030281.0,92.03,127.0,207.57,,61184
Livingston,2023-10,2023,3.2,13887,226.97,5647.0,1078092.0,92.3,175.0,286.02,,61184
Livingston,2023-11,2023,3.3,13662,223.29,5676.0,1083369.0,92.77,241.0,393.89,,61184
Livingston,2023-12,2023,4.0,13358,218.33,5743.0,1082780.0,93.86,165.0,269.68,,61184
Livingston,2024-01,2024,4.7,13149,214.28,5749.0,1062514.0,93.69,201.0,327.55,,61364
Livingston,2024-02,2024,4.9,12931,210.73,5785.0,1057889.0,94.27,123.0,200.44,,61364
Livingston,2024-03,2024,4.4,12740,207.61,5812.0,1053502.0,94.71,118.0,192.3,,61364
Livingston,2024-04,2024,3.6,12488,203.51,5790.0,1053126.0,94.35,121.0,197.18,,61364
Livingston,2024-05,2024,3.4,12348,201.23,5748.0,1043802.0,93.67,120.0,195.55,,61364
Livingston,2024-06,2024,3.6,12191,198.67,5751.0,1040661.0,93.72,132.0,215.11,,61364
Livingston,2024-07,2024,3.9,12103,197.23,5709.0,1032662.0,93.04,134.0,218.37,,61364
Livingston,2024-08,2024,3.7,12018,195.85,5682.0,1038999.0,92.6,123.0,200.44,,61364
Livingston,2024-09,2024,3.1,11921,194.27,5643.0,1032981.0,91.96,126.0,205.33,,61364
Livingston,2024-10,2024,3.0,11989,195.38,5601.0,1036102.0,91.28,223.0,363.41,,61364
Livingston,2024-11,2024,3.2,11909,194.07,5508.0,1018075.0,89.76,213.0,347.11,,61364
Livingston,2024-12,2024,3.7,11849,193.09,5505.0,1016979.0,89.71,211.0,343.85,,61364
Livingston,2025-01,2025,4.6,11788,191.87,5537.0,1009467.0,90.12,,,,61438
Livingston,2025-02,2025,4.9,11763,191.46,5439.0,983032.0,88.53,,,,61438
Livingston,2025-03,2025,4.2,11768,191.54,5448.0,982602.0,88.67,,,,61438
Livingston,2025-04,2025,3.1,11756,191.35,5399.0,973399.0,87.88,,,,61438
Livingston,2025-05,2025,2.9,11734,190.99,5300.0,955101.0,86.27,,,,61438
Livingston,2025-06,2025,3.2,11637,189.41,5219.0,944032.0,84.95,,,,61438
Livingston,2025-07,2025,3.6,11689,190.26,5116.0,928260.0,83.27,,,,61438
Livingston,2025-08,2025,3.8,11719,190.75,5109.0,921551.0,83.16,,,,61438
Livingston,2025-09,2025,3.7,11691,190.29,5064.0,918166.0,82.42,,,,61438
Livingston,2025-10,2025,,11770,191.58,4971.0,934278.0,80.91,,,,61438
Livingston,2025-11,2025,3.6,11870,193.2,4833.0,899596.0,78.66,,,,61438
Livingston,2025-12,2025,3.9,11892,193.56,4894.0,915519.0,79.66,,,,61438
Madison,2018-01,2018,6.7,15914,223.77,7585.0,895050.0,106.66,,,,71117
Madison,2018-02,2018,6.8,15891,223.45,7472.0,872098.0,105.07,,,,71117
Madison,2018-03,2018,6.2,15921,223.87,7439.0,868932.0,104.6,,,,71117
Madison,2018-04,2018,5.1,15838,222.7,7372.0,855644.0,103.66,,,,71117
Madison,2018-05,2018,4.1,15823,222.49,7289.0,840312.0,102.49,,,,71117
Madison,2018-06,2018,4.6,15827,222.55,7075.0,821172.0,99.48,,,,71117
Madison,2018-07,2018,4.5,15873,223.2,6900.0,804042.0,97.02,,,,71117
Madison,2018-08,2018,4.1,15897,223.53,6925.0,807751.0,97.37,,,,71117
Madison,2018-09,2018,3.6,15879,223.28,6907.0,802413.0,97.12,,,,71117
Madison,2018-10,2018,3.6,15959,224.4,6778.0,791892.0,95.31,,,,71117
Madison,2018-11,2018,3.7,15918,223.83,6753.0,779744.0,94.96,,,,71117
Madison,2018-12,2018,4.7,15922,223.88,6888.0,800121.0,96.85,,,,71117
Madison,2019-01,2019,5.6,15943,224.74,6796.0,799095.0,95.8,,,,70941
Madison,2019-02,2019,5.5,15969,225.1,6766.0,783613.0,95.38,,,,70941
Madison,2019-03,2019,5.3,15922,224.44,6770.0,784257.0,95.43,,,,70941
Madison,2019-04,2019,3.9,15886,223.93,6644.0,762949.0,93.66,,,,70941
Madison,2019-05,2019,3.6,15882,223.88,6584.0,761268.0,92.81,,,,70941
Madison,2019-06,2019,3.9,15845,223.35,6505.0,755575.0,91.7,,,,70941
Madison,2019-07,2019,4.3,15838,223.26,6385.0,733925.0,90.0,,,,70941
Madison,2019-08,2019,4.2,15862,223.59,6355.0,748851.0,89.58,,,,70941
Madison,2019-09,2019,3.8,15858,223.54,6326.0,745988.0,89.17,,,,70941
Madison,2019-10,2019,3.9,15819,222.99,6310.0,748362.0,88.95,,,,70941
Madison,2019-11,2019,3.8,15748,221.99,6379.0,751292.0,89.92,,,,70941
Madison,2019-12,2019,4.8,15701,221.32,6359.0,748737.0,89.64,,,,70941
Madison,2020-01,2020,5.6,15762,231.99,6381.0,739929.0,93.92,,,,67942
Madison,2020-02,2020,5.5,15747,231.77,6323.0,735394.0,93.06,,,,67942
Madison,2020-03,2020,6.3,15768,232.08,6268.0,729941.0,92.26,,,,67942
Madison,2020-04,2020,18.4,16086,236.76,6468.0,1492573.0,95.2,,,,67942
Madison,2020-05,2020,13.1,16279,239.6,6537.0,1174409.0,96.21,,,,67942
Madison,2020-06,2020,9.4,16443,242.02,6148.0,1013170.0,90.49,,,,67942
Madison,2020-07,2020,9.0,16617,244.58,5806.0,1103121.0,85.46,,,,67942
Madison,2020-08,2020,6.4,16781,246.99,5669.0,1001670.0,83.44,,,,67942
Madison,2020-09,2020,5.5,16948,249.45,5767.0,935592.0,84.88,,,,67942
Madison,2020-10,2020,4.6,17071,251.26,5786.0,1224158.0,85.16,,,,67942
Madison,2020-11,2020,4.7,17203,253.2,5882.0,1115221.0,86.57,,,,67942
Madison,2020-12,2020,5.7,17437,256.65,5994.0,1135690.0,88.22,,,,67942
Madison,2021-01,2021,6.6,17566,260.6,6036.0,1326332.0,89.55,157.0,232.92,,67405
Madison,2021-02,2021,6.7,17654,261.91,6098.0,1319772.0,90.47,105.0,155.77,,67405
Madison,2021-03,2021,6.2,17766,263.57,6139.0,1317287.0,91.08,110.0,163.19,,67405
Madison,2021-04,2021,5.0,17888,265.38,6017.0,1425140.0,89.27,113.0,167.64,,67405
Madison,2021-05,2021,4.5,17912,265.74,5930.0,1412655.0,87.98,87.0,129.07,,67405
Madison,2021-06,2021,5.1,17999,267.03,6005.0,1420128.0,89.09,92.0,136.49,,67405
Madison,2021-07,2021,4.9,18049,267.77,6107.0,1454089.0,90.6,119.0,176.54,,67405
Madison,2021-08,2021,4.4,18167,269.52,6070.0,1434192.0,90.05,98.0,145.39,,67405
Madison,2021-09,2021,3.6,18232,270.48,6117.0,1456344.0,90.75,112.0,166.16,,67405
Madison,2021-10,2021,3.4,18298,271.46,6060.0,1550456.0,89.9,141.0,209.18,,67405
Madison,2021-11,2021,3.2,18357,272.34,6191.0,1598271.0,91.85,175.0,259.62,,67405
Madison,2021-12,2021,3.3,18543,275.1,6362.0,1664245.0,94.38,151.0,224.02,,67405
Madison,2022-01,2022,4.5,18669,278.4,6344.0,1631503.0,94.6,165.0,246.05,,67059
Madison,2022-02,2022,4.7,18795,280.28,6434.0,1667660.0,95.95,114.0,170.0,,67059
Madison,2022-03,2022,4.2,18944,282.5,6597.0,1716371.0,98.38,144.0,214.74,,67059
Madison,2022-04,2022,3.2,18940,282.44,6630.0,1707370.0,98.87,95.0,141.67,,67059
Madison,2022-05,2022,3.0,19007,283.44,6592.0,1681278.0,98.3,94.0,140.18,,67059
Madison,2022-06,2022,3.3,19105,284.9,6593.0,1687770.0,98.32,137.0,204.3,,67059
Madison,2022-07,2022,3.6,19226,286.7,6573.0,1671117.0,98.02,131.0,195.35,,67059
Madison,2022-08,2022,3.5,19265,287.28,6558.0,1665347.0,97.79,141.0,210.26,,67059
Madison,2022-09,2022,2.9,19441,289.91,6649.0,1697094.0,99.15,130.0,193.86,,67059
Madison,2022-10,2022,2.7,19407,289.4,6597.0,1879551.0,98.38,150.0,223.68,,67059
Madison,2022-11,2022,3.0,19414,289.51,6651.0,1910080.0,99.18,190.0,283.33,,67059
Madison,2022-12,2022,3.6,19527,291.19,6723.0,1934054.0,100.25,197.0,293.77,,67059
Madison,2023-01,2023,4.6,19648,292.2,6644.0,1900578.0,98.81,151.0,224.56,,67242
Madison,2023-02,2023,4.5,19684,292.73,6794.0,1933869.0,101.04,140.0,208.2,,67242
Madison,2023-03,2023,4.0,19847,295.16,6777.0,1252399.0,100.79,154.0,229.02,,67242
Madison,2023-04,2023,2.9,19889,295.78,6692.0,1183509.0,99.52,89.0,132.36,,67242
Madison,2023-05,2023,3.0,19980,297.14,6657.0,1179557.0,99.0,115.0,171.02,,67242
Madison,2023-06,2023,3.4,20086,298.71,6563.0,1165146.0,97.6,134.0,199.28,,67242
Madison,2023-07,2023,3.4,19816,294.7,6541.0,1162068.0,97.28,116.0,172.51,,67242
Madison,2023-08,2023,3.7,19463,289.45,6449.0,1148448.0,95.91,135.0,200.77,,67242
Madison,2023-09,2023,3.2,19157,284.9,6335.0,1124083.0,94.21,128.0,190.36,,67242
Madison,2023-10,2023,3.4,18900,281.07,6336.0,1178975.0,94.23,157.0,233.49,,67242
Madison,2023-11,2023,3.5,18481,274.84,6343.0,1179262.0,94.33,200.0,297.43,,67242
Madison,2023-12,2023,4.3,18159,270.05,6471.0,1196814.0,96.23,173.0,257.28,,67242
Madison,2024-01,2024,5.1,17807,265.01,6517.0,1181997.0,96.99,158.0,235.14,,67193
Madison,2024-02,2024,5.2,17467,259.95,6581.0,1189754.0,97.94,141.0,209.84,,67193
Madison,2024-03,2024,4.5,17064,253.96,6678.0,1198995.0,99.39,122.0,181.57,,67193
Madison,2024-04,2024,3.6,16640,247.64,6574.0,1183178.0,97.84,84.0,125.01,,67193
Madison,2024-05,2024,3.4,16324,242.94,6542.0,1180785.0,97.36,133.0,197.94,,67193
Madison,2024-06,2024,3.7,15983,237.87,6527.0,1175421.0,97.14,124.0,184.54,,67193
Madison,2024-07,2024,3.9,15878,236.3,6477.0,1206287.0,96.39,117.0,174.13,,67193
Madison,2024-08,2024,3.7,15803,235.19,6392.0,1149415.0,95.13,100.0,148.83,,67193
Madison,2024-09,2024,3.0,15742,234.28,6316.0,1140653.0,94.0,116.0,172.64,,67193
Madison,2024-10,2024,3.0,15748,234.37,6377.0,1169539.0,94.91,172.0,255.98,,67193
Madison,2024-11,2024,3.2,15725,234.03,6306.0,1156051.0,93.85,203.0,302.11,,67193
Madison,2024-12,2024,3.7,15725,234.03,6349.0,1170140.0,94.49,216.0,321.46,,67193
Madison,2025-01,2025,4.9,15655,233.24,6295.0,1141722.0,93.79,,,,67120
Madison,2025-02,2025,5.0,15634,232.93,6318.0,1145656.0,94.13,,,,67120
Madison,2025-03,2025,4.4,15691,233.78,6334.0,1151131.0,94.37,,,,67120
Madison,2025-04,2025,3.2,15735,234.43,6327.0,1148888.0,94.26,,,,67120
Madison,2025-05,2025,2.9,15753,234.7,6306.0,1150004.0,93.95,,,,67120
Madison,2025-06,2025,3.2,15790,235.25,6276.0,1165609.0,93.5,,,,67120
Madison,2025-07,2025,3.7,15831,235.86,6224.0,1148629.0,92.73,,,,67120
Madison,2025-08,2025,3.9,15849,236.13,6183.0,1116505.0,92.12,,,,67120
Madison,2025-09,2025,3.9,15881,236.61,6123.0,1102555.0,91.22,,,,67120
Madison,2025-10,2025,,15884,236.65,6155.0,1152830.0,91.7,,,,67120
Madison,2025-11,2025,3.7,15967,237.89,5970.0,1119320.0,88.95,,,,67120
Madison,2025-12,2025,4.1,15963,237.83,5815.0,1082583.0,86.64,,,,67120
Monroe,2018-01,2018,5.0,194594,261.95,120356.0,15422454.0,162.02,,,,742864
Monroe,2018-02,2018,5.2,194846,262.29,119597.0,15251462.0,160.99,,,,742864
Monroe,2018-03,2018,4.7,195300,262.9,119751.0,15284845.0,161.2,,,,742864
Monroe,2018-04,2018,4.1,195374,263.0,118401.0,15079261.0,159.38,,,,742864
Monroe,2018-05,2018,3.8,195420,263.06,117899.0,15045036.0,158.71,,,,742864
Monroe,2018-06,2018,4.1,195303,262.91,117050.0,14895142.0,157.57,,,,742864
Monroe,2018-07,2018,4.3,195310,262.91,116866.0,14916692.0,157.32,,,,742864
Monroe,2018-08,2018,4.2,195419,263.06,116674.0,15066843.0,157.06,,,,742864
Monroe,2018-09,2018,3.6,195174,262.73,116223.0,15057901.0,156.45,,,,742864
Monroe,2018-10,2018,3.5,195479,263.14,116096.0,15166884.0,156.28,,,,742864
Monroe,2018-11,2018,3.5,195651,263.37,115466.0,15100697.0,155.43,,,,742864
Monroe,2018-12,2018,3.9,195682,263.42,115617.0,15111898.0,155.64,,,,742864
Monroe,2019-01,2019,4.3,196540,264.96,115550.0,14925778.0,155.78,,,,741770
Monroe,2019-02,2019,4.3,196077,264.34,114664.0,14818220.0,154.58,,,,741770
Monroe,2019-03,2019,4.0,195866,264.05,114147.0,14728528.0,153.88,,,,741770
Monroe,2019-04,2019,3.5,195453,263.5,113455.0,14624371.0,152.95,,,,741770
Monroe,2019-05,2019,3.5,195549,263.62,113375.0,14624481.0,152.84,,,,741770
Monroe,2019-06,2019,3.7,195364,263.38,112876.0,14570456.0,152.17,,,,741770
Monroe,2019-07,2019,4.2,195539,263.61,112648.0,14585360.0,151.86,,,,741770
Monroe,2019-08,2019,4.3,195577,263.66,112570.0,14596292.0,151.76,,,,741770
Monroe,2019-09,2019,3.7,195371,263.38,112231.0,14601929.0,151.3,,,,741770
Monroe,2019-10,2019,3.8,195507,263.57,112647.0,14915604.0,151.86,,,,741770
Monroe,2019-11,2019,3.8,194977,262.85,112244.0,14779751.0,151.32,,,,741770
Monroe,2019-12,2019,4.0,194703,262.48,112265.0,14774733.0,151.35,,,,741770
Monroe,2020-01,2020,4.4,195872,258.28,112717.0,14733654.0,148.63,,,,758384
Monroe,2020-02,2020,4.4,195864,258.26,112166.0,14657448.0,147.9,,,,758384
Monroe,2020-03,2020,5.1,195872,258.28,112072.0,14663050.0,147.78,,,,758384
Monroe,2020-04,2020,16.6,199859,263.53,114371.0,25539812.0,150.81,,,,758384
Monroe,2020-05,2020,12.8,202599,267.15,115176.0,20463985.0,151.87,,,,758384
Monroe,2020-06,2020,10.4,204506,269.66,108600.0,19096731.0,143.2,,,,758384
Monroe,2020-07,2020,10.1,206999,272.95,101323.0,18148844.0,133.6,,,,758384
Monroe,2020-08,2020,8.0,208968,275.54,101177.0,17972210.0,133.41,,,,758384
Monroe,2020-09,2020,7.1,211082,278.33,102614.0,17504095.0,135.31,,,,758384
Monroe,2020-10,2020,5.9,212825,280.63,104208.0,20960211.0,137.41,,,,758384
Monroe,2020-11,2020,5.8,214802,283.24,104449.0,19732952.0,137.73,,,,758384
Monroe,2020-12,2020,6.5,217587,286.91,106740.0,20149531.0,140.75,,,,758384
Monroe,2021-01,2021,6.9,219331,290.67,107201.0,23055488.0,142.07,1273.0,168.7,,754572
Monroe,2021-02,2021,6.9,219682,291.13,107123.0,23117455.0,141.97,1375.0,182.22,,754572
Monroe,2021-03,2021,6.4,220854,292.69,107016.0,23016009.0,141.82,1294.0,171.49,,754572
Monroe,2021-04,2021,5.6,221965,294.16,106592.0,25914797.0,141.26,1317.0,174.54,,754572
Monroe,2021-05,2021,5.2,222820,295.29,106841.0,26030913.0,141.59,1413.0,187.26,,754572
Monroe,2021-06,2021,5.6,224007,296.87,106645.0,25872140.0,141.33,1489.0,197.33,,754572
Monroe,2021-07,2021,5.4,225188,298.43,106615.0,26061451.0,141.29,1472.0,195.08,,754572
Monroe,2021-08,2021,5.0,225737,299.16,105314.0,25852269.0,139.57,1484.0,196.67,,754572
Monroe,2021-09,2021,4.2,226958,300.78,105052.0,25662796.0,139.22,1550.0,205.41,,754572
Monroe,2021-10,2021,3.8,228069,302.25,105475.0,27747545.0,139.78,1751.0,232.05,,754572
Monroe,2021-11,2021,3.5,228615,302.97,105859.0,27846072.0,140.29,1704.0,225.82,,754572
Monroe,2021-12,2021,3.1,230353,305.28,106108.0,28398153.0,140.62,1664.0,220.52,,754572
Monroe,2022-01,2022,3.9,231647,308.67,107278.0,28675574.0,142.95,1698.0,226.26,,750469
Monroe,2022-02,2022,4.1,232567,309.9,108383.0,28596363.0,144.42,1676.0,223.33,,750469
Monroe,2022-03,2022,3.7,233709,311.42,110178.0,29015517.0,146.81,1355.0,180.55,,750469
Monroe,2022-04,2022,3.2,233783,311.52,110468.0,28993756.0,147.2,1173.0,156.3,,750469
Monroe,2022-05,2022,3.2,234112,311.95,110377.0,28781865.0,147.08,1380.0,183.89,,750469
Monroe,2022-06,2022,3.4,235065,313.22,110193.0,28658050.0,146.83,1502.0,200.14,,750469
Monroe,2022-07,2022,3.8,236213,314.75,109468.0,28665433.0,145.87,1421.0,189.35,,750469
Monroe,2022-08,2022,3.9,236853,315.61,107974.0,28385133.0,143.88,1482.0,197.48,,750469
Monroe,2022-09,2022,3.1,238263,317.49,106924.0,28571245.0,142.48,1533.0,204.27,,750469
Monroe,2022-10,2022,2.9,238688,318.05,107246.0,31862648.0,142.91,1635.0,217.86,,750469
Monroe,2022-11,2022,3.0,239391,318.99,106931.0,31715255.0,142.49,1774.0,236.39,,750469
Monroe,2022-12,2022,3.1,240797,320.86,107735.0,32276959.0,143.56,1586.0,211.33,,750469
Monroe,2023-01,2023,3.7,242159,323.33,107936.0,32113756.0,144.12,1567.0,209.22,,748957
Monroe,2023-02,2023,3.7,242481,323.76,107425.0,31632255.0,143.43,1477.0,197.21,,748957
Monroe,2023-03,2023,3.3,243745,325.45,107387.0,22224322.0,143.38,1433.0,191.33,,748957
Monroe,2023-04,2023,2.7,244639,326.64,106138.0,21645829.0,141.71,1372.0,183.19,,748957
Monroe,2023-05,2023,3.1,245343,327.58,105897.0,21402131.0,141.39,1596.0,213.1,,748957
Monroe,2023-06,2023,3.3,246647,329.32,106470.0,21343853.0,142.16,1570.0,209.62,,748957
Monroe,2023-07,2023,3.5,244219,326.08,106368.0,21223507.0,142.02,1455.0,194.27,,748957
Monroe,2023-08,2023,3.8,241056,321.86,106612.0,21381638.0,142.35,1433.0,191.33,,748957
Monroe,2023-09,2023,3.4,237613,317.26,106163.0,21165360.0,141.75,1386.0,185.06,,748957
Monroe,2023-10,2023,3.6,234631,313.28,106347.0,22778985.0,141.99,1650.0,220.31,,748957
Monroe,2023-11,2023,3.5,230950,308.36,105745.0,22190555.0,141.19,1822.0,243.27,,748957
Monroe,2023-12,2023,3.7,226497,302.42,106278.0,22261814.0,141.9,1587.0,211.89,,748957
Monroe,2024-01,2024,4.1,223084,297.33,106746.0,22148200.0,142.27,1641.0,218.71,,750294
Monroe,2024-02,2024,4.3,219929,293.12,107196.0,22036984.0,142.87,1228.0,163.67,,750294
Monroe,2024-03,2024,3.9,217051,289.29,108018.0,22145498.0,143.97,1568.0,208.98,,750294
Monroe,2024-04,2024,3.4,212720,283.52,108683.0,22180082.0,144.85,1249.0,166.47,,750294
Monroe,2024-05,2024,3.4,209045,278.62,109087.0,22154763.0,145.39,1570.0,209.25,,750294
Monroe,2024-06,2024,3.6,205493,273.88,108409.0,22097854.0,144.49,1490.0,198.59,,750294
Monroe,2024-07,2024,4.1,204840,273.01,108698.0,22157916.0,144.87,1365.0,181.93,,750294
Monroe,2024-08,2024,4.0,204346,272.35,108702.0,22127313.0,144.88,1371.0,182.73,,750294
Monroe,2024-09,2024,3.3,203634,271.41,108450.0,21987853.0,144.54,1501.0,200.05,,750294
Monroe,2024-10,2024,3.3,203595,271.35,109001.0,22570139.0,145.28,1726.0,230.04,,750294
Monroe,2024-11,2024,3.4,202371,269.72,108583.0,22333408.0,144.72,1592.0,212.18,,750294
Monroe,2024-12,2024,3.4,201383,268.41,108303.0,22375674.0,144.35,1866.0,248.7,,750294
Monroe,2025-01,2025,4.0,201160,268.03,108714.0,22358035.0,144.85,,,,750506
Monroe,2025-02,2025,4.3,200280,266.86,108807.0,22277672.0,144.98,,,,750506
Monroe,2025-03,2025,3.8,199896,266.35,108807.0,22310673.0,144.98,,,,750506
Monroe,2025-04,2025,3.0,199717,266.11,108288.0,22092680.0,144.29,,,,750506
Monroe,2025-05,2025,3.1,199299,265.55,108048.0,22048645.0,143.97,,,,750506
Monroe,2025-06,2025,3.4,199266,265.51,107583.0,21875225.0,143.35,,,,750506
Monroe,2025-07,2025,3.9,199502,265.82,106801.0,21755029.0,142.31,,,,750506
Monroe,2025-08,2025,4.2,198566,264.58,105624.0,21484314.0,140.74,,,,750506
Monroe,2025-09,2025,4.1,198320,264.25,104545.0,21240774.0,139.3,,,,750506
Monroe,2025-10,2025,,198653,264.69,104095.0,21960863.0,138.7,,,,750506
Monroe,2025-11,2025,3.9,200367,266.98,101544.0,21234793.0,135.3,,,,750506
Monroe,2025-12,2025,3.7,200617,267.31,101017.0,21207280.0,134.6,,,,750506
Montgomery,2018-01,2018,7.0,18037,365.17,9067.0,1096328.0,183.56,,,,49394
Montgomery,2018-02,2018,7.2,18016,364.74,8945.0,1076435.0,181.09,,,,49394
Montgomery,2018-03,2018,6.3,18011,364.64,8918.0,1070101.0,180.55,,,,49394
Montgomery,2018-04,2018,5.0,18020,364.82,8767.0,1052254.0,177.49,,,,49394
Montgomery,2018-05,2018,4.5,17978,363.97,8600.0,1029450.0,174.11,,,,49394
Montgomery,2018-06,2018,4.4,18008,364.58,8486.0,1018907.0,171.8,,,,49394
Montgomery,2018-07,2018,4.6,18041,365.25,8352.0,1009088.0,169.09,,,,49394
Montgomery,2018-08,2018,4.5,18118,366.81,8342.0,1022592.0,168.89,,,,49394
Montgomery,2018-09,2018,3.9,18136,367.17,8311.0,1016153.0,168.26,,,,49394
Montgomery,2018-10,2018,4.0,18088,366.2,8298.0,1025684.0,168.0,,,,49394
Montgomery,2018-11,2018,4.0,18066,365.75,8288.0,1015790.0,167.79,,,,49394
Montgomery,2018-12,2018,4.8,18038,365.19,8328.0,1013618.0,168.6,,,,49394
Montgomery,2019-01,2019,5.8,18165,369.05,8364.0,1011020.0,169.93,,,,49221
Montgomery,2019-02,2019,6.1,18145,368.64,8324.0,995734.0,169.11,,,,49221
Montgomery,2019-03,2019,5.6,18120,368.14,8291.0,993070.0,168.44,,,,49221
Montgomery,2019-04,2019,4.5,18108,367.89,8095.0,969698.0,164.46,,,,49221
Montgomery,2019-05,2019,4.1,18124,368.22,8109.0,975346.0,164.75,,,,49221
Montgomery,2019-06,2019,4.1,18063,366.98,8000.0,955387.0,162.53,,,,49221
Montgomery,2019-07,2019,4.9,18050,366.71,7855.0,943608.0,159.59,,,,49221
Montgomery,2019-08,2019,4.8,17928,364.23,7801.0,934856.0,158.49,,,,49221
Montgomery,2019-09,2019,4.1,17951,364.7,7787.0,937824.0,158.2,,,,49221
Montgomery,2019-10,2019,4.1,18018,366.06,7703.0,943015.0,156.5,,,,49221
Montgomery,2019-11,2019,4.5,17958,364.84,7706.0,934075.0,156.56,,,,49221
Montgomery,2019-12,2019,5.2,17886,363.38,7814.0,940749.0,158.75,,,,49221
Montgomery,2020-01,2020,6.1,17956,362.75,7855.0,942644.0,158.69,,,,49499
Montgomery,2020-02,2020,6.2,17946,362.55,7831.0,934399.0,158.21,,,,49499
Montgomery,2020-03,2020,7.0,17879,361.2,7815.0,934043.0,157.88,,,,49499
Montgomery,2020-04,2020,16.3,18143,366.53,8165.0,1846834.0,164.95,,,,49499
Montgomery,2020-05,2020,12.3,18379,371.3,7830.0,1360381.0,158.19,,,,49499
Montgomery,2020-06,2020,9.8,18620,376.17,7568.0,1255176.0,152.89,,,,49499
Montgomery,2020-07,2020,9.9,18820,380.21,6940.0,1283209.0,140.2,,,,49499
Montgomery,2020-08,2020,7.8,19028,384.41,7055.0,1236516.0,142.53,,,,49499
Montgomery,2020-09,2020,7.1,19239,388.67,7380.0,1218768.0,149.09,,,,49499
Montgomery,2020-10,2020,5.8,19394,391.81,7637.0,1521763.0,154.29,,,,49499
Montgomery,2020-11,2020,5.8,19547,394.9,7612.0,1416909.0,153.78,,,,49499
Montgomery,2020-12,2020,6.5,19721,398.41,7681.0,1418825.0,155.17,,,,49499
Montgomery,2021-01,2021,7.3,19924,402.41,7639.0,1607725.0,154.29,127.0,256.5,,49512
Montgomery,2021-02,2021,7.7,19940,402.73,7621.0,1641358.0,153.92,96.0,193.89,,49512
Montgomery,2021-03,2021,7.4,20022,404.39,7718.0,1640428.0,155.88,122.0,246.4,,49512
Montgomery,2021-04,2021,6.3,20161,407.19,7647.0,1791201.0,154.45,100.0,201.97,,49512
Montgomery,2021-05,2021,5.6,20245,408.89,7657.0,1802473.0,154.65,113.0,228.23,,49512
Montgomery,2021-06,2021,5.9,20313,410.26,7628.0,1786323.0,154.06,123.0,248.42,,49512
Montgomery,2021-07,2021,5.8,20411,412.24,7549.0,1781779.0,152.47,113.0,228.23,,49512
Montgomery,2021-08,2021,5.4,20457,413.17,7520.0,1782050.0,151.88,132.0,266.6,,49512
Montgomery,2021-09,2021,4.5,20591,415.88,7553.0,1780328.0,152.55,136.0,274.68,,49512
Montgomery,2021-10,2021,4.1,20729,418.67,7651.0,1947442.0,154.53,136.0,274.68,,49512
Montgomery,2021-11,2021,3.9,20722,418.52,7703.0,1946240.0,155.58,146.0,294.88,,49512
Montgomery,2021-12,2021,3.6,20816,420.42,7796.0,1985720.0,157.46,163.0,329.21,,49512
Montgomery,2022-01,2022,4.8,20914,422.9,7919.0,2002238.0,160.13,127.0,256.8,,49454
Montgomery,2022-02,2022,5.1,20993,424.5,7846.0,1988919.0,158.65,150.0,303.31,,49454
Montgomery,2022-03,2022,4.5,21117,427.0,7922.0,1998194.0,160.19,111.0,224.45,,49454
Montgomery,2022-04,2022,3.7,21143,427.53,7908.0,1993822.0,159.91,100.0,202.21,,49454
Montgomery,2022-05,2022,3.5,21165,427.97,7919.0,1979101.0,160.13,97.0,196.14,,49454
Montgomery,2022-06,2022,3.7,21263,429.96,7913.0,1973535.0,160.01,135.0,272.98,,49454
Montgomery,2022-07,2022,4.1,21359,431.9,7920.0,1990750.0,160.15,135.0,272.98,,49454
Montgomery,2022-08,2022,4.4,21343,431.57,7949.0,1992424.0,160.74,132.0,266.91,,49454
Montgomery,2022-09,2022,3.4,21497,434.69,8104.0,2042540.0,163.87,124.0,250.74,,49454
Montgomery,2022-10,2022,3.3,21478,434.3,8145.0,2303567.0,164.7,132.0,266.91,,49454
Montgomery,2022-11,2022,3.6,21599,436.75,8201.0,2326166.0,165.83,172.0,347.8,,49454
Montgomery,2022-12,2022,4.2,21642,437.62,8359.0,2369305.0,169.03,186.0,376.11,,49454
Montgomery,2023-01,2023,5.2,21775,439.62,8407.0,2361486.0,169.73,118.0,238.23,,49531
Montgomery,2023-02,2023,5.1,21842,440.98,8511.0,2380715.0,171.83,144.0,290.73,,49531
Montgomery,2023-03,2023,4.6,21995,444.07,8412.0,1525070.0,169.83,135.0,272.56,,49531
Montgomery,2023-04,2023,3.6,22069,445.56,8326.0,1511331.0,168.1,85.0,171.61,,49531
Montgomery,2023-05,2023,3.8,22142,447.03,8182.0,1486662.0,165.19,144.0,290.73,,49531
Montgomery,2023-06,2023,3.8,22323,450.69,8239.0,1497122.0,166.34,126.0,254.39,,49531
Montgomery,2023-07,2023,4.2,22041,444.99,8290.0,1508609.0,167.37,112.0,226.12,,49531
Montgomery,2023-08,2023,4.6,21825,440.63,8356.0,1525920.0,168.7,102.0,205.93,,49531
Montgomery,2023-09,2023,4.0,21495,433.97,8404.0,1526882.0,169.67,134.0,270.54,,49531
Montgomery,2023-10,2023,4.1,21234,428.7,8445.0,1617469.0,170.5,127.0,256.41,,49531
Montgomery,2023-11,2023,4.3,20898,421.92,8416.0,1598433.0,169.91,149.0,300.82,,49531
Montgomery,2023-12,2023,4.7,20535,414.59,8457.0,1598855.0,170.74,146.0,294.76,,49531
Montgomery,2024-01,2024,5.4,20280,409.04,8497.0,1584021.0,171.38,181.0,365.07,,49580
Montgomery,2024-02,2024,5.4,20011,403.61,8556.0,1581426.0,172.57,113.0,227.91,,49580
Montgomery,2024-03,2024,4.9,19675,396.83,8543.0,1583826.0,172.31,136.0,274.3,,49580
Montgomery,2024-04,2024,4.2,19215,387.56,8636.0,1596660.0,174.18,91.0,183.54,,49580
Montgomery,2024-05,2024,3.9,18991,383.04,8697.0,1618794.0,175.41,135.0,272.29,,49580
Montgomery,2024-06,2024,3.9,18697,377.11,8712.0,1614515.0,175.72,147.0,296.49,,49580
Montgomery,2024-07,2024,4.5,18638,375.92,8635.0,1628719.0,174.16,117.0,235.98,,49580
Montgomery,2024-08,2024,4.4,18713,377.43,8673.0,1616450.0,174.93,112.0,225.9,,49580
Montgomery,2024-09,2024,3.5,18727,377.71,8582.0,1591449.0,173.09,109.0,219.85,,49580
Montgomery,2024-10,2024,3.6,18687,376.91,8590.0,1612655.0,173.26,146.0,294.47,,49580
Montgomery,2024-11,2024,3.8,18660,376.36,8487.0,1595885.0,171.18,181.0,365.07,,49580
Montgomery,2024-12,2024,4.1,18621,375.57,8501.0,1594658.0,171.46,174.0,350.95,,49580
Montgomery,2025-01,2025,5.1,18511,369.88,8430.0,1557023.0,168.45,,,,50046
Montgomery,2025-02,2025,5.5,18435,368.36,8471.0,1570659.0,169.26,,,,50046
Montgomery,2025-03,2025,4.7,18473,369.12,8542.0,1581927.0,170.68,,,,50046
Montgomery,2025-04,2025,3.4,18476,369.18,8430.0,1563754.0,168.45,,,,50046
Montgomery,2025-05,2025,3.2,18445,368.56,8405.0,1561604.0,167.95,,,,50046
Montgomery,2025-06,2025,3.5,18469,369.04,8259.0,1539951.0,165.03,,,,50046
Montgomery,2025-07,2025,4.1,18515,369.96,8125.0,1507834.0,162.35,,,,50046
Montgomery,2025-08,2025,4.3,18444,368.54,8152.0,1509235.0,162.89,,,,50046
Montgomery,2025-09,2025,4.2,18537,370.4,8028.0,1492533.0,160.41,,,,50046
Montgomery,2025-10,2025,,18559,370.84,8022.0,1535740.0,160.29,,,,50046
Montgomery,2025-11,2025,4.2,18639,372.44,7746.0,1472306.0,154.78,,,,50046
Montgomery,2025-12,2025,4.5,18696,373.58,7756.0,1482244.0,154.98,,,,50046
Nassau,2018-01,2018,4.4,250837,184.77,52192.0,6443435.0,38.45,,,,1357534
Nassau,2018-02,2018,4.5,251214,185.05,51567.0,6344172.0,37.99,,,,1357534
Nassau,2018-03,2018,4.0,251450,185.23,51095.0,6296533.0,37.64,,,,1357534
Nassau,2018-04,2018,3.5,251804,185.49,50230.0,6202655.0,37.0,,,,1357534
Nassau,2018-05,2018,3.3,252675,186.13,49756.0,6173105.0,36.65,,,,1357534
Nassau,2018-06,2018,3.6,252415,185.94,49290.0,6096172.0,36.31,,,,1357534
Nassau,2018-07,2018,3.7,252166,185.75,48788.0,6060226.0,35.94,,,,1357534
Nassau,2018-08,2018,3.7,252297,185.85,48525.0,6109152.0,35.74,,,,1357534
Nassau,2018-09,2018,3.2,252026,185.65,48025.0,6033438.0,35.38,,,,1357534
Nassau,2018-10,2018,3.2,252611,186.08,48056.0,6119737.0,35.4,,,,1357534
Nassau,2018-11,2018,3.0,252941,186.32,47502.0,6014743.0,34.99,,,,1357534
Nassau,2018-12,2018,3.2,253515,186.75,47110.0,5944844.0,34.7,,,,1357534
Nassau,2019-01,2019,3.7,254153,187.3,46742.0,5827745.0,34.45,,,,1356924
Nassau,2019-02,2019,3.7,253695,186.96,45644.0,5702259.0,33.64,,,,1356924
Nassau,2019-03,2019,3.4,253815,187.05,45419.0,5668483.0,33.47,,,,1356924
Nassau,2019-04,2019,3.0,253407,186.75,44869.0,5620291.0,33.07,,,,1356924
Nassau,2019-05,2019,3.1,253671,186.95,44457.0,5568372.0,32.76,,,,1356924
Nassau,2019-06,2019,3.3,254214,187.35,44087.0,5517102.0,32.49,,,,1356924
Nassau,2019-07,2019,3.7,254596,187.63,43733.0,5504711.0,32.23,,,,1356924
Nassau,2019-08,2019,3.8,255143,188.03,43225.0,5463979.0,31.86,,,,1356924
Nassau,2019-09,2019,3.3,254792,187.77,42938.0,5459563.0,31.64,,,,1356924
Nassau,2019-10,2019,3.4,254127,187.28,42613.0,5509536.0,31.4,,,,1356924
Nassau,2019-11,2019,3.3,253403,186.75,42532.0,5506968.0,31.34,,,,1356924
Nassau,2019-12,2019,3.4,252856,186.34,42086.0,5439449.0,31.02,,,,1356924
Nassau,2020-01,2020,3.7,253247,182.07,41575.0,5347397.0,29.89,,,,1390952
Nassau,2020-02,2020,3.8,253127,181.98,41149.0,5278616.0,29.58,,,,1390952
Nassau,2020-03,2020,4.4,253860,182.51,40777.0,5242891.0,29.32,,,,1390952
Nassau,2020-04,2020,18.3,261112,187.72,43193.0,9867177.0,31.05,,,,1390952
Nassau,2020-05,2020,14.3,266857,191.85,44089.0,7960165.0,31.7,,,,1390952
Nassau,2020-06,2020,11.9,270593,194.54,44820.0,7868988.0,32.22,,,,1390952
Nassau,2020-07,2020,10.9,274898,197.63,44166.0,8455254.0,31.75,,,,1390952
Nassau,2020-08,2020,8.5,278621,200.31,43075.0,7911632.0,30.97,,,,1390952
Nassau,2020-09,2020,7.5,282299,202.95,43320.0,7223057.0,31.14,,,,1390952
Nassau,2020-10,2020,6.0,285810,205.48,42549.0,9106391.0,30.59,,,,1390952
Nassau,2020-11,2020,5.6,289333,208.01,42221.0,8231365.0,30.35,,,,1390952
Nassau,2020-12,2020,5.6,294446,211.69,42027.0,8162407.0,30.21,,,,1390952
Nassau,2021-01,2021,6.1,298322,214.34,41331.0,9183108.0,29.7,2268.0,162.96,,1391787
Nassau,2021-02,2021,6.4,299874,215.46,41113.0,9216553.0,29.54,2473.0,177.69,,1391787
Nassau,2021-03,2021,5.9,302534,217.37,41479.0,9258037.0,29.8,2559.0,183.86,,1391787
Nassau,2021-04,2021,5.3,304684,218.92,41232.0,10566971.0,29.63,2605.0,187.17,,1391787
Nassau,2021-05,2021,4.8,306708,220.37,41055.0,10562392.0,29.5,3189.0,229.13,,1391787
Nassau,2021-06,2021,5.1,308978,222.0,40783.0,10416822.0,29.3,3308.0,237.68,,1391787
Nassau,2021-07,2021,4.9,311295,223.67,40525.0,10382542.0,29.12,3350.0,240.7,,1391787
Nassau,2021-08,2021,4.7,313341,225.14,40383.0,10400302.0,29.02,3194.0,229.49,,1391787
Nassau,2021-09,2021,3.9,315994,227.04,40281.0,10321786.0,28.94,3310.0,237.82,,1391787
Nassau,2021-10,2021,3.5,318415,228.78,40745.0,11224237.0,29.28,3546.0,254.78,,1391787
Nassau,2021-11,2021,3.2,320103,229.99,41036.0,11259155.0,29.48,3410.0,245.01,,1391787
Nassau,2021-12,2021,2.8,323242,232.25,41485.0,11456007.0,29.81,3453.0,248.1,,1391787
Nassau,2022-01,2022,3.5,325738,234.62,41588.0,11363292.0,29.96,3007.0,216.59,,1388346
Nassau,2022-02,2022,3.7,328014,236.26,41186.0,11287206.0,29.67,2781.0,200.31,,1388346
Nassau,2022-03,2022,3.3,330159,237.81,41368.0,11339700.0,29.8,3073.0,221.34,,1388346
Nassau,2022-04,2022,2.8,331235,238.58,41053.0,11343449.0,29.57,3097.0,223.07,,1388346
Nassau,2022-05,2022,2.8,331943,239.09,40877.0,11161663.0,29.44,3469.0,249.87,,1388346
Nassau,2022-06,2022,3.1,333867,240.48,41039.0,11209932.0,29.56,3595.0,258.94,,1388346
Nassau,2022-07,2022,3.3,336001,242.02,40945.0,11191047.0,29.49,3488.0,251.23,,1388346
Nassau,2022-08,2022,3.4,338043,243.49,41029.0,11194826.0,29.55,3575.0,257.5,,1388346
Nassau,2022-09,2022,2.8,340920,245.56,40849.0,11297822.0,29.42,3418.0,246.19,,1388346
Nassau,2022-10,2022,2.6,342266,246.53,41094.0,12595678.0,29.6,3783.0,272.48,,1388346
Nassau,2022-11,2022,2.7,343724,247.58,41454.0,12728008.0,29.86,3527.0,254.04,,1388346
Nassau,2022-12,2022,2.6,346409,249.51,42034.0,12905178.0,30.28,3734.0,268.95,,1388346
Nassau,2023-01,2023,3.2,348946,251.23,42351.0,12865687.0,30.49,2897.0,208.58,,1388940
Nassau,2023-02,2023,3.3,350706,252.5,42586.0,12908971.0,30.66,2780.0,200.15,,1388940
Nassau,2023-03,2023,2.9,353587,254.57,42947.0,8384352.0,30.92,3118.0,224.49,,1388940
Nassau,2023-04,2023,2.5,355567,256.0,42871.0,8189548.0,30.87,2934.0,211.24,,1388940
Nassau,2023-05,2023,2.8,357644,257.49,43143.0,8255019.0,31.06,3584.0,258.04,,1388940
Nassau,2023-06,2023,3.0,361041,259.94,43255.0,8268563.0,31.14,3472.0,249.97,,1388940
Nassau,2023-07,2023,3.2,356108,256.39,43154.0,8225802.0,31.07,3388.0,243.93,,1388940
Nassau,2023-08,2023,3.6,350597,252.42,43268.0,8290478.0,31.15,3095.0,222.83,,1388940
Nassau,2023-09,2023,3.2,345575,248.8,42877.0,8224446.0,30.87,3184.0,229.24,,1388940
Nassau,2023-10,2023,3.3,341036,245.54,43400.0,8754762.0,31.25,3519.0,253.36,,1388940
Nassau,2023-11,2023,3.2,337164,242.75,43632.0,8777192.0,31.41,3513.0,252.93,,1388940
Nassau,2023-12,2023,3.2,332398,239.32,43938.0,8896420.0,31.63,3619.0,260.56,,1388940
Nassau,2024-01,2024,3.5,328366,234.92,43774.0,8705085.0,31.32,3023.0,216.27,,1397783
Nassau,2024-02,2024,3.8,325852,233.12,44017.0,8727581.0,31.49,2826.0,202.18,,1397783
Nassau,2024-03,2024,3.4,322649,230.83,43843.0,8679188.0,31.37,3055.0,218.56,,1397783
Nassau,2024-04,2024,2.9,315985,226.06,43891.0,8717677.0,31.4,2922.0,209.05,,1397783
Nassau,2024-05,2024,3.1,312414,223.51,43977.0,8694931.0,31.46,3618.0,258.84,,1397783
Nassau,2024-06,2024,3.3,308565,220.75,44132.0,8721264.0,31.57,3630.0,259.7,,1397783
Nassau,2024-07,2024,3.7,308579,220.76,44273.0,8756737.0,31.67,3252.0,232.65,,1397783
Nassau,2024-08,2024,3.6,308917,221.0,44523.0,8780845.0,31.85,3116.0,222.92,,1397783
Nassau,2024-09,2024,3.0,308528,220.73,44491.0,8764384.0,31.83,3193.0,228.43,,1397783
Nassau,2024-10,2024,3.0,308861,220.96,44785.0,8990407.0,32.04,3548.0,253.83,,1397783
Nassau,2024-11,2024,3.0,308325,220.58,44546.0,8888143.0,31.87,3372.0,241.24,,1397783
Nassau,2024-12,2024,3.0,308132,220.44,44317.0,8824341.0,31.71,3622.0,259.12,,1397783
Nassau,2025-01,2025,3.5,307472,219.79,44106.0,8661574.0,31.53,,,,1398939
Nassau,2025-02,2025,3.8,306321,218.97,44244.0,8654399.0,31.63,,,,1398939
Nassau,2025-03,2025,3.3,306383,219.01,44075.0,8577617.0,31.51,,,,1398939
Nassau,2025-04,2025,2.6,306345,218.98,43726.0,8530075.0,31.26,,,,1398939
Nassau,2025-05,2025,2.7,306095,218.81,43762.0,8546832.0,31.28,,,,1398939
Nassau,2025-06,2025,2.9,305683,218.51,43832.0,8577333.0,31.33,,,,1398939
Nassau,2025-07,2025,3.5,305788,218.59,43404.0,8506116.0,31.03,,,,1398939
Nassau,2025-08,2025,3.7,303864,217.21,42900.0,8383351.0,30.67,,,,1398939
Nassau,2025-09,2025,3.6,302946,216.55,42612.0,8327233.0,30.46,,,,1398939
Nassau,2025-10,2025,,302531,216.26,42564.0,8604701.0,30.43,,,,1398939
Nassau,2025-11,2025,3.3,305254,218.2,41813.0,8412243.0,29.89,,,,1398939
Nassau,2025-12,2025,3.1,304664,217.78,41737.0,8396329.0,29.83,,,,1398939
New York,2018-01,2018,4.2,447608,274.77,,,,,,,1629055
New York,2018-02,2018,4.1,446799,274.27,,,,,,,1629055
New York,2018-03,2018,3.9,446427,274.04,,,,,,,1629055
New York,2018-04,2018,3.6,445805,273.66,,,,,,,1629055
New York,2018-05,2018,3.3,445672,273.58,,,,,,,1629055
New York,2018-06,2018,3.9,445323,273.36,,,,,,,1629055
New York,2018-07,2018,4.0,444544,272.88,,,,,,,1629055
New York,2018-08,2018,3.9,443814,272.44,,,,,,,1629055
New York,2018-09,2018,3.6,443100,272.0,,,,,,,1629055
New York,2018-10,2018,3.7,443208,272.06,,,,,,,1629055
New York,2018-11,2018,3.5,441635,271.1,,,,,,,1629055
New York,2018-12,2018,3.7,441285,270.88,,,,,,,1629055
New York,2019-01,2019,4.3,441125,270.84,,,,,,,1628706
New York,2019-02,2019,4.0,439275,269.71,,,,,,,1628706
New York,2019-03,2019,3.7,438710,269.36,,,,,,,1628706
New York,2019-04,2019,3.4,437747,268.77,,,,,,,1628706
New York,2019-05,2019,3.5,436778,268.17,,,,,,,1628706
New York,2019-06,2019,3.7,434607,266.84,,,,,,,1628706
New York,2019-07,2019,3.8,433345,266.07,,,,,,,1628706
New York,2019-08,2019,3.7,432082,265.29,,,,,,,1628706
New York,2019-09,2019,3.3,429998,264.01,,,,,,,1628706
New York,2019-10,2019,3.5,428924,263.35,,,,,,,1628706
New York,2019-11,2019,3.3,426057,261.59,,,,,,,1628706
New York,2019-12,2019,3.1,424225,260.47,,,,,,,1628706
New York,2020-01,2020,3.7,424057,251.36,,,,,,,1687033
New York,2020-02,2020,3.8,422743,250.58,,,,,,,1687033
New York,2020-03,2020,4.8,422864,250.66,,,,,,,1687033
New York,2020-04,2020,9.3,429704,254.71,,,,,,,1687033
New York,2020-05,2020,16.8,435488,258.14,,,,,,,1687033
New York,2020-06,2020,13.7,441623,261.77,,,,,,,1687033
New York,2020-07,2020,14.0,447351,265.17,,,,,,,1687033
New York,2020-08,2020,12.1,452430,268.18,,,,,,,1687033
New York,2020-09,2020,11.6,457139,270.97,,,,,,,1687033
New York,2020-10,2020,10.6,461293,273.43,,,,,,,1687033
New York,2020-11,2020,10.0,465969,276.21,,,,,,,1687033
New York,2020-12,2020,9.6,473648,280.76,,,,,,,1687033
New York,2021-01,2021,10.3,477341,304.08,,,,903.0,57.52,,1569781
New York,2021-02,2021,9.9,477918,304.45,,,,766.0,48.8,,1569781
New York,2021-03,2021,9.1,481015,306.42,,,,1062.0,67.65,,1569781
New York,2021-04,2021,8.9,483687,308.12,,,,1159.0,73.83,,1569781
New York,2021-05,2021,8.2,485407,309.22,,,,1306.0,83.2,,1569781
New York,2021-06,2021,8.8,487950,310.84,,,,1435.0,91.41,,1569781
New York,2021-07,2021,8.5,490095,312.21,,,,1355.0,86.32,,1569781
New York,2021-08,2021,8.2,492037,313.44,,,,1376.0,87.66,,1569781
New York,2021-09,2021,7.1,495178,315.44,,,,1375.0,87.59,,1569781
New York,2021-10,2021,6.7,497476,316.91,,,,1482.0,94.41,,1569781
New York,2021-11,2021,6.2,498355,317.47,,,,1349.0,85.94,,1569781
New York,2021-12,2021,6.1,502083,319.84,,,,1196.0,76.19,,1569781
New York,2022-01,2022,6.4,504451,316.48,,,,988.0,61.99,,1593919
New York,2022-02,2022,5.8,505026,316.85,,,,1035.0,64.93,,1593919
New York,2022-03,2022,5.2,506531,317.79,,,,1207.0,75.73,,1593919
New York,2022-04,2022,4.7,506464,317.75,,,,1310.0,82.19,,1593919
New York,2022-05,2022,4.5,506558,317.81,,,,1401.0,87.9,,1593919
New York,2022-06,2022,4.8,508656,319.12,,,,1415.0,88.77,,1593919
New York,2022-07,2022,4.7,511143,320.68,,,,1239.0,77.73,,1593919
New York,2022-08,2022,4.4,513207,321.98,,,,1318.0,82.69,,1593919
New York,2022-09,2022,3.9,516728,324.19,,,,1283.0,80.49,,1593919
New York,2022-10,2022,4.2,519648,326.02,,,,1337.0,83.88,,1593919
New York,2022-11,2022,4.2,522652,327.9,,,,1142.0,71.65,,1593919
New York,2022-12,2022,4.2,527764,331.11,,,,1285.0,80.62,,1593919
New York,2023-01,2023,4.6,531530,325.79,,,,1082.0,66.32,,1631534
New York,2023-02,2023,4.8,534010,327.31,,,,969.0,59.39,,1631534
New York,2023-03,2023,4.5,537921,329.7,,,,1191.0,73.0,,1631534
New York,2023-04,2023,4.1,540424,331.24,,,,1144.0,70.12,,1631534
New York,2023-05,2023,4.4,541902,332.14,,,,1398.0,85.69,,1631534
New York,2023-06,2023,4.7,545179,334.15,,,,1324.0,81.15,,1631534
New York,2023-07,2023,4.7,540305,331.16,,,,1186.0,72.69,,1631534
New York,2023-08,2023,4.9,536030,328.54,,,,1198.0,73.43,,1631534
New York,2023-09,2023,4.5,532160,326.17,,,,1252.0,76.74,,1631534
New York,2023-10,2023,4.7,529000,324.23,,,,1330.0,81.52,,1631534
New York,2023-11,2023,4.2,525823,322.29,,,,1128.0,69.14,,1631534
New York,2023-12,2023,4.2,520512,319.03,,,,1197.0,73.37,,1631534
New York,2024-01,2024,4.4,518379,311.24,,,,1077.0,64.66,,1665510
New York,2024-02,2024,4.7,515626,309.59,,,,1040.0,62.44,,1665510
New York,2024-03,2024,4.5,513090,308.07,,,,1193.0,71.63,,1665510
New York,2024-04,2024,4.3,506679,304.22,,,,1143.0,68.63,,1665510
New York,2024-05,2024,4.5,501950,301.38,,,,1291.0,77.51,,1665510
New York,2024-06,2024,5.0,496579,298.15,,,,1261.0,75.71,,1665510
New York,2024-07,2024,5.6,494823,297.1,,,,1188.0,71.33,,1665510
New York,2024-08,2024,5.5,493607,296.37,,,,1156.0,69.41,,1665510
New York,2024-09,2024,4.9,492609,295.77,,,,1251.0,75.11,,1665510
New York,2024-10,2024,5.0,491281,294.97,,,,1226.0,73.61,,1665510
New York,2024-11,2024,5.0,488585,293.35,,,,1094.0,65.69,,1665510
New York,2024-12,2024,4.7,485274,291.37,,,,1102.0,66.17,,1665510
New York,2025-01,2025,4.8,482046,289.54,,,,,,,1664862
New York,2025-02,2025,3.9,478678,287.52,,,,,,,1664862
New York,2025-03,2025,4.1,476976,286.5,,,,,,,1664862
New York,2025-04,2025,4.2,475071,285.35,,,,,,,1664862
New York,2025-05,2025,3.9,472673,283.91,,,,,,,1664862
New York,2025-06,2025,4.3,469398,281.94,,,,,,,1664862
New York,2025-07,2025,5.2,465977,279.89,,,,,,,1664862
New York,2025-08,2025,5.2,461180,277.01,,,,,,,1664862
New York,2025-09,2025,5.4,457527,274.81,,,,,,,1664862
New York,2025-10,2025,,454234,272.84,,,,,,,1664862
New York,2025-11,2025,5.0,456646,274.28,,,,,,,1664862
New York,2025-12,2025,4.9,452532,271.81,,,,,,,1664862
New York City,2018-01,2018,,3494055,416.45,1635537.0,235869380.0,194.94,,,134683435.0,8390081
New York City,2018-02,2018,,3489808,415.94,1620356.0,232510283.0,193.13,,,127432835.0,8390081
New York City,2018-03,2018,,3491893,416.19,1633962.0,235236634.0,194.75,,,143982923.0,8390081
New York City,2018-04,2018,,3488462,415.78,1618824.0,231067333.0,192.94,,,141950369.0,8390081
New York City,2018-05,2018,,3489204,415.87,1618164.0,233654515.0,192.87,,,150320833.0,8390081
New York City,2018-06,2018,,3488051,415.74,1607466.0,233289479.0,191.59,,,142709768.0,8390081
New York City,2018-07,2018,,3488248,415.76,1603658.0,231798656.0,191.14,,,136167499.0,8390081
New York City,2018-08,2018,,3489271,415.88,1604622.0,233710803.0,191.25,,,136806572.0,8390081
New York City,2018-09,2018,,3485275,415.4,1594530.0,231395084.0,190.05,,,134989959.0,8390081
New York City,2018-10,2018,,3489028,415.85,1590812.0,233084328.0,189.61,,,154116408.0,8390081
New York City,2018-11,2018,,3482560,415.08,1577524.0,231129799.0,188.02,,,140711661.0,8390081
New York City,2018-12,2018,,3480649,414.85,1571790.0,230769216.0,187.34,,,136188140.0,8390081
New York City,2019-01,2019,,3483389,417.83,1570537.0,236380333.0,188.39,,,188687167.36,8336817
New York City,2019-02,2019,,3472393,416.51,1564537.0,226232078.0,187.67,,,177541360.64,8336817
New York City,2019-03,2019,,3473580,416.66,1557666.0,224761308.0,186.84,,,202411339.0,8336817
New York City,2019-04,2019,,3471102,416.36,1550397.0,223353922.0,185.97,,,202479578.0,8336817
New York City,2019-05,2019,,3470201,416.25,1535328.0,222693482.0,184.16,,,211411774.75,8336817
New York City,2019-06,2019,,3462386,415.31,1523502.0,221359611.0,182.74,,,196885650.36,8336817
New York City,2019-07,2019,,3459752,415.0,1519574.0,221305612.0,182.27,,,195885710.91,8336817
New York City,2019-08,2019,,3455023,414.43,1511568.0,221027054.0,181.31,,,193002494.01,8336817
New York City,2019-09,2019,,3447805,413.56,1503369.0,218906838.0,180.33,,,201776455.66,8336817
New York City,2019-10,2019,,3440244,412.66,1492469.0,220540083.0,179.02,,,216721203.28,8336817
New York City,2019-11,2019,,3423553,410.65,1493365.0,221111686.0,179.13,,,195888860.75,8336817
New York City,2019-12,2019,,3408413,408.84,1490158.0,219583817.0,178.74,,,192563887.64,8336817
New York City,2020-01,2020,,3408691,389.51,1487820.0,219056298.0,170.01,,,193406519.67,8751188
New York City,2020-02,2020,,3404057,388.98,1481257.0,218084809.0,169.26,,,183322044.17000002,8751188
New York City,2020-03,2020,,3405378,389.13,1483230.0,217906749.0,169.49,,,105511126.92999999,8751188
New York City,2020-04,2020,,3465284,395.98,1551944.0,324300251.0,177.34,,,12266906.88,8751188
New York City,2020-05,2020,,3522381,402.5,1589098.0,288196538.0,181.59,,,15727112.65,8751188
New York City,2020-06,2020,,3575308,408.55,1642256.0,295256191.0,187.66,,,24569537.86,8751188
New York City,2020-07,2020,,3626490,414.4,1664464.0,296104463.0,190.2,,,33310283.83,8751188
New York City,2020-08,2020,,3667324,419.07,1683674.0,298690166.0,192.39,,,36762228.39,8751188
New York City,2020-09,2020,,3708920,423.82,1705337.0,304069609.0,194.87,,,70727789.0,8751188
New York City,2020-10,2020,,3745613,428.01,1694036.0,316916213.0,193.58,,,78071387.0,8751188
New York City,2020-11,2020,,3782048,432.18,1635286.0,333372568.0,186.86,,,70668340.0,8751188
New York City,2020-12,2020,,3837443,438.51,1645956.0,310122360.0,188.08,,,69965602.0,8751188
New York City,2021-01,2021,,3871967,458.33,1664807.0,382833999.0,197.07,,,66405921.0,8447958
New York City,2021-02,2021,,3883983,459.75,1663125.0,361180083.0,196.87,,,62137952.0,8447958
New York City,2021-03,2021,,3914269,463.34,1688057.0,365511314.0,199.82,,,81292516.0,8447958
New York City,2021-04,2021,,3939402,466.31,1720400.0,434273758.0,203.65,,,83716874.0,8447958
New York City,2021-05,2021,,3958916,468.62,1720443.0,434424088.0,203.65,,,90127576.48,8447958
New York City,2021-06,2021,,3982482,471.41,1734160.0,463703812.0,205.28,,,98515643.0,8447958
New York City,2021-07,2021,,4005843,474.18,1708727.0,432142995.0,202.27,,,100074353.0,8447958
New York City,2021-08,2021,,4023036,476.21,1692686.0,427653358.0,200.37,,,99339004.0,8447958
New York City,2021-09,2021,,4048796,479.26,1688738.0,427567176.0,199.9,,,109168775.0,8447958
New York City,2021-10,2021,,4073321,482.17,1669658.0,448840609.0,197.64,,,121588106.0,8447958
New York City,2021-11,2021,,4084397,483.48,1670259.0,476404550.0,197.71,,,118127322.0,8447958
New York City,2021-12,2021,,4113280,486.9,1661199.0,452620096.0,196.64,,,112807735.0,8447958
New York City,2022-01,2022,,4136211,494.6,1680144.0,455488139.0,200.91,,,92392554.0,8362665
New York City,2022-02,2022,,4149090,496.14,1698693.0,458968204.0,203.13,,,100744352.0,8362665
New York City,2022-03,2022,,4169275,498.56,1723618.0,496545946.0,206.11,,,125463837.0,8362665
New York City,2022-04,2022,,4179001,499.72,1717524.0,463266879.0,205.38,,,119350034.0,8362665
New York City,2022-05,2022,,4189355,500.96,1719652.0,461938413.0,205.63,,,125478917.0,8362665
New York City,2022-06,2022,,4212454,503.72,1713373.0,463805344.0,204.88,,,125027589.0,8362665
New York City,2022-07,2022,,4236011,506.54,1735517.0,493404447.0,207.53,,,115649532.0,8362665
New York City,2022-08,2022,,4254818,508.79,1731318.0,469825983.0,207.03,,,119318037.96,8362665
New York City,2022-09,2022,,4286459,512.57,1707485.0,463366745.0,204.18,,,128846279.0,8362665
New York City,2022-10,2022,,4308646,515.22,1687963.0,509888649.0,201.85,,,133314289.0,8362665
New York City,2022-11,2022,,4328054,517.54,1692031.0,541824209.0,202.33,,,127032715.0,8362665
New York City,2022-12,2022,,4356637,520.96,1733885.0,531622952.0,207.34,,,126509676.0,8362665
New York City,2023-01,2023,,4383319,519.73,1767422.0,534268019.0,209.56,,,124205988.0,8433834
New York City,2023-02,2023,,4399016,521.59,1754927.0,526430287.0,208.08,,,117533522.0,8433834
New York City,2023-03,2023,,4429370,525.19,1786494.0,442977142.0,211.82,,,140879573.0,8433834
New York City,2023-04,2023,,4449707,527.6,1751660.0,396334939.0,207.69,,,129943939.0,8433834
New York City,2023-05,2023,,4468612,529.84,1756471.0,398489259.0,208.26,,,144197594.0,8433834
New York City,2023-06,2023,,4498028,533.33,1739229.0,394405467.0,206.22,,,134314530.0,8433834
New York City,2023-07,2023,,4454042,528.12,1735402.0,393416149.0,205.77,,,126058876.0,8433834
New York City,2023-08,2023,,4408186,522.68,1720679.0,391826261.0,204.02,,,130101361.0,8433834
New York City,2023-09,2023,,4365317,517.6,1696527.0,392587156.0,201.16,,,130258624.0,8433834
New York City,2023-10,2023,,4330895,513.51,1707118.0,411690890.0,202.41,,,141178200.0,8433834
New York City,2023-11,2023,,4302780,510.18,1693603.0,406412443.0,200.81,,,132095256.0,8433834
New York City,2023-12,2023,,4261535,505.29,1706326.0,406117328.0,202.32,,,128213759.0,8433834
New York City,2024-01,2024,,4235893,492.73,1737266.0,407832812.0,202.08,,,123105194.0,8596825
New York City,2024-02,2024,,4209651,489.68,1750612.0,408278971.0,203.63,,,121563743.0,8596825
New York City,2024-03,2024,,4191710,487.59,1769749.0,412630731.0,205.86,,,133994364.0,8596825
New York City,2024-04,2024,,4136913,481.21,1785325.0,414956621.0,207.67,,,133495094.0,8596825
New York City,2024-05,2024,,4090532,475.82,1789653.0,417695903.0,208.18,,,140941014.0,8596825
New York City,2024-06,2024,,4042599,470.24,1789605.0,414356928.0,208.17,,,129035988.0,8596825
New York City,2024-07,2024,,4033515,469.19,1800504.0,419721424.0,209.44,,,126540608.0,8596825
New York City,2024-08,2024,,4029609,468.73,1805837.0,422000700.0,210.06,,,124730107.0,8596825
New York City,2024-09,2024,,4026570,468.38,1804020.0,422058193.0,209.85,,,140608833.0,8596825
New York City,2024-10,2024,,4027770,468.52,1806444.0,428939534.0,210.13,,,153683402.0,8596825
New York City,2024-11,2024,,4013557,466.87,1796907.0,425179629.0,209.02,,,138166670.0,8596825
New York City,2024-12,2024,,4002351,465.56,1808706.0,429593623.0,210.39,,,138035111.85,8596825
New York City,2025-01,2025,,3984684,464.16,1801636.0,423861133.0,209.87,,,134014877.47999999,8584629
New York City,2025-02,2025,,3970758,462.54,1794907.0,419297625.0,209.08,,,127798052.98,8584629
New York City,2025-03,2025,,3969491,462.4,1796536.0,422888682.0,209.27,,,147703161.0,8584629
New York City,2025-04,2025,,3967499,462.16,1798354.0,418661107.0,209.49,,,148989426.0,8584629
New York City,2025-05,2025,,3962870,461.62,1796331.0,417301818.0,209.25,,,152905754.0,8584629
New York City,2025-06,2025,,3946369,459.7,1796291.0,416152707.0,209.25,,,143840487.0,8584629
New York City,2025-07,2025,,3934858,458.36,1787477.0,416100336.0,208.22,,,144515617.0,8584629
New York City,2025-08,2025,,3907354,455.16,1775169.0,412582344.0,206.78,,,138978262.0,8584629
New York City,2025-09,2025,,3886642,452.74,1777892.0,412761582.0,207.1,,,148774656.0,8584629
New York City,2025-10,2025,,3868011,450.57,1757799.0,418406627.0,204.76,,,153963041.0,8584629
New York City,2025-11,2025,,3896458,453.89,1749188.0,417845579.0,203.76,,,139333037.0,8584629
New York City,2025-12,2025,,3868832,450.67,1735341.0,414883345.0,202.15,,,143284527.0,8584629
Niagara,2018-01,2018,7.0,52719,250.97,30323.0,3805661.0,144.35,,,,210060
Niagara,2018-02,2018,7.1,52862,251.65,30203.0,3785268.0,143.78,,,,210060
Niagara,2018-03,2018,6.4,52768,251.2,30309.0,3804714.0,144.29,,,,210060
Niagara,2018-04,2018,5.3,52817,251.44,29782.0,3736757.0,141.78,,,,210060
Niagara,2018-05,2018,4.5,52938,252.01,29662.0,3738231.0,141.21,,,,210060
Niagara,2018-06,2018,4.6,52991,252.27,29488.0,3711981.0,140.38,,,,210060
Niagara,2018-07,2018,4.8,53035,252.48,29020.0,3674125.0,138.15,,,,210060
Niagara,2018-08,2018,4.6,53061,252.6,28878.0,3673242.0,137.48,,,,210060
Niagara,2018-09,2018,3.8,53017,252.39,28679.0,3637590.0,136.53,,,,210060
Niagara,2018-10,2018,3.9,53080,252.69,28504.0,3654463.0,135.69,,,,210060
Niagara,2018-11,2018,4.1,53031,252.46,28411.0,3614308.0,135.25,,,,210060
Niagara,2018-12,2018,5.0,53089,252.73,28665.0,3639695.0,136.46,,,,210060
Niagara,2019-01,2019,5.8,53155,253.99,28637.0,3590354.0,136.84,,,,209281
Niagara,2019-02,2019,5.6,53166,254.04,28469.0,3584475.0,136.03,,,,209281
Niagara,2019-03,2019,5.3,53017,253.33,28330.0,3566826.0,135.37,,,,209281
Niagara,2019-04,2019,4.2,53013,253.31,28096.0,3543842.0,134.25,,,,209281
Niagara,2019-05,2019,3.9,53007,253.28,27992.0,3530543.0,133.75,,,,209281
Niagara,2019-06,2019,4.1,52899,252.77,27599.0,3479790.0,131.88,,,,209281
Niagara,2019-07,2019,4.7,52945,252.99,27403.0,3454053.0,130.94,,,,209281
Niagara,2019-08,2019,4.7,52995,253.22,27225.0,3433784.0,130.09,,,,209281
Niagara,2019-09,2019,3.9,52857,252.56,26997.0,3407843.0,129.0,,,,209281
Niagara,2019-10,2019,4.1,52790,252.24,26922.0,3444583.0,128.64,,,,209281
Niagara,2019-11,2019,4.4,52658,251.61,26705.0,3398593.0,127.6,,,,209281
Niagara,2019-12,2019,5.3,52487,250.8,26617.0,3366743.0,127.18,,,,209281
Niagara,2020-01,2020,5.8,52459,247.31,26492.0,3329450.0,124.89,,,,212118
Niagara,2020-02,2020,5.9,52504,247.52,26583.0,3361533.0,125.32,,,,212118
Niagara,2020-03,2020,6.7,52624,248.09,26464.0,3335874.0,124.76,,,,212118
Niagara,2020-04,2020,24.1,53519,252.31,26901.0,6110746.0,126.82,,,,212118
Niagara,2020-05,2020,17.9,54426,256.58,27053.0,4899339.0,127.54,,,,212118
Niagara,2020-06,2020,12.8,55031,259.44,26131.0,4463292.0,123.19,,,,212118
Niagara,2020-07,2020,11.0,55632,262.27,25175.0,4673337.0,118.68,,,,212118
Niagara,2020-08,2020,8.5,56230,265.09,24637.0,4382210.0,116.15,,,,212118
Niagara,2020-09,2020,7.2,56750,267.54,25210.0,4190255.0,118.85,,,,212118
Niagara,2020-10,2020,6.0,57284,270.06,25389.0,5242781.0,119.69,,,,212118
Niagara,2020-11,2020,5.9,57678,271.91,25361.0,4818863.0,119.56,,,,212118
Niagara,2020-12,2020,7.1,58333,275.0,25921.0,4875434.0,122.2,,,,212118
Niagara,2021-01,2021,7.6,58759,277.46,25843.0,5568453.0,122.03,296.0,139.77,,211778
Niagara,2021-02,2021,7.8,59000,278.59,25830.0,5615701.0,121.97,264.0,124.66,,211778
Niagara,2021-03,2021,7.3,59388,280.43,26020.0,5594208.0,122.86,276.0,130.33,,211778
Niagara,2021-04,2021,6.0,59636,281.6,25830.0,6244148.0,121.97,245.0,115.69,,211778
Niagara,2021-05,2021,5.6,59867,282.69,25667.0,6268266.0,121.2,284.0,134.1,,211778
Niagara,2021-06,2021,6.0,60207,284.29,25565.0,6208022.0,120.72,310.0,146.38,,211778
Niagara,2021-07,2021,5.7,60425,285.32,25540.0,6250058.0,120.6,298.0,140.71,,211778
Niagara,2021-08,2021,5.5,60670,286.48,25356.0,6325391.0,119.73,295.0,139.3,,211778
Niagara,2021-09,2021,4.3,60916,287.64,25565.0,6220684.0,120.72,290.0,136.94,,211778
Niagara,2021-10,2021,4.0,61287,289.39,26102.0,6820472.0,123.25,361.0,170.46,,211778
Niagara,2021-11,2021,3.7,61510,290.45,26347.0,6831729.0,124.41,382.0,180.38,,211778
Niagara,2021-12,2021,3.6,61949,292.52,26798.0,7078252.0,126.54,385.0,181.79,,211778
Niagara,2022-01,2022,4.8,62167,295.47,27179.0,7123441.0,129.18,382.0,181.56,,210403
Niagara,2022-02,2022,5.0,62360,296.38,27125.0,7040490.0,128.92,354.0,168.25,,210403
Niagara,2022-03,2022,4.4,62700,298.0,27244.0,7062668.0,129.48,280.0,133.08,,210403
Niagara,2022-04,2022,3.6,62743,298.2,26980.0,7004277.0,128.23,269.0,127.85,,210403
Niagara,2022-05,2022,3.3,62931,299.1,26794.0,6927248.0,127.35,319.0,151.61,,210403
Niagara,2022-06,2022,3.5,63203,300.39,26801.0,6917484.0,127.38,375.0,178.23,,210403
Niagara,2022-07,2022,3.9,63461,301.62,26602.0,6877061.0,126.43,380.0,180.61,,210403
Niagara,2022-08,2022,4.1,63615,302.35,26669.0,6890019.0,126.75,330.0,156.84,,210403
Niagara,2022-09,2022,3.2,63935,303.87,26755.0,6961114.0,127.16,390.0,185.36,,210403
Niagara,2022-10,2022,3.0,64014,304.24,26800.0,7788096.0,127.37,396.0,188.21,,210403
Niagara,2022-11,2022,3.3,64183,305.05,26716.0,7820550.0,126.98,438.0,208.17,,210403
Niagara,2022-12,2022,3.7,64483,306.47,26948.0,7888360.0,128.08,367.0,174.43,,210403
Niagara,2023-01,2023,4.6,64871,309.72,27138.0,7880758.0,129.57,367.0,175.22,,209451
Niagara,2023-02,2023,4.6,65087,310.75,27178.0,7796744.0,129.76,313.0,149.44,,209451
Niagara,2023-03,2023,4.1,65346,311.99,27165.0,5208295.0,129.7,352.0,168.06,,209451
Niagara,2023-04,2023,3.2,65537,312.9,26966.0,5036065.0,128.75,289.0,137.98,,209451
Niagara,2023-05,2023,3.3,65720,313.77,26781.0,5010239.0,127.86,352.0,168.06,,209451
Niagara,2023-06,2023,3.3,66181,315.97,26785.0,5029316.0,127.88,368.0,175.7,,209451
Niagara,2023-07,2023,3.7,65457,312.52,26378.0,4935083.0,125.94,352.0,168.06,,209451
Niagara,2023-08,2023,4.1,64524,308.06,26243.0,4924265.0,125.29,326.0,155.64,,209451
Niagara,2023-09,2023,3.5,63650,303.89,26200.0,4905132.0,125.09,363.0,173.31,,209451
Niagara,2023-10,2023,3.7,62975,300.67,26416.0,5191137.0,126.12,421.0,201.0,,209451
Niagara,2023-11,2023,3.9,62041,296.21,26580.0,5197016.0,126.9,434.0,207.21,,209451
Niagara,2023-12,2023,4.3,60947,290.98,27109.0,5279453.0,129.43,369.0,176.17,,209451
Niagara,2024-01,2024,5.2,59863,285.91,27294.0,5256280.0,130.36,377.0,180.06,,209380
Niagara,2024-02,2024,5.4,58888,281.25,27172.0,5213100.0,129.77,336.0,160.47,,209380
Niagara,2024-03,2024,4.9,57862,276.35,27278.0,5233528.0,130.28,352.0,168.12,,209380
Niagara,2024-04,2024,3.9,56648,270.55,27153.0,5178052.0,129.68,273.0,130.38,,209380
Niagara,2024-05,2024,3.7,55837,266.68,27045.0,5179577.0,129.17,379.0,181.01,,209380
Niagara,2024-06,2024,3.7,54872,262.07,26965.0,5174784.0,128.78,326.0,155.7,,209380
Niagara,2024-07,2024,4.4,54667,261.09,26963.0,5183970.0,128.78,347.0,165.73,,209380
Niagara,2024-08,2024,4.3,54603,260.78,26902.0,5158491.0,128.48,382.0,182.44,,209380
Niagara,2024-09,2024,3.4,54375,259.7,26865.0,5157188.0,128.31,325.0,155.22,,209380
Niagara,2024-10,2024,3.5,54385,259.74,27059.0,5322152.0,129.23,377.0,180.06,,209380
Niagara,2024-11,2024,3.7,54083,258.3,27021.0,5270870.0,129.05,375.0,179.1,,209380
Niagara,2024-12,2024,4.3,53972,257.77,27138.0,5323059.0,129.61,406.0,193.91,,209380
Niagara,2025-01,2025,5.4,53807,257.56,27303.0,5252833.0,130.69,,,,208912
Niagara,2025-02,2025,5.7,53704,257.07,27121.0,5182650.0,129.82,,,,208912
Niagara,2025-03,2025,4.8,53618,256.65,27302.0,5238305.0,130.69,,,,208912
Niagara,2025-04,2025,3.6,53665,256.88,27254.0,5213185.0,130.46,,,,208912
Niagara,2025-05,2025,3.3,53587,256.51,27244.0,5219318.0,130.41,,,,208912
Niagara,2025-06,2025,3.5,53579,256.47,26956.0,5147787.0,129.03,,,,208912
Niagara,2025-07,2025,4.2,53672,256.91,26934.0,5160677.0,128.93,,,,208912
Niagara,2025-08,2025,4.5,53572,256.43,26641.0,5092692.0,127.52,,,,208912
Niagara,2025-09,2025,4.2,53613,256.63,26488.0,5051040.0,126.79,,,,208912
Niagara,2025-10,2025,,53660,256.85,26444.0,5233180.0,126.58,,,,208912
Niagara,2025-11,2025,4.3,54029,258.62,25762.0,5024865.0,123.32,,,,208912
Niagara,2025-12,2025,4.4,54080,258.86,25717.0,5001396.0,123.1,,,,208912
Oneida,2018-01,2018,5.5,70762,308.37,40334.0,4988786.0,175.77,,,,229474
Oneida,2018-02,2018,5.7,70943,309.15,39822.0,4925796.0,173.54,,,,229474
Oneida,2018-03,2018,5.1,71016,309.47,39896.0,4946815.0,173.86,,,,229474
Oneida,2018-04,2018,4.5,70977,309.3,39476.0,4881297.0,172.03,,,,229474
Oneida,2018-05,2018,3.9,70882,308.89,39216.0,4857131.0,170.9,,,,229474
Oneida,2018-06,2018,4.2,71026,309.52,39089.0,4848683.0,170.34,,,,229474
Oneida,2018-07,2018,4.2,71046,309.6,38711.0,4807864.0,168.69,,,,229474
Oneida,2018-08,2018,4.0,70959,309.22,38690.0,4851034.0,168.6,,,,229474
Oneida,2018-09,2018,3.6,70985,309.34,38645.0,4814235.0,168.41,,,,229474
Oneida,2018-10,2018,3.6,71190,310.23,38696.0,4873631.0,168.63,,,,229474
Oneida,2018-11,2018,3.6,71315,310.78,38772.0,4860245.0,168.96,,,,229474
Oneida,2018-12,2018,4.3,71185,310.21,38637.0,4831624.0,168.37,,,,229474
Oneida,2019-01,2019,4.8,71151,311.15,38875.0,4823884.0,170.0,,,,228671
Oneida,2019-02,2019,4.6,70975,310.38,38309.0,4712362.0,167.53,,,,228671
Oneida,2019-03,2019,4.4,70909,310.09,38453.0,4738397.0,168.16,,,,228671
Oneida,2019-04,2019,3.7,70986,310.43,38174.0,4699192.0,166.94,,,,228671
Oneida,2019-05,2019,3.6,71176,311.26,37952.0,4695367.0,165.97,,,,228671
Oneida,2019-06,2019,3.8,71198,311.36,37831.0,4685186.0,165.44,,,,228671
Oneida,2019-07,2019,4.1,71218,311.44,37760.0,4679699.0,165.13,,,,228671
Oneida,2019-08,2019,4.1,71106,310.95,37424.0,4646902.0,163.66,,,,228671
Oneida,2019-09,2019,3.7,70993,310.46,37102.0,4626675.0,162.25,,,,228671
Oneida,2019-10,2019,3.7,70962,310.32,37316.0,4731066.0,163.19,,,,228671
Oneida,2019-11,2019,3.8,70881,309.97,37217.0,4694798.0,162.75,,,,228671
Oneida,2019-12,2019,4.2,70795,309.59,37040.0,4683074.0,161.98,,,,228671
Oneida,2020-01,2020,4.7,70875,306.47,37058.0,4659602.0,160.24,,,,231265
Oneida,2020-02,2020,4.6,70663,305.55,36816.0,4622390.0,159.19,,,,231265
Oneida,2020-03,2020,5.3,70628,305.4,36975.0,4631561.0,159.88,,,,231265
Oneida,2020-04,2020,16.8,71755,310.27,38336.0,8496399.0,165.77,,,,231265
Oneida,2020-05,2020,12.8,72556,313.74,39024.0,6913467.0,168.74,,,,231265
Oneida,2020-06,2020,9.6,73179,316.43,39061.0,6623032.0,168.9,,,,231265
Oneida,2020-07,2020,9.2,73891,319.51,37029.0,6710672.0,160.12,,,,231265
Oneida,2020-08,2020,7.1,74543,322.33,36496.0,6427308.0,157.81,,,,231265
Oneida,2020-09,2020,6.4,75194,325.14,36942.0,6123635.0,159.74,,,,231265
Oneida,2020-10,2020,5.2,75797,327.75,37126.0,7398235.0,160.53,,,,231265
Oneida,2020-11,2020,5.3,76261,329.76,36502.0,6829973.0,157.84,,,,231265
Oneida,2020-12,2020,5.9,77010,332.99,36423.0,6841663.0,157.49,,,,231265
Oneida,2021-01,2021,7.0,77510,338.13,36526.0,7846627.0,159.34,558.0,243.42,,229229
Oneida,2021-02,2021,7.0,77704,338.98,36887.0,7969017.0,160.92,442.0,192.82,,229229
Oneida,2021-03,2021,6.4,78057,340.52,37034.0,7954127.0,161.56,413.0,180.17,,229229
Oneida,2021-04,2021,5.5,78455,342.26,36950.0,8746635.0,161.19,344.0,150.07,,229229
Oneida,2021-05,2021,4.9,78772,343.64,36777.0,8719090.0,160.44,391.0,170.57,,229229
Oneida,2021-06,2021,5.5,79171,345.38,36660.0,8662889.0,159.93,509.0,222.05,,229229
Oneida,2021-07,2021,5.2,79500,346.81,36505.0,8631103.0,159.25,463.0,201.98,,229229
Oneida,2021-08,2021,4.9,79930,348.69,36309.0,8618159.0,158.4,420.0,183.22,,229229
Oneida,2021-09,2021,4.1,80215,349.93,35969.0,8553198.0,156.91,438.0,191.08,,229229
Oneida,2021-10,2021,3.7,80520,351.26,36652.0,9459296.0,159.89,567.0,247.35,,229229
Oneida,2021-11,2021,3.5,80653,351.84,36980.0,9439521.0,161.32,667.0,290.98,,229229
Oneida,2021-12,2021,3.2,81109,353.83,37240.0,9660808.0,162.46,615.0,268.29,,229229
Oneida,2022-01,2022,4.2,81511,356.95,37314.0,9608083.0,163.41,547.0,239.54,,228351
Oneida,2022-02,2022,4.3,81808,358.26,37683.0,9709090.0,165.02,502.0,219.84,,228351
Oneida,2022-03,2022,3.9,82026,359.21,38161.0,9886729.0,167.12,456.0,199.69,,228351
Oneida,2022-04,2022,3.3,82070,359.4,38182.0,9794213.0,167.21,392.0,171.67,,228351
Oneida,2022-05,2022,3.2,82193,359.94,38455.0,9797281.0,168.4,459.0,201.01,,228351
Oneida,2022-06,2022,3.5,82406,360.87,38624.0,9800469.0,169.14,561.0,245.67,,228351
Oneida,2022-07,2022,3.8,82781,362.52,38634.0,9791472.0,169.19,459.0,201.01,,228351
Oneida,2022-08,2022,3.9,82986,363.41,38558.0,9754298.0,168.85,457.0,200.13,,228351
Oneida,2022-09,2022,3.2,83528,365.79,38527.0,9831784.0,168.72,523.0,229.03,,228351
Oneida,2022-10,2022,2.9,83645,366.3,38567.0,11060561.0,168.89,507.0,222.03,,228351
Oneida,2022-11,2022,3.2,83775,366.87,38100.0,10913379.0,166.85,717.0,313.99,,228351
Oneida,2022-12,2022,3.4,84178,368.63,38281.0,11045720.0,167.64,818.0,358.22,,228351
Oneida,2023-01,2023,4.1,84811,372.71,38758.0,11127515.0,170.32,545.0,239.5,,227555
Oneida,2023-02,2023,4.0,85034,373.69,38481.0,10955582.0,169.11,456.0,200.39,,227555
Oneida,2023-03,2023,3.6,85450,375.51,38515.0,7457989.0,169.26,497.0,218.41,,227555
Oneida,2023-04,2023,2.9,85700,376.61,38273.0,7215920.0,168.19,419.0,184.13,,227555
Oneida,2023-05,2023,3.1,85999,377.93,38288.0,7177830.0,168.26,462.0,203.03,,227555
Oneida,2023-06,2023,3.3,86401,379.69,38164.0,7124579.0,167.71,525.0,230.71,,227555
Oneida,2023-07,2023,3.5,85619,376.26,37992.0,7091406.0,166.96,413.0,181.49,,227555
Oneida,2023-08,2023,3.7,84504,371.36,37894.0,7076636.0,166.53,456.0,200.39,,227555
Oneida,2023-09,2023,3.3,83252,365.85,37648.0,7052621.0,165.45,470.0,206.54,,227555
Oneida,2023-10,2023,3.5,82110,360.84,37566.0,7366358.0,165.09,561.0,246.53,,227555
Oneida,2023-11,2023,3.5,80830,355.21,37227.0,7294345.0,163.6,650.0,285.65,,227555
Oneida,2023-12,2023,3.8,79424,349.03,37199.0,7287211.0,163.47,640.0,281.25,,227555
Oneida,2024-01,2024,4.3,78279,344.4,37056.0,7240526.0,163.03,615.0,270.58,,227292
Oneida,2024-02,2024,4.5,77307,340.12,36417.0,7064579.0,160.22,502.0,220.86,,227292
Oneida,2024-03,2024,4.1,76297,335.68,36335.0,7063869.0,159.86,452.0,198.86,,227292
Oneida,2024-04,2024,3.5,74694,328.63,36381.0,7102527.0,160.06,400.0,175.99,,227292
Oneida,2024-05,2024,3.4,73279,322.4,36447.0,7092267.0,160.35,468.0,205.9,,227292
Oneida,2024-06,2024,3.6,71986,316.71,36249.0,7030022.0,159.48,508.0,223.5,,227292
Oneida,2024-07,2024,4.0,71943,316.52,36174.0,7507718.0,159.15,443.0,194.9,,227292
Oneida,2024-08,2024,3.9,71738,315.62,35724.0,6975548.0,157.17,462.0,203.26,,227292
Oneida,2024-09,2024,3.2,71444,314.33,35231.0,6857042.0,155.0,493.0,216.9,,227292
Oneida,2024-10,2024,3.3,71298,313.68,34943.0,6946806.0,153.74,589.0,259.14,,227292
Oneida,2024-11,2024,3.4,70935,312.09,34598.0,6858855.0,152.22,619.0,272.34,,227292
Oneida,2024-12,2024,3.6,70829,311.62,34221.0,6808216.0,150.56,682.0,300.05,,227292
Oneida,2025-01,2025,4.3,70655,312.09,34917.0,7200947.0,154.23,,,,226392
Oneida,2025-02,2025,4.6,70447,311.17,35368.0,7118065.0,156.22,,,,226392
Oneida,2025-03,2025,4.1,70437,311.13,36376.0,7102795.0,160.68,,,,226392
Oneida,2025-04,2025,3.2,70503,311.42,36819.0,7061686.0,162.63,,,,226392
Oneida,2025-05,2025,3.1,70516,311.48,36871.0,7085585.0,162.86,,,,226392
Oneida,2025-06,2025,3.4,70538,311.57,36451.0,7266300.0,161.01,,,,226392
Oneida,2025-07,2025,4.0,70591,311.81,36497.0,7070827.0,161.21,,,,226392
Oneida,2025-08,2025,4.2,70425,311.08,36249.0,6974808.0,160.12,,,,226392
Oneida,2025-09,2025,4.1,70422,311.06,35759.0,6870382.0,157.95,,,,226392
Oneida,2025-10,2025,,70369,310.83,35317.0,7045912.0,156.0,,,,226392
Oneida,2025-11,2025,3.9,70783,312.66,34473.0,6845475.0,152.27,,,,226392
Oneida,2025-12,2025,3.8,70877,313.07,34480.0,6891603.0,152.3,,,,226392
Onondaga,2018-01,2018,4.8,116509,252.38,69088.0,8620370.0,149.65,,,,461649
Onondaga,2018-02,2018,5.1,116610,252.59,68959.0,8585080.0,149.38,,,,461649
Onondaga,2018-03,2018,4.5,116808,253.02,69024.0,8589533.0,149.52,,,,461649
Onondaga,2018-04,2018,3.9,116921,253.27,68063.0,8459025.0,147.43,,,,461649
Onondaga,2018-05,2018,3.5,116858,253.13,68127.0,8488475.0,147.57,,,,461649
Onondaga,2018-06,2018,3.9,116758,252.92,67749.0,8387301.0,146.75,,,,461649
Onondaga,2018-07,2018,3.9,116794,252.99,67479.0,8386564.0,146.17,,,,461649
Onondaga,2018-08,2018,3.7,116946,253.32,67192.0,8402018.0,145.55,,,,461649
Onondaga,2018-09,2018,3.3,116640,252.66,66976.0,8358845.0,145.08,,,,461649
Onondaga,2018-10,2018,3.3,116589,252.55,67259.0,8483508.0,145.69,,,,461649
Onondaga,2018-11,2018,3.3,116751,252.9,66819.0,8413333.0,144.74,,,,461649
Onondaga,2018-12,2018,3.7,116876,253.17,66466.0,8372754.0,143.98,,,,461649
Onondaga,2019-01,2019,4.1,117227,254.55,66462.0,8351635.0,144.32,,,,460528
Onondaga,2019-02,2019,4.2,117006,254.07,66840.0,8386417.0,145.14,,,,460528
Onondaga,2019-03,2019,3.9,117079,254.23,65891.0,8253763.0,143.08,,,,460528
Onondaga,2019-04,2019,3.3,116848,253.73,65440.0,8206743.0,142.1,,,,460528
Onondaga,2019-05,2019,3.2,116866,253.77,65503.0,8216347.0,142.23,,,,460528
Onondaga,2019-06,2019,3.5,116745,253.5,65189.0,8154795.0,141.55,,,,460528
Onondaga,2019-07,2019,3.9,116672,253.34,65182.0,8177296.0,141.54,,,,460528
Onondaga,2019-08,2019,3.9,116796,253.61,65040.0,8175350.0,141.23,,,,460528
Onondaga,2019-09,2019,3.5,116602,253.19,65126.0,8189465.0,141.42,,,,460528
Onondaga,2019-10,2019,3.6,116512,253.0,65313.0,8316835.0,141.82,,,,460528
Onondaga,2019-11,2019,3.5,116295,252.53,64826.0,8241866.0,140.76,,,,460528
Onondaga,2019-12,2019,3.8,115907,251.68,64711.0,8213955.0,140.51,,,,460528
Onondaga,2020-01,2020,4.2,116444,244.92,64774.0,8147291.0,136.24,,,,475429
Onondaga,2020-02,2020,4.3,116440,244.92,64497.0,8126672.0,135.66,,,,475429
Onondaga,2020-03,2020,4.9,116397,244.83,64099.0,8088078.0,134.82,,,,475429
Onondaga,2020-04,2020,17.4,118502,249.25,67140.0,14650805.0,141.22,,,,475429
Onondaga,2020-05,2020,13.1,120149,252.72,68681.0,12431968.0,144.46,,,,475429
Onondaga,2020-06,2020,10.2,121452,255.46,67048.0,11612698.0,141.03,,,,475429
Onondaga,2020-07,2020,9.6,122798,258.29,65891.0,11625682.0,138.59,,,,475429
Onondaga,2020-08,2020,7.4,123982,260.78,65734.0,11483053.0,138.26,,,,475429
Onondaga,2020-09,2020,6.6,125201,263.34,66061.0,10993885.0,138.95,,,,475429
Onondaga,2020-10,2020,5.5,126229,265.51,65997.0,13048384.0,138.82,,,,475429
Onondaga,2020-11,2020,5.3,127189,267.52,65271.0,12154849.0,137.29,,,,475429
Onondaga,2020-12,2020,5.9,128731,270.77,65962.0,12232618.0,138.74,,,,475429
Onondaga,2021-01,2021,6.5,129826,275.15,65641.0,13925727.0,139.12,959.0,203.25,,471829
Onondaga,2021-02,2021,6.6,130077,275.69,66172.0,14093819.0,140.25,908.0,192.44,,471829
Onondaga,2021-03,2021,6.1,130856,277.34,65863.0,14017142.0,139.59,849.0,179.94,,471829
Onondaga,2021-04,2021,5.3,131696,279.12,65273.0,15435218.0,138.34,868.0,183.96,,471829
Onondaga,2021-05,2021,4.9,132151,280.08,65067.0,15486047.0,137.9,943.0,199.86,,471829
Onondaga,2021-06,2021,5.3,132759,281.37,64761.0,15290084.0,137.26,964.0,204.31,,471829
Onondaga,2021-07,2021,5.1,133435,282.8,64517.0,15352809.0,136.74,923.0,195.62,,471829
Onondaga,2021-08,2021,4.8,133915,283.82,64644.0,15477191.0,137.01,968.0,205.16,,471829
Onondaga,2021-09,2021,4.0,134692,285.47,64523.0,15304739.0,136.75,1013.0,214.7,,471829
Onondaga,2021-10,2021,3.6,135596,287.38,65499.0,16802305.0,138.82,1211.0,256.66,,471829
Onondaga,2021-11,2021,3.3,136116,288.49,66240.0,16827768.0,140.39,1169.0,247.76,,471829
Onondaga,2021-12,2021,3.0,137159,290.7,67155.0,17244043.0,142.33,1127.0,238.86,,471829
Onondaga,2022-01,2022,3.8,138009,293.69,67196.0,17239149.0,143.0,1275.0,271.33,,469910
Onondaga,2022-02,2022,4.0,138510,294.76,68255.0,17536383.0,145.25,1033.0,219.83,,469910
Onondaga,2022-03,2022,3.6,139129,296.08,69276.0,17640235.0,147.42,1014.0,215.79,,469910
Onondaga,2022-04,2022,3.1,139321,296.48,69363.0,17582580.0,147.61,831.0,176.84,,469910
Onondaga,2022-05,2022,3.1,139634,297.15,69301.0,17523382.0,147.48,934.0,198.76,,469910
Onondaga,2022-06,2022,3.3,140346,298.67,69117.0,17415327.0,147.09,1099.0,233.87,,469910
Onondaga,2022-07,2022,3.5,140893,299.83,68673.0,17451870.0,146.14,1023.0,217.7,,469910
Onondaga,2022-08,2022,3.6,141319,300.74,68102.0,17328658.0,144.93,1031.0,219.4,,469910
Onondaga,2022-09,2022,3.0,142222,302.66,67609.0,17294955.0,143.88,1019.0,216.85,,469910
Onondaga,2022-10,2022,2.8,142503,303.26,67693.0,19275399.0,144.06,1052.0,223.87,,469910
Onondaga,2022-11,2022,2.9,142734,303.75,67586.0,19406833.0,143.83,1114.0,237.07,,469910
Onondaga,2022-12,2022,3.0,143336,305.03,67651.0,19411964.0,143.97,1311.0,278.99,,469910
Onondaga,2023-01,2023,3.6,144014,307.38,67337.0,19181152.0,143.72,970.0,207.03,,468524
Onondaga,2023-02,2023,3.7,144143,307.65,67620.0,19194557.0,144.33,966.0,206.18,,468524
Onondaga,2023-03,2023,3.3,144878,309.22,67748.0,13072349.0,144.6,908.0,193.8,,468524
Onondaga,2023-04,2023,2.6,145377,310.29,67129.0,12755526.0,143.28,787.0,167.97,,468524
Onondaga,2023-05,2023,3.0,145871,311.34,67297.0,12857334.0,143.64,904.0,192.95,,468524
Onondaga,2023-06,2023,3.2,146666,313.04,67515.0,12932407.0,144.1,935.0,199.56,,468524
Onondaga,2023-07,2023,3.3,145190,309.89,67328.0,12930870.0,143.7,896.0,191.24,,468524
Onondaga,2023-08,2023,3.6,143083,305.39,67256.0,12984412.0,143.55,829.0,176.94,,468524
Onondaga,2023-09,2023,3.2,140949,300.84,66852.0,12856171.0,142.69,876.0,186.97,,468524
Onondaga,2023-10,2023,3.4,138970,296.61,66897.0,13549185.0,142.78,953.0,203.4,,468524
Onondaga,2023-11,2023,3.3,136986,292.38,66813.0,13371501.0,142.6,1109.0,236.7,,468524
Onondaga,2023-12,2023,3.6,134430,286.92,67258.0,13387879.0,143.55,980.0,209.17,,468524
Onondaga,2024-01,2024,3.9,132328,282.65,67051.0,13238994.0,143.22,997.0,212.96,,468173
Onondaga,2024-02,2024,4.1,130245,278.2,67409.0,13255122.0,143.98,846.0,180.7,,468173
Onondaga,2024-03,2024,3.7,128432,274.33,67371.0,13263634.0,143.9,845.0,180.49,,468173
Onondaga,2024-04,2024,3.2,125499,268.06,67003.0,13172233.0,143.12,763.0,162.97,,468173
Onondaga,2024-05,2024,3.3,123088,262.91,67182.0,13258899.0,143.5,936.0,199.93,,468173
Onondaga,2024-06,2024,3.5,120965,258.38,66849.0,13311894.0,142.79,890.0,190.1,,468173
Onondaga,2024-07,2024,3.8,120510,257.4,67179.0,13322779.0,143.49,807.0,172.37,,468173
Onondaga,2024-08,2024,3.7,120171,256.68,67039.0,13271595.0,143.19,828.0,176.86,,468173
Onondaga,2024-09,2024,3.1,119623,255.51,66825.0,13190983.0,142.74,883.0,188.61,,468173
Onondaga,2024-10,2024,3.1,119716,255.71,67513.0,13536273.0,144.21,917.0,195.87,,468173
Onondaga,2024-11,2024,3.2,119403,255.04,67099.0,13365219.0,143.32,1059.0,226.2,,468173
Onondaga,2024-12,2024,3.2,119353,254.93,67211.0,13376869.0,143.56,1074.0,229.4,,468173
Onondaga,2025-01,2025,3.8,119290,255.67,66884.0,13166244.0,143.35,,,,466584
Onondaga,2025-02,2025,4.1,119073,255.2,66670.0,13102921.0,142.89,,,,466584
Onondaga,2025-03,2025,3.6,119105,255.27,66543.0,13079433.0,142.62,,,,466584
Onondaga,2025-04,2025,2.9,118983,255.01,65903.0,12954646.0,141.25,,,,466584
Onondaga,2025-05,2025,2.8,118779,254.57,65771.0,12997702.0,140.96,,,,466584
Onondaga,2025-06,2025,3.1,118780,254.57,65454.0,12891475.0,140.28,,,,466584
Onondaga,2025-07,2025,3.6,118927,254.89,65109.0,12833887.0,139.54,,,,466584
Onondaga,2025-08,2025,3.9,118701,254.4,64376.0,12636838.0,137.97,,,,466584
Onondaga,2025-09,2025,3.9,118558,254.1,64126.0,12566425.0,137.44,,,,466584
Onondaga,2025-10,2025,,118565,254.11,64067.0,12992023.0,137.31,,,,466584
Onondaga,2025-11,2025,3.6,119147,255.36,62360.0,12554867.0,133.65,,,,466584
Onondaga,2025-12,2025,3.5,118935,254.91,62164.0,12506005.0,133.23,,,,466584
Ontario,2018-01,2018,5.4,21670,197.47,8948.0,1062506.0,81.54,,,,109738
Ontario,2018-02,2018,5.7,21737,198.08,8929.0,1067034.0,81.37,,,,109738
Ontario,2018-03,2018,5.1,21829,198.92,8895.0,1060841.0,81.06,,,,109738
Ontario,2018-04,2018,4.1,21750,198.2,8776.0,1058978.0,79.97,,,,109738
Ontario,2018-05,2018,3.5,21773,198.41,8650.0,1050042.0,78.82,,,,109738
Ontario,2018-06,2018,3.8,21741,198.12,8552.0,1043440.0,77.93,,,,109738
Ontario,2018-07,2018,3.6,21765,198.34,8479.0,1029944.0,77.27,,,,109738
Ontario,2018-08,2018,3.5,21843,199.05,8459.0,1037172.0,77.08,,,,109738
Ontario,2018-09,2018,3.2,21795,198.61,8384.0,1013729.0,76.4,,,,109738
Ontario,2018-10,2018,3.2,21813,198.77,8425.0,1034051.0,76.77,,,,109738
Ontario,2018-11,2018,3.2,21777,198.45,8493.0,1041120.0,77.39,,,,109738
Ontario,2018-12,2018,4.0,21824,198.87,8566.0,1037172.0,78.06,,,,109738
Ontario,2019-01,2019,4.6,21887,199.38,8678.0,1059627.0,79.05,,,,109777
Ontario,2019-02,2019,4.7,21862,199.15,8679.0,1059344.0,79.06,,,,109777
Ontario,2019-03,2019,4.4,21833,198.89,8665.0,1061655.0,78.93,,,,109777
Ontario,2019-04,2019,3.6,21826,198.82,8556.0,1043356.0,77.94,,,,109777
Ontario,2019-05,2019,3.4,21762,198.24,8458.0,1033117.0,77.05,,,,109777
Ontario,2019-06,2019,3.5,21728,197.93,8323.0,1007823.0,75.82,,,,109777
Ontario,2019-07,2019,3.8,21708,197.75,8281.0,1015612.0,75.43,,,,109777
Ontario,2019-08,2019,3.7,21799,198.58,8311.0,1015138.0,75.71,,,,109777
Ontario,2019-09,2019,3.4,21846,199.0,8260.0,1004598.0,75.24,,,,109777
Ontario,2019-10,2019,3.5,21852,199.06,8260.0,1022065.0,75.24,,,,109777
Ontario,2019-11,2019,3.5,21786,198.46,8292.0,1018049.0,75.53,,,,109777
Ontario,2019-12,2019,4.1,21739,198.03,8317.0,1021641.0,75.76,,,,109777
Ontario,2020-01,2020,4.7,21825,194.06,8361.0,1031858.0,74.34,,,,112467
Ontario,2020-02,2020,4.7,21785,193.7,8321.0,1028486.0,73.99,,,,112467
Ontario,2020-03,2020,5.4,21873,194.48,8462.0,1052632.0,75.24,,,,112467
Ontario,2020-04,2020,16.2,22349,198.72,8849.0,2050474.0,78.68,,,,112467
Ontario,2020-05,2020,11.6,22783,202.57,8547.0,1523874.0,76.0,,,,112467
Ontario,2020-06,2020,9.1,22982,204.34,7949.0,1367766.0,70.68,,,,112467
Ontario,2020-07,2020,8.4,23299,207.16,7690.0,1446107.0,68.38,,,,112467
Ontario,2020-08,2020,6.4,23540,209.31,7582.0,1360517.0,67.42,,,,112467
Ontario,2020-09,2020,5.5,23802,211.64,7936.0,1326516.0,70.56,,,,112467
Ontario,2020-10,2020,4.6,23999,213.39,8170.0,1698398.0,72.64,,,,112467
Ontario,2020-11,2020,4.6,24197,215.15,8218.0,1571968.0,73.07,,,,112467
Ontario,2020-12,2020,5.3,24536,218.16,8559.0,1625421.0,76.1,,,,112467
Ontario,2021-01,2021,6.0,24819,220.23,8557.0,1850291.0,75.93,279.0,247.56,,112698
Ontario,2021-02,2021,6.2,24901,220.95,8655.0,1901282.0,76.8,244.0,216.51,,112698
Ontario,2021-03,2021,5.8,25066,222.42,8584.0,1857130.0,76.17,230.0,204.09,,112698
Ontario,2021-04,2021,4.9,25168,223.32,8573.0,2071885.0,76.07,211.0,187.23,,112698
Ontario,2021-05,2021,4.3,25238,223.94,8561.0,2089853.0,75.96,256.0,227.16,,112698
Ontario,2021-06,2021,4.7,25447,225.8,8556.0,2067390.0,75.92,259.0,229.82,,112698
Ontario,2021-07,2021,4.5,25637,227.48,8526.0,2086529.0,75.65,285.0,252.89,,112698
Ontario,2021-08,2021,4.2,25809,229.01,8503.0,2078672.0,75.45,266.0,236.03,,112698
Ontario,2021-09,2021,3.5,25988,230.6,8621.0,2091167.0,76.5,284.0,252.0,,112698
Ontario,2021-10,2021,3.3,26134,231.89,8842.0,2308861.0,78.46,353.0,313.23,,112698
Ontario,2021-11,2021,3.0,26232,232.76,9040.0,2341741.0,80.21,432.0,383.33,,112698
Ontario,2021-12,2021,3.0,26425,234.48,9121.0,2386766.0,80.93,337.0,299.03,,112698
Ontario,2022-01,2022,3.9,26615,236.58,9179.0,2374722.0,81.59,289.0,256.89,,112499
Ontario,2022-02,2022,4.1,26750,237.78,9324.0,2424054.0,82.88,348.0,309.34,,112499
Ontario,2022-03,2022,3.7,26959,239.64,9425.0,2432204.0,83.78,277.0,246.22,,112499
Ontario,2022-04,2022,3.0,26953,239.58,9384.0,2424749.0,83.41,192.0,170.67,,112499
Ontario,2022-05,2022,2.8,27035,240.31,9324.0,2391426.0,82.88,282.0,250.67,,112499
Ontario,2022-06,2022,3.1,27189,241.68,9353.0,2407335.0,83.14,305.0,271.11,,112499
Ontario,2022-07,2022,3.2,27298,242.65,9333.0,2414181.0,82.96,283.0,251.56,,112499
Ontario,2022-08,2022,3.3,27369,243.28,9394.0,2417665.0,83.5,281.0,249.78,,112499
Ontario,2022-09,2022,2.7,27601,245.34,9437.0,2460441.0,83.89,252.0,224.0,,112499
Ontario,2022-10,2022,2.6,27637,245.66,9447.0,2753479.0,83.97,372.0,330.67,,112499
Ontario,2022-11,2022,2.8,27729,246.48,9477.0,2763443.0,84.24,431.0,383.11,,112499
Ontario,2022-12,2022,3.0,27891,247.92,9703.0,2854148.0,86.25,375.0,333.34,,112499
Ontario,2023-01,2023,3.8,28080,249.88,9800.0,2835853.0,87.21,306.0,272.3,,112374
Ontario,2023-02,2023,3.8,28152,250.52,9864.0,2844714.0,87.78,243.0,216.24,,112374
Ontario,2023-03,2023,3.5,28287,251.72,9794.0,1810458.0,87.16,283.0,251.84,,112374
Ontario,2023-04,2023,2.7,28455,253.22,9745.0,1771298.0,86.72,242.0,215.35,,112374
Ontario,2023-05,2023,2.8,28573,254.27,9614.0,1752823.0,85.55,311.0,276.75,,112374
Ontario,2023-06,2023,3.0,28679,255.21,9525.0,1736271.0,84.76,288.0,256.29,,112374
Ontario,2023-07,2023,3.0,28335,252.15,9377.0,1713128.0,83.44,270.0,240.27,,112374
Ontario,2023-08,2023,3.3,27940,248.63,9276.0,1691529.0,82.55,281.0,250.06,,112374
Ontario,2023-09,2023,3.0,27660,246.14,9154.0,1665371.0,81.46,253.0,225.14,,112374
Ontario,2023-10,2023,3.1,27227,242.29,9205.0,1751641.0,81.91,345.0,307.01,,112374
Ontario,2023-11,2023,3.1,26728,237.85,9336.0,1772490.0,83.08,410.0,364.85,,112374
Ontario,2023-12,2023,3.5,26169,232.87,9384.0,1774797.0,83.51,335.0,298.11,,112374
Ontario,2024-01,2024,4.2,25708,228.04,9593.0,1798414.0,85.09,347.0,307.81,,112733
Ontario,2024-02,2024,4.4,25272,224.18,9714.0,1793822.0,86.17,247.0,219.1,,112733
Ontario,2024-03,2024,4.0,24841,220.35,9627.0,1772915.0,85.4,279.0,247.49,,112733
Ontario,2024-04,2024,3.2,24307,215.62,9590.0,1761666.0,85.07,220.0,195.15,,112733
Ontario,2024-05,2024,3.0,23849,211.55,9555.0,1754475.0,84.76,271.0,240.39,,112733
Ontario,2024-06,2024,3.2,23391,207.49,9449.0,1728702.0,83.82,315.0,279.42,,112733
Ontario,2024-07,2024,3.4,23251,206.25,9307.0,1707460.0,82.56,283.0,251.04,,112733
Ontario,2024-08,2024,3.3,23235,206.11,9244.0,1706590.0,82.0,273.0,242.17,,112733
Ontario,2024-09,2024,2.7,23066,204.61,9196.0,1700907.0,81.57,280.0,248.37,,112733
Ontario,2024-10,2024,2.8,23053,204.49,9155.0,1741092.0,81.21,421.0,373.45,,112733
Ontario,2024-11,2024,2.9,22803,202.27,9240.0,1734396.0,81.96,395.0,350.39,,112733
Ontario,2024-12,2024,3.2,22745,201.76,9317.0,1750815.0,82.65,367.0,325.55,,112733
Ontario,2025-01,2025,4.0,22648,200.19,9405.0,1740508.0,83.13,,,,113130
Ontario,2025-02,2025,4.4,22592,199.7,9364.0,1738716.0,82.77,,,,113130
Ontario,2025-03,2025,3.9,22564,199.45,9401.0,1751448.0,83.1,,,,113130
Ontario,2025-04,2025,2.9,22581,199.6,9350.0,1754514.0,82.65,,,,113130
Ontario,2025-05,2025,2.6,22572,199.52,9252.0,1724962.0,81.78,,,,113130
Ontario,2025-06,2025,2.9,22568,199.49,9172.0,1716595.0,81.07,,,,113130
Ontario,2025-07,2025,3.3,22566,199.47,9206.0,1732610.0,81.38,,,,113130
Ontario,2025-08,2025,3.5,22540,199.24,9060.0,1706403.0,80.08,,,,113130
Ontario,2025-09,2025,3.4,22521,199.07,9015.0,1698853.0,79.69,,,,113130
Ontario,2025-10,2025,,22544,199.28,8988.0,1759808.0,79.45,,,,113130
Ontario,2025-11,2025,3.4,22700,200.65,8819.0,1695335.0,77.95,,,,113130
Ontario,2025-12,2025,3.5,22669,200.38,8940.0,1727020.0,79.02,,,,113130
Orange,2018-01,2018,4.9,100069,261.87,41559.0,5103905.0,108.76,,,,382126
Orange,2018-02,2018,5.1,100403,262.75,41201.0,5013971.0,107.82,,,,382126
Orange,2018-03,2018,4.5,100530,263.08,41356.0,5073131.0,108.23,,,,382126
Orange,2018-04,2018,4.0,100687,263.49,41293.0,5090657.0,108.06,,,,382126
Orange,2018-05,2018,3.8,100891,264.03,41422.0,5300060.0,108.4,,,,382126
Orange,2018-06,2018,4.2,100894,264.03,41623.0,5059941.0,108.92,,,,382126
Orange,2018-07,2018,4.2,101159,264.73,41469.0,5028746.0,108.52,,,,382126
Orange,2018-08,2018,4.2,101328,265.17,41478.0,5095353.0,108.55,,,,382126
Orange,2018-09,2018,3.6,101449,265.49,40862.0,4977453.0,106.93,,,,382126
Orange,2018-10,2018,3.5,101925,266.73,40603.0,5053122.0,106.26,,,,382126
Orange,2018-11,2018,3.3,102060,267.08,39655.0,4896194.0,103.77,,,,382126
Orange,2018-12,2018,3.5,102196,267.44,39452.0,4904952.0,103.24,,,,382126
Orange,2019-01,2019,4.0,102353,265.89,39070.0,4843173.0,101.5,,,,384940
Orange,2019-02,2019,4.1,102420,266.07,38036.0,4667329.0,98.81,,,,384940
Orange,2019-03,2019,3.9,102604,266.55,38588.0,4982609.0,100.24,,,,384940
Orange,2019-04,2019,3.4,102543,266.39,38749.0,4849816.0,100.66,,,,384940
Orange,2019-05,2019,3.4,102731,266.88,39579.0,4938486.0,102.82,,,,384940
Orange,2019-06,2019,3.7,102794,267.04,39439.0,4786856.0,102.45,,,,384940
Orange,2019-07,2019,4.3,102938,267.41,39376.0,4777028.0,102.29,,,,384940
Orange,2019-08,2019,4.3,103333,268.44,39307.0,4774375.0,102.11,,,,384940
Orange,2019-09,2019,3.7,103246,268.21,38864.0,4703753.0,100.96,,,,384940
Orange,2019-10,2019,3.8,103395,268.6,38920.0,4833052.0,101.11,,,,384940
Orange,2019-11,2019,3.7,103463,268.78,38804.0,4792414.0,100.81,,,,384940
Orange,2019-12,2019,3.9,103426,268.68,38683.0,4751375.0,100.49,,,,384940
Orange,2020-01,2020,4.2,103944,259.23,38447.0,4688093.0,95.88,,,,400973
Orange,2020-02,2020,4.3,104162,259.77,38023.0,4651940.0,94.83,,,,400973
Orange,2020-03,2020,4.9,104313,260.15,37975.0,4716157.0,94.71,,,,400973
Orange,2020-04,2020,17.7,106328,265.17,39128.0,8260030.0,97.58,,,,400973
Orange,2020-05,2020,13.7,108164,269.75,38438.0,6443744.0,95.86,,,,400973
Orange,2020-06,2020,11.5,109769,273.76,40039.0,6718605.0,99.85,,,,400973
Orange,2020-07,2020,10.7,111320,277.62,39707.0,7115040.0,99.03,,,,400973
Orange,2020-08,2020,8.3,112547,280.68,39078.0,6587434.0,97.46,,,,400973
Orange,2020-09,2020,7.3,113752,283.69,38878.0,6227753.0,96.96,,,,400973
Orange,2020-10,2020,5.8,115085,287.01,38414.0,7233199.0,95.8,,,,400973
Orange,2020-11,2020,5.5,116270,289.97,38435.0,6968966.0,95.85,,,,400973
Orange,2020-12,2020,5.9,117757,293.68,37328.0,6698237.0,93.09,,,,400973
Orange,2021-01,2021,6.5,118895,293.47,35473.0,7264785.0,87.56,721.0,177.97,,405133
Orange,2021-02,2021,6.7,119442,294.82,34135.0,7167565.0,84.26,688.0,169.82,,405133
Orange,2021-03,2021,6.1,120320,296.99,34888.0,7537674.0,86.11,610.0,150.57,,405133
Orange,2021-04,2021,5.3,121312,299.44,35042.0,8226589.0,86.5,661.0,163.16,,405133
Orange,2021-05,2021,4.9,122022,301.19,37336.0,9110116.0,92.16,770.0,190.06,,405133
Orange,2021-06,2021,5.4,122902,303.36,38116.0,8754887.0,94.08,875.0,215.98,,405133
Orange,2021-07,2021,5.3,123893,305.81,37961.0,8736495.0,93.7,822.0,202.9,,405133
Orange,2021-08,2021,5.0,124738,307.89,38501.0,9863671.0,95.03,757.0,186.85,,405133
Orange,2021-09,2021,4.1,125663,310.18,38644.0,8640139.0,95.39,835.0,206.11,,405133
Orange,2021-10,2021,3.8,126900,313.23,38645.0,9255820.0,95.39,1004.0,247.82,,405133
Orange,2021-11,2021,3.4,127326,314.28,38902.0,9246243.0,96.02,943.0,232.76,,405133
Orange,2021-12,2021,3.1,128631,317.5,38888.0,9422170.0,95.99,837.0,206.6,,405133
Orange,2022-01,2022,3.9,129490,317.91,39355.0,9596787.0,96.62,926.0,227.34,,407314
Orange,2022-02,2022,4.1,130150,319.53,39244.0,9526929.0,96.35,770.0,189.04,,407314
Orange,2022-03,2022,3.7,130863,321.28,39832.0,9757059.0,97.79,734.0,180.2,,407314
Orange,2022-04,2022,3.2,131124,321.92,39948.0,9812046.0,98.08,761.0,186.83,,407314
Orange,2022-05,2022,3.2,131557,322.99,39938.0,9592590.0,98.05,934.0,229.31,,407314
Orange,2022-06,2022,3.4,132343,324.92,40101.0,9638716.0,98.45,1021.0,250.67,,407314
Orange,2022-07,2022,3.8,133207,327.04,39963.0,9563029.0,98.11,980.0,240.6,,407314
Orange,2022-08,2022,3.8,133872,328.67,39792.0,9557737.0,97.69,1060.0,260.24,,407314
Orange,2022-09,2022,3.1,134898,331.19,39737.0,9670750.0,97.56,927.0,227.59,,407314
Orange,2022-10,2022,2.9,135385,332.38,39594.0,10675865.0,97.21,1123.0,275.71,,407314
Orange,2022-11,2022,3.0,136098,334.14,39944.0,10950036.0,98.07,1207.0,296.33,,407314
Orange,2022-12,2022,3.0,137290,337.06,40024.0,11147130.0,98.26,1244.0,305.42,,407314
Orange,2023-01,2023,3.7,138630,337.97,41661.0,11593196.0,101.57,809.0,197.23,,410179
Orange,2023-02,2023,3.7,139377,339.8,42664.0,11522076.0,104.01,814.0,198.45,,410179
Orange,2023-03,2023,3.3,140598,342.77,43394.0,8353652.0,105.79,885.0,215.76,,410179
Orange,2023-04,2023,2.7,141423,344.78,43377.0,8034106.0,105.75,783.0,190.89,,410179
Orange,2023-05,2023,3.1,142318,346.97,42724.0,7911677.0,104.16,1050.0,255.99,,410179
Orange,2023-06,2023,3.3,143551,349.97,42668.0,7910139.0,104.02,974.0,237.46,,410179
Orange,2023-07,2023,3.5,142133,346.51,42250.0,7851706.0,103.0,1006.0,245.26,,410179
Orange,2023-08,2023,3.9,140647,342.89,42124.0,7800744.0,102.7,997.0,243.06,,410179
Orange,2023-09,2023,3.5,138857,338.53,41839.0,7718924.0,102.0,992.0,241.85,,410179
Orange,2023-10,2023,3.7,137414,335.01,42402.0,8256985.0,103.37,1101.0,268.42,,410179
Orange,2023-11,2023,3.5,135996,331.55,42280.0,8198863.0,103.08,1153.0,281.1,,410179
Orange,2023-12,2023,3.7,134197,327.17,42458.0,8246130.0,103.51,1033.0,251.84,,410179
Orange,2024-01,2024,4.1,132761,319.84,42996.0,8291742.0,103.58,1118.0,269.34,,415088
Orange,2024-02,2024,4.3,131400,316.56,43030.0,8233851.0,103.66,845.0,203.57,,415088
Orange,2024-03,2024,3.9,130221,313.72,43515.0,8407463.0,104.83,854.0,205.74,,415088
Orange,2024-04,2024,3.3,128383,309.29,43000.0,8277619.0,103.59,804.0,193.69,,415088
Orange,2024-05,2024,3.5,127287,306.65,43345.0,8265910.0,104.42,924.0,222.6,,415088
Orange,2024-06,2024,3.7,126023,303.61,43250.0,8224562.0,104.19,1020.0,245.73,,415088
Orange,2024-07,2024,4.1,126008,303.57,43363.0,8188627.0,104.47,917.0,220.92,,415088
Orange,2024-08,2024,4.0,125892,303.29,43791.0,8335213.0,105.5,941.0,226.7,,415088
Orange,2024-09,2024,3.3,125769,302.99,44068.0,8356154.0,106.17,953.0,229.59,,415088
Orange,2024-10,2024,3.4,126085,303.75,44885.0,8609830.0,108.13,1143.0,275.36,,415088
Orange,2024-11,2024,3.4,126027,303.62,44856.0,8550892.0,108.06,1186.0,285.72,,415088
Orange,2024-12,2024,3.4,126245,304.14,45479.0,8678112.0,109.56,1272.0,306.44,,415088
Orange,2025-01,2025,4.1,126409,302.65,45530.0,8594551.0,109.01,,,,417669
Orange,2025-02,2025,4.4,126442,302.73,45549.0,8576147.0,109.06,,,,417669
Orange,2025-03,2025,3.9,126731,303.42,45401.0,8618149.0,108.7,,,,417669
Orange,2025-04,2025,3.1,126922,303.88,45578.0,8617485.0,109.12,,,,417669
Orange,2025-05,2025,3.2,127035,304.15,44929.0,8444311.0,107.57,,,,417669
Orange,2025-06,2025,3.5,127194,304.53,44821.0,8420420.0,107.31,,,,417669
Orange,2025-07,2025,4.0,127645,305.61,44578.0,8390354.0,106.73,,,,417669
Orange,2025-08,2025,4.3,127594,305.49,44326.0,8331145.0,106.13,,,,417669
Orange,2025-09,2025,4.2,127672,305.68,44360.0,8284005.0,106.21,,,,417669
Orange,2025-10,2025,,127765,305.9,44712.0,8670850.0,107.05,,,,417669
Orange,2025-11,2025,3.8,128704,308.15,43929.0,8403272.0,105.18,,,,417669
Orange,2025-12,2025,3.6,129000,308.86,43762.0,8318260.0,104.78,,,,417669
Orleans,2018-01,2018,6.4,10879,267.59,5910.0,683173.0,145.37,,,,40655
Orleans,2018-02,2018,6.6,10911,268.38,5868.0,678069.0,144.34,,,,40655
Orleans,2018-03,2018,5.8,10936,269.0,5928.0,684857.0,145.81,,,,40655
Orleans,2018-04,2018,4.9,10977,270.0,5778.0,670010.0,142.12,,,,40655
Orleans,2018-05,2018,4.0,10963,269.66,5767.0,669978.0,141.85,,,,40655
Orleans,2018-06,2018,4.4,10963,269.66,5719.0,666471.0,140.67,,,,40655
Orleans,2018-07,2018,4.6,10933,268.92,5686.0,672697.0,139.86,,,,40655
Orleans,2018-08,2018,4.4,10948,269.29,5675.0,671469.0,139.59,,,,40655
Orleans,2018-09,2018,3.3,10833,266.46,5607.0,662728.0,137.92,,,,40655
Orleans,2018-10,2018,3.4,10811,265.92,5606.0,671118.0,137.89,,,,40655
Orleans,2018-11,2018,3.5,10807,265.82,5583.0,668637.0,137.33,,,,40655
Orleans,2018-12,2018,4.5,10747,264.35,5595.0,664967.0,137.62,,,,40655
Orleans,2019-01,2019,5.0,10690,264.92,5611.0,665163.0,139.05,,,,40352
Orleans,2019-02,2019,5.0,10635,263.56,5522.0,647300.0,136.85,,,,40352
Orleans,2019-03,2019,4.8,10560,261.7,5414.0,630521.0,134.17,,,,40352
Orleans,2019-04,2019,3.8,10603,262.76,5236.0,614472.0,129.76,,,,40352
Orleans,2019-05,2019,3.6,10705,265.29,5229.0,615088.0,129.58,,,,40352
Orleans,2019-06,2019,3.8,10702,265.22,5172.0,603146.0,128.17,,,,40352
Orleans,2019-07,2019,4.7,10689,264.89,5135.0,607018.0,127.26,,,,40352
Orleans,2019-08,2019,4.8,10645,263.8,5133.0,617640.0,127.21,,,,40352
Orleans,2019-09,2019,3.6,10640,263.68,5114.0,608990.0,126.73,,,,40352
Orleans,2019-10,2019,3.8,10668,264.37,5202.0,635883.0,128.92,,,,40352
Orleans,2019-11,2019,4.1,10674,264.52,5185.0,628451.0,128.49,,,,40352
Orleans,2019-12,2019,4.9,10606,262.84,5144.0,626413.0,127.48,,,,40352
Orleans,2020-01,2020,5.5,10679,266.66,5158.0,626114.0,128.8,,,,40047
Orleans,2020-02,2020,5.4,10696,267.09,5126.0,615948.0,128.0,,,,40047
Orleans,2020-03,2020,6.0,10702,267.24,5145.0,616452.0,128.47,,,,40047
Orleans,2020-04,2020,16.9,10785,269.31,5335.0,1218458.0,133.22,,,,40047
Orleans,2020-05,2020,12.5,10918,272.63,5418.0,967580.0,135.29,,,,40047
Orleans,2020-06,2020,9.2,10981,274.2,5248.0,880011.0,131.05,,,,40047
Orleans,2020-07,2020,9.1,11086,276.82,5156.0,946107.0,128.75,,,,40047
Orleans,2020-08,2020,7.2,11170,278.92,5154.0,900571.0,128.7,,,,40047
Orleans,2020-09,2020,5.8,11285,281.79,5160.0,830195.0,128.85,,,,40047
Orleans,2020-10,2020,5.0,11376,284.07,5223.0,1056836.0,130.42,,,,40047
Orleans,2020-11,2020,5.0,11492,286.96,5173.0,966816.0,129.17,,,,40047
Orleans,2020-12,2020,5.9,11612,289.96,5207.0,971198.0,130.02,,,,40047
Orleans,2021-01,2021,6.7,11713,294.42,5249.0,1114126.0,131.94,52.0,130.71,,39783
Orleans,2021-02,2021,6.9,11763,295.68,5320.0,1131739.0,133.73,49.0,123.17,,39783
Orleans,2021-03,2021,6.7,11829,297.34,5324.0,1132524.0,133.83,33.0,82.95,,39783
Orleans,2021-04,2021,5.5,11886,298.77,5262.0,1239752.0,132.27,40.0,100.55,,39783
Orleans,2021-05,2021,5.0,11896,299.02,5200.0,1234251.0,130.71,34.0,85.46,,39783
Orleans,2021-06,2021,5.4,11970,300.88,5149.0,1217700.0,129.43,59.0,148.3,,39783
Orleans,2021-07,2021,5.4,12027,302.32,5062.0,1201208.0,127.24,51.0,128.2,,39783
Orleans,2021-08,2021,5.1,12056,303.04,5051.0,1204564.0,126.96,74.0,186.01,,39783
Orleans,2021-09,2021,3.8,12106,304.3,5039.0,1211825.0,126.66,57.0,143.28,,39783
Orleans,2021-10,2021,3.5,12150,305.41,5122.0,1308031.0,128.75,69.0,173.44,,39783
Orleans,2021-11,2021,3.3,12214,307.02,5189.0,1330409.0,130.43,69.0,173.44,,39783
Orleans,2021-12,2021,3.3,12321,309.71,5202.0,1343696.0,130.76,66.0,165.9,,39783
Orleans,2022-01,2022,4.3,12401,313.87,5328.0,1359842.0,134.85,61.0,154.39,,39510
Orleans,2022-02,2022,4.7,12445,314.98,5374.0,1366163.0,136.02,61.0,154.39,,39510
Orleans,2022-03,2022,4.2,12519,316.86,5416.0,1372266.0,137.08,48.0,121.49,,39510
Orleans,2022-04,2022,3.4,12515,316.76,5444.0,1377787.0,137.79,38.0,96.18,,39510
Orleans,2022-05,2022,3.2,12583,318.48,5451.0,1376758.0,137.97,49.0,124.02,,39510
Orleans,2022-06,2022,3.6,12653,320.25,5415.0,1363922.0,137.05,48.0,121.49,,39510
Orleans,2022-07,2022,4.0,12714,321.79,5340.0,1354899.0,135.16,49.0,124.02,,39510
Orleans,2022-08,2022,4.1,12774,323.31,5298.0,1336783.0,134.09,30.0,75.93,,39510
Orleans,2022-09,2022,3.0,12867,325.66,5264.0,1343040.0,133.23,55.0,139.21,,39510
Orleans,2022-10,2022,2.8,12907,326.68,5292.0,1515170.0,133.94,59.0,149.33,,39510
Orleans,2022-11,2022,3.1,12938,327.46,5274.0,1510174.0,133.49,60.0,151.86,,39510
Orleans,2022-12,2022,3.5,13002,329.08,5298.0,1512148.0,134.09,78.0,197.42,,39510
Orleans,2023-01,2023,4.4,13086,330.73,5317.0,1505187.0,134.38,54.0,136.48,,39567
Orleans,2023-02,2023,4.3,13143,332.17,5343.0,1507397.0,135.04,52.0,131.42,,39567
Orleans,2023-03,2023,4.0,13217,334.04,5342.0,940468.0,135.01,71.0,179.44,,39567
Orleans,2023-04,2023,3.0,13317,336.57,5291.0,920817.0,133.72,38.0,96.04,,39567
Orleans,2023-05,2023,3.1,13366,337.81,5240.0,903960.0,132.43,55.0,139.0,,39567
Orleans,2023-06,2023,3.2,13461,340.21,5241.0,905472.0,132.46,67.0,169.33,,39567
Orleans,2023-07,2023,3.7,13374,338.01,5175.0,907843.0,130.79,66.0,166.81,,39567
Orleans,2023-08,2023,4.0,13230,334.37,5106.0,902023.0,129.05,46.0,116.26,,39567
Orleans,2023-09,2023,3.2,13110,331.34,5096.0,903878.0,128.79,49.0,123.84,,39567
Orleans,2023-10,2023,3.3,12915,326.41,5125.0,957089.0,129.53,61.0,154.17,,39567
Orleans,2023-11,2023,3.5,12776,322.9,5188.0,943923.0,131.12,80.0,202.19,,39567
Orleans,2023-12,2023,4.1,12507,316.1,5285.0,962301.0,133.57,64.0,161.75,,39567
Orleans,2024-01,2024,5.0,12224,306.47,5320.0,945878.0,133.38,69.0,172.99,,39886
Orleans,2024-02,2024,5.0,12047,302.04,5297.0,934311.0,132.8,45.0,112.82,,39886
Orleans,2024-03,2024,4.5,11866,297.5,5374.0,950207.0,134.73,44.0,110.31,,39886
Orleans,2024-04,2024,3.5,11543,289.4,5290.0,937482.0,132.63,45.0,112.82,,39886
Orleans,2024-05,2024,3.1,11338,284.26,5266.0,938834.0,132.03,53.0,132.88,,39886
Orleans,2024-06,2024,3.5,11156,279.7,5218.0,934030.0,130.82,49.0,122.85,,39886
Orleans,2024-07,2024,4.0,11137,279.22,5218.0,936102.0,130.82,47.0,117.84,,39886
Orleans,2024-08,2024,4.0,11096,278.19,5230.0,935913.0,131.12,48.0,120.34,,39886
Orleans,2024-09,2024,3.0,11036,276.69,5190.0,926212.0,130.12,50.0,125.36,,39886
Orleans,2024-10,2024,3.2,11025,276.41,5202.0,943768.0,130.42,73.0,183.02,,39886
Orleans,2024-11,2024,3.4,11001,275.81,5295.0,956099.0,132.75,73.0,183.02,,39886
Orleans,2024-12,2024,3.9,10906,273.43,5224.0,949315.0,130.97,71.0,178.01,,39886
Orleans,2025-01,2025,5.1,10942,274.75,5292.0,932774.0,132.88,,,,39825
Orleans,2025-02,2025,5.3,10965,275.33,5274.0,930820.0,132.43,,,,39825
Orleans,2025-03,2025,4.6,11021,276.74,5301.0,937606.0,133.11,,,,39825
Orleans,2025-04,2025,3.4,11022,276.76,5297.0,934632.0,133.01,,,,39825
Orleans,2025-05,2025,3.1,10980,275.71,5274.0,933167.0,132.43,,,,39825
Orleans,2025-06,2025,3.3,10995,276.08,5216.0,918650.0,130.97,,,,39825
Orleans,2025-07,2025,3.9,11074,278.07,5146.0,914923.0,129.22,,,,39825
Orleans,2025-08,2025,4.2,11086,278.37,5081.0,907284.0,127.58,,,,39825
Orleans,2025-09,2025,3.7,11091,278.49,4984.0,887350.0,125.15,,,,39825
Orleans,2025-10,2025,,11159,280.2,4934.0,904961.0,123.89,,,,39825
Orleans,2025-11,2025,4.0,11197,281.16,4818.0,885904.0,120.98,,,,39825
Orleans,2025-12,2025,4.3,11282,283.29,4827.0,893734.0,121.21,,,,39825
Oswego,2018-01,2018,7.4,33043,281.18,19251.0,2296949.0,163.82,,,,117515
Oswego,2018-02,2018,7.4,32995,280.77,19130.0,2266652.0,162.79,,,,117515
Oswego,2018-03,2018,6.6,33039,281.15,19310.0,2296006.0,164.32,,,,117515
Oswego,2018-04,2018,5.3,32976,280.61,18946.0,2237427.0,161.22,,,,117515
Oswego,2018-05,2018,4.5,33003,280.84,18700.0,2224982.0,159.13,,,,117515
Oswego,2018-06,2018,5.1,32982,280.66,18336.0,2174417.0,156.03,,,,117515
Oswego,2018-07,2018,5.0,32887,279.85,18002.0,2152307.0,153.19,,,,117515
Oswego,2018-08,2018,4.6,32852,279.56,18132.0,2178384.0,154.3,,,,117515
Oswego,2018-09,2018,3.9,32773,278.88,17941.0,2139011.0,152.67,,,,117515
Oswego,2018-10,2018,4.0,32728,278.5,17931.0,2165633.0,152.58,,,,117515
Oswego,2018-11,2018,4.3,32618,277.56,18012.0,2158914.0,153.27,,,,117515
Oswego,2018-12,2018,5.3,32651,277.85,18154.0,2183633.0,154.48,,,,117515
Oswego,2019-01,2019,6.4,32795,280.0,18428.0,2191431.0,157.34,,,,117124
Oswego,2019-02,2019,6.2,32806,280.1,18373.0,2180402.0,156.87,,,,117124
Oswego,2019-03,2019,5.7,32722,279.38,18348.0,2180608.0,156.65,,,,117124
Oswego,2019-04,2019,4.7,32669,278.93,18105.0,2137663.0,154.58,,,,117124
Oswego,2019-05,2019,4.5,32610,278.42,17821.0,2101799.0,152.15,,,,117124
Oswego,2019-06,2019,4.7,32653,278.79,17617.0,2085177.0,150.41,,,,117124
Oswego,2019-07,2019,5.1,32566,278.05,17357.0,2054828.0,148.19,,,,117124
Oswego,2019-08,2019,4.9,32605,278.38,17385.0,2064290.0,148.43,,,,117124
Oswego,2019-09,2019,4.4,32509,277.56,17439.0,2065975.0,148.89,,,,117124
Oswego,2019-10,2019,4.4,32476,277.28,17323.0,2073642.0,147.9,,,,117124
Oswego,2019-11,2019,4.8,32477,277.29,17365.0,2077021.0,148.26,,,,117124
Oswego,2019-12,2019,5.6,32433,276.91,17622.0,2100853.0,150.46,,,,117124
Oswego,2020-01,2020,6.5,32541,277.09,17648.0,2085580.0,150.28,,,,117437
Oswego,2020-02,2020,6.4,32523,276.94,17771.0,2105299.0,151.32,,,,117437
Oswego,2020-03,2020,7.0,32512,276.85,17620.0,2086001.0,150.04,,,,117437
Oswego,2020-04,2020,18.3,32890,280.07,18137.0,4129166.0,154.44,,,,117437
Oswego,2020-05,2020,13.5,33215,282.83,18110.0,3204744.0,154.21,,,,117437
Oswego,2020-06,2020,9.9,33521,285.44,17366.0,2904202.0,147.88,,,,117437
Oswego,2020-07,2020,9.4,33869,288.4,16238.0,2983942.0,138.27,,,,117437
Oswego,2020-08,2020,7.2,34221,291.4,16231.0,2846462.0,138.21,,,,117437
Oswego,2020-09,2020,6.3,34518,293.93,16518.0,2715022.0,140.65,,,,117437
Oswego,2020-10,2020,5.4,34802,296.35,16936.0,3416043.0,144.21,,,,117437
Oswego,2020-11,2020,5.5,35064,298.58,16930.0,3159629.0,144.16,,,,117437
Oswego,2020-12,2020,6.4,35441,301.79,17443.0,3289674.0,148.53,,,,117437
Oswego,2021-01,2021,7.3,35751,302.83,17549.0,3743911.0,148.65,255.0,216.0,,118057
Oswego,2021-02,2021,7.4,35887,303.98,17604.0,3770370.0,149.11,185.0,156.7,,118057
Oswego,2021-03,2021,6.9,36103,305.81,17709.0,3761623.0,150.0,185.0,156.7,,118057
Oswego,2021-04,2021,5.8,36398,308.31,17543.0,4085952.0,148.6,170.0,144.0,,118057
Oswego,2021-05,2021,5.3,36544,309.55,17462.0,4094246.0,147.91,196.0,166.02,,118057
Oswego,2021-06,2021,5.8,36735,311.16,17358.0,4050430.0,147.03,188.0,159.25,,118057
Oswego,2021-07,2021,5.6,36881,312.4,17287.0,4058087.0,146.43,196.0,166.02,,118057
Oswego,2021-08,2021,5.1,36992,313.34,17209.0,4057032.0,145.77,178.0,150.77,,118057
Oswego,2021-09,2021,4.3,37225,315.31,17283.0,4076497.0,146.4,223.0,188.89,,118057
Oswego,2021-10,2021,3.9,37331,316.21,17545.0,4438509.0,148.61,250.0,211.76,,118057
Oswego,2021-11,2021,3.7,37520,317.81,17861.0,4480189.0,151.29,265.0,224.47,,118057
Oswego,2021-12,2021,3.7,37792,320.12,18314.0,4701203.0,155.13,271.0,229.55,,118057
Oswego,2022-01,2022,4.9,37982,321.47,18529.0,4675854.0,156.83,293.0,247.99,,118150
Oswego,2022-02,2022,5.1,38117,322.62,18559.0,4687778.0,157.08,243.0,205.67,,118150
Oswego,2022-03,2022,4.4,38267,323.88,18723.0,4739470.0,158.47,195.0,165.04,,118150
Oswego,2022-04,2022,3.8,38342,324.52,18642.0,4693627.0,157.78,169.0,143.04,,118150
Oswego,2022-05,2022,3.6,38480,325.69,18554.0,4655183.0,157.04,190.0,160.81,,118150
Oswego,2022-06,2022,3.9,38629,326.95,18424.0,4610856.0,155.94,227.0,192.13,,118150
Oswego,2022-07,2022,4.2,38760,328.06,18151.0,4552170.0,153.63,217.0,183.66,,118150
Oswego,2022-08,2022,4.2,38900,329.24,18172.0,4570733.0,153.8,184.0,155.73,,118150
Oswego,2022-09,2022,3.4,39172,331.54,18084.0,4569509.0,153.06,202.0,170.97,,118150
Oswego,2022-10,2022,3.2,39231,332.04,18266.0,5196649.0,154.6,249.0,210.75,,118150
Oswego,2022-11,2022,3.6,39321,332.81,18296.0,5192973.0,154.85,307.0,259.84,,118150
Oswego,2022-12,2022,4.1,39529,334.57,18436.0,5254382.0,156.04,322.0,272.53,,118150
Oswego,2023-01,2023,5.0,39848,337.87,18561.0,5288725.0,157.38,239.0,202.65,,117939
Oswego,2023-02,2023,4.8,39976,338.95,18436.0,5199179.0,156.32,192.0,162.8,,117939
Oswego,2023-03,2023,4.3,40287,341.59,18346.0,3351688.0,155.55,219.0,185.69,,117939
Oswego,2023-04,2023,3.2,40464,343.09,18213.0,3240692.0,154.43,155.0,131.42,,117939
Oswego,2023-05,2023,3.6,40561,343.92,17826.0,3159418.0,151.15,206.0,174.67,,117939
Oswego,2023-06,2023,3.8,40790,345.86,17597.0,3120087.0,149.2,217.0,183.99,,117939
Oswego,2023-07,2023,3.9,40376,342.35,17361.0,3094456.0,147.2,211.0,178.91,,117939
Oswego,2023-08,2023,4.1,39917,338.45,17339.0,3095297.0,147.02,214.0,181.45,,117939
Oswego,2023-09,2023,3.6,39380,333.9,17271.0,3091330.0,146.44,206.0,174.67,,117939
Oswego,2023-10,2023,3.7,38793,328.92,17401.0,3310641.0,147.54,207.0,175.51,,117939
Oswego,2023-11,2023,3.9,38156,323.52,17631.0,3296212.0,149.49,280.0,237.41,,117939
Oswego,2023-12,2023,4.6,37310,316.35,17857.0,3313849.0,151.41,263.0,223.0,,117939
Oswego,2024-01,2024,5.3,36726,310.76,17905.0,3292451.0,151.5,286.0,242.0,,118182
Oswego,2024-02,2024,5.3,36133,305.74,17936.0,3271180.0,151.77,247.0,209.0,,118182
Oswego,2024-03,2024,4.7,35753,302.52,17975.0,3277518.0,152.1,229.0,193.77,,118182
Oswego,2024-04,2024,4.0,35133,297.28,17763.0,3240410.0,150.3,174.0,147.23,,118182
Oswego,2024-05,2024,3.8,34516,292.06,17785.0,3279709.0,150.49,179.0,151.46,,118182
Oswego,2024-06,2024,3.9,34021,287.87,17590.0,3223487.0,148.84,218.0,184.46,,118182
Oswego,2024-07,2024,4.2,33889,286.75,17514.0,3218719.0,148.2,197.0,166.69,,118182
Oswego,2024-08,2024,4.1,33759,285.65,17390.0,3192343.0,147.15,182.0,154.0,,118182
Oswego,2024-09,2024,3.3,33621,284.48,17327.0,3169435.0,146.61,219.0,185.31,,118182
Oswego,2024-10,2024,3.4,33546,283.85,17358.0,3250305.0,146.88,286.0,242.0,,118182
Oswego,2024-11,2024,3.7,33503,283.49,17241.0,3212770.0,145.89,270.0,228.46,,118182
Oswego,2024-12,2024,4.1,33450,283.04,17197.0,3199914.0,145.51,313.0,264.85,,118182
Oswego,2025-01,2025,5.2,33314,280.97,17156.0,3166664.0,144.69,,,,118569
Oswego,2025-02,2025,5.4,33189,279.91,17198.0,3168920.0,145.05,,,,118569
Oswego,2025-03,2025,4.6,33156,279.63,17214.0,3174331.0,145.18,,,,118569
Oswego,2025-04,2025,3.5,33115,279.29,17190.0,3160126.0,144.98,,,,118569
Oswego,2025-05,2025,3.2,33051,278.75,17134.0,3151638.0,144.51,,,,118569
Oswego,2025-06,2025,3.6,33091,279.09,16913.0,3108480.0,142.64,,,,118569
Oswego,2025-07,2025,4.1,33137,279.47,16671.0,3063372.0,140.6,,,,118569
Oswego,2025-08,2025,4.3,33193,279.95,16545.0,3043155.0,139.54,,,,118569
Oswego,2025-09,2025,4.2,33232,280.28,16352.0,3000102.0,137.91,,,,118569
Oswego,2025-10,2025,,33288,280.75,16536.0,3144538.0,139.46,,,,118569
Oswego,2025-11,2025,4.2,33542,282.89,16358.0,3079762.0,137.96,,,,118569
Oswego,2025-12,2025,4.5,33575,283.17,16328.0,3074562.0,137.71,,,,118569
Otsego,2018-01,2018,6.1,13055,218.27,5999.0,670728.0,100.3,,,,59810
Otsego,2018-02,2018,6.0,13021,217.71,6053.0,677125.0,101.2,,,,59810
Otsego,2018-03,2018,5.3,13040,218.02,6094.0,676129.0,101.89,,,,59810
Otsego,2018-04,2018,4.6,13085,218.78,5974.0,668903.0,99.88,,,,59810
Otsego,2018-05,2018,3.7,13056,218.29,5872.0,660068.0,98.18,,,,59810
Otsego,2018-06,2018,4.3,12992,217.22,5713.0,651650.0,95.52,,,,59810
Otsego,2018-07,2018,4.2,12909,215.83,5655.0,645305.0,94.55,,,,59810
Otsego,2018-08,2018,3.8,12809,214.16,5575.0,639495.0,93.21,,,,59810
Otsego,2018-09,2018,3.3,12751,213.19,5466.0,627029.0,91.39,,,,59810
Otsego,2018-10,2018,3.3,12748,213.14,5453.0,639001.0,91.17,,,,59810
Otsego,2018-11,2018,3.4,12768,213.48,5439.0,629158.0,90.94,,,,59810
Otsego,2018-12,2018,4.1,12711,212.52,5562.0,636024.0,92.99,,,,59810
Otsego,2019-01,2019,5.4,12763,214.53,5539.0,629289.0,93.1,,,,59493
Otsego,2019-02,2019,5.1,12711,213.66,5551.0,628461.0,93.31,,,,59493
Otsego,2019-03,2019,4.6,12697,213.42,5591.0,634487.0,93.98,,,,59493
Otsego,2019-04,2019,3.6,12630,212.29,5493.0,623692.0,92.33,,,,59493
Otsego,2019-05,2019,3.3,12594,211.69,5450.0,619635.0,91.61,,,,59493
Otsego,2019-06,2019,3.7,12523,210.5,5322.0,597612.0,89.46,,,,59493
Otsego,2019-07,2019,4.3,12502,210.14,5265.0,594440.0,88.5,,,,59493
Otsego,2019-08,2019,3.9,12465,209.52,5183.0,584310.0,87.12,,,,59493
Otsego,2019-09,2019,3.4,12447,209.22,5151.0,580853.0,86.58,,,,59493
Otsego,2019-10,2019,3.6,12444,209.17,5104.0,590366.0,85.79,,,,59493
Otsego,2019-11,2019,3.8,12349,207.57,5184.0,596590.0,87.14,,,,59493
Otsego,2019-12,2019,4.5,12340,207.42,5198.0,595310.0,87.37,,,,59493
Otsego,2020-01,2020,5.5,12435,212.97,5209.0,591214.0,89.21,,,,58389
Otsego,2020-02,2020,5.3,12476,213.67,5261.0,592843.0,90.1,,,,58389
Otsego,2020-03,2020,6.1,12454,213.29,5253.0,591519.0,89.97,,,,58389
Otsego,2020-04,2020,13.8,12671,217.01,5313.0,1271409.0,90.99,,,,58389
Otsego,2020-05,2020,10.1,12831,219.75,5274.0,952867.0,90.33,,,,58389
Otsego,2020-06,2020,8.4,12974,222.2,4996.0,826224.0,85.56,,,,58389
Otsego,2020-07,2020,8.3,13171,225.57,4616.0,888018.0,79.06,,,,58389
Otsego,2020-08,2020,6.4,13315,228.04,4616.0,823537.0,79.06,,,,58389
Otsego,2020-09,2020,5.5,13460,230.52,4855.0,783392.0,83.15,,,,58389
Otsego,2020-10,2020,4.9,13600,232.92,5038.0,985760.0,86.28,,,,58389
Otsego,2020-11,2020,4.9,13755,235.58,5038.0,1023033.0,86.28,,,,58389
Otsego,2020-12,2020,5.7,13918,238.37,5208.0,982378.0,89.19,,,,58389
Otsego,2021-01,2021,6.6,14022,230.86,5224.0,1117345.0,86.01,154.0,253.55,,60737
Otsego,2021-02,2021,6.6,14118,232.44,5218.0,1130719.0,85.91,109.0,179.46,,60737
Otsego,2021-03,2021,6.2,14235,234.37,5229.0,1122956.0,86.09,112.0,184.4,,60737
Otsego,2021-04,2021,4.9,14277,235.06,5209.0,1244870.0,85.76,97.0,159.7,,60737
Otsego,2021-05,2021,4.3,14327,235.89,5234.0,1263776.0,86.17,114.0,187.69,,60737
Otsego,2021-06,2021,4.9,14406,237.19,5168.0,1229165.0,85.09,108.0,177.82,,60737
Otsego,2021-07,2021,5.0,14439,237.73,5087.0,1216184.0,83.75,100.0,164.64,,60737
Otsego,2021-08,2021,4.6,14499,238.72,5032.0,1215477.0,82.85,116.0,190.99,,60737
Otsego,2021-09,2021,3.6,14595,240.3,5067.0,1218499.0,83.43,127.0,209.1,,60737
Otsego,2021-10,2021,3.5,14677,241.65,5213.0,1357518.0,85.83,147.0,242.03,,60737
Otsego,2021-11,2021,3.2,14727,242.47,5378.0,1394714.0,88.55,200.0,329.29,,60737
Otsego,2021-12,2021,3.2,14824,244.07,5601.0,1448322.0,92.22,107.0,176.17,,60737
Otsego,2022-01,2022,4.6,14880,246.17,5663.0,1460995.0,93.69,129.0,213.41,,60447
Otsego,2022-02,2022,4.8,14913,246.71,5735.0,1491531.0,94.88,133.0,220.03,,60447
Otsego,2022-03,2022,4.2,15040,248.81,5878.0,1528324.0,97.24,129.0,213.41,,60447
Otsego,2022-04,2022,3.2,15105,249.89,5960.0,1546004.0,98.6,105.0,173.71,,60447
Otsego,2022-05,2022,3.0,15126,250.24,5942.0,1540626.0,98.3,107.0,177.01,,60447
Otsego,2022-06,2022,3.5,15132,250.34,5877.0,1509475.0,97.23,124.0,205.14,,60447
Otsego,2022-07,2022,4.0,15151,250.65,5853.0,1502781.0,96.83,97.0,160.47,,60447
Otsego,2022-08,2022,3.9,15198,251.43,5794.0,1489645.0,95.85,120.0,198.52,,60447
Otsego,2022-09,2022,3.1,15287,252.9,5967.0,1588843.0,98.71,127.0,210.1,,60447
Otsego,2022-10,2022,3.0,15371,254.29,6120.0,1769082.0,101.25,174.0,287.86,,60447
Otsego,2022-11,2022,3.3,15417,255.05,6022.0,1759502.0,99.62,184.0,304.4,,60447
Otsego,2022-12,2022,3.9,15466,255.86,6028.0,1771787.0,99.72,205.0,339.14,,60447
Otsego,2023-01,2023,5.2,15575,257.09,6189.0,1816708.0,102.16,161.0,265.76,,60581
Otsego,2023-02,2023,4.8,15611,257.69,6272.0,1817306.0,103.53,119.0,196.43,,60581
Otsego,2023-03,2023,4.2,15710,259.32,6442.0,1212871.0,106.34,141.0,232.75,,60581
Otsego,2023-04,2023,3.1,15784,260.54,6478.0,1175254.0,106.93,98.0,161.77,,60581
Otsego,2023-05,2023,3.2,15811,260.99,6342.0,1134794.0,104.69,130.0,214.59,,60581
Otsego,2023-06,2023,3.6,15921,262.81,6260.0,1109276.0,103.33,110.0,181.58,,60581
Otsego,2023-07,2023,3.8,15730,259.65,6122.0,1077300.0,101.05,139.0,229.44,,60581
Otsego,2023-08,2023,4.1,15552,256.71,6059.0,1083560.0,100.01,109.0,179.92,,60581
Otsego,2023-09,2023,3.4,15380,253.87,6036.0,1079765.0,99.64,130.0,214.59,,60581
Otsego,2023-10,2023,3.7,15164,250.31,6095.0,1133872.0,100.61,166.0,274.01,,60581
Otsego,2023-11,2023,3.8,14956,246.88,6079.0,1118564.0,100.34,183.0,302.07,,60581
Otsego,2023-12,2023,4.7,14672,242.19,6185.0,1149074.0,102.09,155.0,255.86,,60581
Otsego,2024-01,2024,5.5,14511,239.32,6184.0,1125602.0,101.99,167.0,275.42,,60634
Otsego,2024-02,2024,5.3,14326,236.27,6428.0,1192111.0,106.01,124.0,204.51,,60634
Otsego,2024-03,2024,4.7,14127,232.99,6495.0,1170036.0,107.12,109.0,179.77,,60634
Otsego,2024-04,2024,3.7,13954,230.13,6559.0,1183950.0,108.17,95.0,156.68,,60634
Otsego,2024-05,2024,3.6,13768,227.07,6614.0,1187232.0,109.08,114.0,188.01,,60634
Otsego,2024-06,2024,4.0,13536,223.24,6528.0,1155600.0,107.66,108.0,178.12,,60634
Otsego,2024-07,2024,4.4,13401,221.01,6587.0,1172677.0,108.64,109.0,179.77,,60634
Otsego,2024-08,2024,4.2,13337,219.96,6562.0,1172591.0,108.22,108.0,178.12,,60634
Otsego,2024-09,2024,3.2,13289,219.17,6537.0,1168833.0,107.81,109.0,179.77,,60634
Otsego,2024-10,2024,3.2,13214,217.93,6566.0,1207190.0,108.29,151.0,249.04,,60634
Otsego,2024-11,2024,3.6,13170,217.2,6541.0,1191408.0,107.88,181.0,298.51,,60634
Otsego,2024-12,2024,4.1,13158,217.01,6697.0,1229549.0,110.45,196.0,323.25,,60634
Otsego,2025-01,2025,5.3,13200,217.86,6634.0,1194318.0,109.49,,,,60589
Otsego,2025-02,2025,5.4,13145,216.95,6788.0,1224679.0,112.03,,,,60589
Otsego,2025-03,2025,4.8,13194,217.76,6821.0,1216988.0,112.58,,,,60589
Otsego,2025-04,2025,3.5,13225,218.27,6774.0,1210396.0,111.8,,,,60589
Otsego,2025-05,2025,3.1,13117,216.49,6749.0,1210969.0,111.39,,,,60589
Otsego,2025-06,2025,3.5,13142,216.9,6654.0,1198263.0,109.82,,,,60589
Otsego,2025-07,2025,4.2,13186,217.63,6616.0,1192691.0,109.19,,,,60589
Otsego,2025-08,2025,4.4,13154,217.1,6464.0,1173538.0,106.69,,,,60589
Otsego,2025-09,2025,4.3,13141,216.89,6430.0,1167232.0,106.12,,,,60589
Otsego,2025-10,2025,,13158,217.17,6429.0,1217035.0,106.11,,,,60589
Otsego,2025-11,2025,4.2,13258,218.82,6329.0,1189311.0,104.46,,,,60589
Otsego,2025-12,2025,4.6,13297,219.46,6287.0,1185389.0,103.76,,,,60589
Putnam,2018-01,2018,4.5,13135,132.93,2377.0,289255.0,24.06,,,,98814
Putnam,2018-02,2018,4.7,13177,133.35,2366.0,284817.0,23.94,,,,98814
Putnam,2018-03,2018,4.1,13211,133.7,2366.0,289549.0,23.94,,,,98814
Putnam,2018-04,2018,3.6,13220,133.79,2334.0,283854.0,23.62,,,,98814
Putnam,2018-05,2018,3.4,13260,134.19,2302.0,284411.0,23.3,,,,98814
Putnam,2018-06,2018,3.7,13334,134.94,2270.0,274360.0,22.97,,,,98814
Putnam,2018-07,2018,3.8,13383,135.44,2226.0,271537.0,22.53,,,,98814
Putnam,2018-08,2018,3.8,13403,135.64,2172.0,272518.0,21.98,,,,98814
Putnam,2018-09,2018,3.3,13350,135.1,2165.0,271548.0,21.91,,,,98814
Putnam,2018-10,2018,3.2,13321,134.81,2155.0,269220.0,21.81,,,,98814
Putnam,2018-11,2018,3.1,13351,135.11,2137.0,262455.0,21.63,,,,98814
Putnam,2018-12,2018,3.4,13380,135.41,2141.0,266697.0,21.67,,,,98814
Putnam,2019-01,2019,3.8,13417,136.46,2116.0,257609.0,21.52,,,,98320
Putnam,2019-02,2019,3.9,13375,136.04,2109.0,259468.0,21.45,,,,98320
Putnam,2019-03,2019,3.6,13382,136.11,2123.0,259555.0,21.59,,,,98320
Putnam,2019-04,2019,3.1,13393,136.22,2168.0,266988.0,22.05,,,,98320
Putnam,2019-05,2019,3.2,13510,137.41,2136.0,261364.0,21.72,,,,98320
Putnam,2019-06,2019,3.4,13605,138.37,2112.0,257753.0,21.48,,,,98320
Putnam,2019-07,2019,3.8,13608,138.41,2111.0,261687.0,21.47,,,,98320
Putnam,2019-08,2019,3.9,13591,138.23,2102.0,263449.0,21.38,,,,98320
Putnam,2019-09,2019,3.4,13565,137.97,2066.0,255356.0,21.01,,,,98320
Putnam,2019-10,2019,3.5,13528,137.59,2039.0,262347.0,20.74,,,,98320
Putnam,2019-11,2019,3.5,13539,137.7,2032.0,261096.0,20.67,,,,98320
Putnam,2019-12,2019,3.6,13545,137.76,2085.0,265447.0,21.21,,,,98320
Putnam,2020-01,2020,3.9,13583,139.12,2092.0,261861.0,21.43,,,,97636
Putnam,2020-02,2020,4.0,13643,139.73,2108.0,263084.0,21.59,,,,97636
Putnam,2020-03,2020,4.6,13641,139.71,2114.0,263166.0,21.65,,,,97636
Putnam,2020-04,2020,16.2,14060,144.0,2322.0,537184.0,23.78,,,,97636
Putnam,2020-05,2020,12.3,14363,147.11,2419.0,440489.0,24.78,,,,97636
Putnam,2020-06,2020,10.0,14569,149.22,2402.0,417285.0,24.6,,,,97636
Putnam,2020-07,2020,9.3,14797,151.55,2114.0,405389.0,21.65,,,,97636
Putnam,2020-08,2020,7.3,14963,153.25,2033.0,375745.0,20.82,,,,97636
Putnam,2020-09,2020,6.3,15176,155.43,2066.0,346253.0,21.16,,,,97636
Putnam,2020-10,2020,5.1,15408,157.81,2113.0,458568.0,21.64,,,,97636
Putnam,2020-11,2020,4.8,15618,159.96,2112.0,414470.0,21.63,,,,97636
Putnam,2020-12,2020,5.0,15957,163.43,2123.0,410293.0,21.74,,,,97636
Putnam,2021-01,2021,5.4,16244,165.3,2201.0,494080.0,22.4,138.0,140.43,,98272
Putnam,2021-02,2021,5.7,16333,166.2,2267.0,507601.0,23.07,184.0,187.24,,98272
Putnam,2021-03,2021,5.2,16457,167.46,2302.0,509722.0,23.42,144.0,146.53,,98272
Putnam,2021-04,2021,4.6,16547,168.38,2305.0,582644.0,23.46,128.0,130.25,,98272
Putnam,2021-05,2021,4.2,16714,170.08,2266.0,578741.0,23.06,176.0,179.09,,98272
Putnam,2021-06,2021,4.6,16835,171.31,2293.0,579809.0,23.33,198.0,201.48,,98272
Putnam,2021-07,2021,4.4,17004,173.03,2297.0,582971.0,23.37,223.0,226.92,,98272
Putnam,2021-08,2021,4.1,17139,174.4,2308.0,590244.0,23.49,192.0,195.38,,98272
Putnam,2021-09,2021,3.4,17366,176.71,2303.0,577833.0,23.43,172.0,175.02,,98272
Putnam,2021-10,2021,3.1,17534,178.42,2340.0,636615.0,23.81,250.0,254.4,,98272
Putnam,2021-11,2021,2.8,17647,179.57,2385.0,638739.0,24.27,235.0,239.13,,98272
Putnam,2021-12,2021,2.5,17876,181.9,2461.0,656348.0,25.04,201.0,204.53,,98272
Putnam,2022-01,2022,3.3,18078,183.79,2501.0,670886.0,25.43,205.0,208.42,,98361
Putnam,2022-02,2022,3.4,18244,185.48,2533.0,674905.0,25.75,208.0,211.47,,98361
Putnam,2022-03,2022,3.0,18409,187.16,2544.0,676716.0,25.86,155.0,157.58,,98361
Putnam,2022-04,2022,2.6,18471,187.79,2542.0,685947.0,25.84,156.0,158.6,,98361
Putnam,2022-05,2022,2.6,18519,188.28,2519.0,667639.0,25.61,204.0,207.4,,98361
Putnam,2022-06,2022,2.8,18618,189.28,2494.0,659406.0,25.36,246.0,250.1,,98361
Putnam,2022-07,2022,3.1,18786,190.99,2483.0,666382.0,25.24,194.0,197.23,,98361
Putnam,2022-08,2022,3.1,18865,191.79,2489.0,658093.0,25.3,181.0,184.02,,98361
Putnam,2022-09,2022,2.5,19053,193.7,2483.0,672818.0,25.24,188.0,191.13,,98361
Putnam,2022-10,2022,2.4,19138,194.57,2466.0,746065.0,25.07,244.0,248.07,,98361
Putnam,2022-11,2022,2.4,19287,196.08,2512.0,774047.0,25.54,250.0,254.17,,98361
Putnam,2022-12,2022,2.4,19508,198.33,2599.0,808174.0,26.42,251.0,255.18,,98361
Putnam,2023-01,2023,2.9,19701,200.81,2584.0,781725.0,26.34,166.0,169.2,,98110
Putnam,2023-02,2023,3.0,19845,202.27,2683.0,806496.0,27.35,180.0,183.47,,98110
Putnam,2023-03,2023,2.6,19969,203.54,2678.0,530029.0,27.3,171.0,174.29,,98110
Putnam,2023-04,2023,2.1,20097,204.84,2688.0,522367.0,27.4,185.0,188.56,,98110
Putnam,2023-05,2023,2.5,20256,206.46,2669.0,517694.0,27.2,232.0,236.47,,98110
Putnam,2023-06,2023,2.7,20464,208.58,2697.0,526906.0,27.49,218.0,222.2,,98110
Putnam,2023-07,2023,2.9,20231,206.21,2726.0,543437.0,27.79,296.0,301.7,,98110
Putnam,2023-08,2023,3.2,19986,203.71,2662.0,515318.0,27.13,235.0,239.53,,98110
Putnam,2023-09,2023,2.9,19646,200.24,2694.0,527736.0,27.46,196.0,199.78,,98110
Putnam,2023-10,2023,2.9,19354,197.27,2681.0,552038.0,27.33,223.0,227.3,,98110
Putnam,2023-11,2023,2.9,19032,193.99,2677.0,549241.0,27.29,244.0,248.7,,98110
Putnam,2023-12,2023,2.9,18732,190.93,2651.0,548538.0,27.02,220.0,224.24,,98110
Putnam,2024-01,2024,3.2,18523,187.4,2713.0,565526.0,27.45,235.0,237.75,,98842
Putnam,2024-02,2024,3.4,18344,185.59,2677.0,553095.0,27.08,203.0,205.38,,98842
Putnam,2024-03,2024,3.1,18220,184.33,2691.0,545864.0,27.23,140.0,141.64,,98842
Putnam,2024-04,2024,2.7,17965,181.75,2700.0,541459.0,27.32,188.0,190.2,,98842
Putnam,2024-05,2024,2.8,17762,179.7,2700.0,547862.0,27.32,210.0,212.46,,98842
Putnam,2024-06,2024,3.0,17598,178.04,2691.0,545887.0,27.23,220.0,222.58,,98842
Putnam,2024-07,2024,3.4,17607,178.13,2752.0,549025.0,27.84,213.0,215.5,,98842
Putnam,2024-08,2024,3.2,17635,178.42,2747.0,548778.0,27.79,179.0,181.1,,98842
Putnam,2024-09,2024,2.7,17608,178.14,2773.0,557347.0,28.05,183.0,185.14,,98842
Putnam,2024-10,2024,2.7,17613,178.19,2803.0,578333.0,28.36,235.0,237.75,,98842
Putnam,2024-11,2024,2.8,17701,179.08,2821.0,582695.0,28.54,230.0,232.69,,98842
Putnam,2024-12,2024,2.8,17701,179.08,2901.0,627349.0,29.35,247.0,249.89,,98842
Putnam,2025-01,2025,3.4,17744,179.18,2885.0,597084.0,29.13,,,,99028
Putnam,2025-02,2025,3.6,17736,179.1,2923.0,604195.0,29.52,,,,99028
Putnam,2025-03,2025,3.2,17761,179.35,2940.0,595070.0,29.69,,,,99028
Putnam,2025-04,2025,2.5,17874,180.49,2960.0,603521.0,29.89,,,,99028
Putnam,2025-05,2025,2.5,17848,180.23,2949.0,597898.0,29.78,,,,99028
Putnam,2025-06,2025,2.7,17839,180.14,2900.0,572977.0,29.28,,,,99028
Putnam,2025-07,2025,3.1,17857,180.32,2933.0,600152.0,29.62,,,,99028
Putnam,2025-08,2025,3.3,17807,179.82,2867.0,577559.0,28.95,,,,99028
Putnam,2025-09,2025,3.2,17755,179.29,2851.0,571112.0,28.79,,,,99028
Putnam,2025-10,2025,,17718,178.92,2845.0,590355.0,28.73,,,,99028
Putnam,2025-11,2025,2.9,17835,180.1,2753.0,567032.0,27.8,,,,99028
Putnam,2025-12,2025,2.8,17851,180.26,2789.0,581202.0,28.16,,,,99028
Queens,2018-01,2018,4.1,920675,404.76,,,,,,,2274605
Queens,2018-02,2018,4.0,919741,404.35,,,,,,,2274605
Queens,2018-03,2018,3.8,920691,404.77,,,,,,,2274605
Queens,2018-04,2018,3.5,919609,404.29,,,,,,,2274605
Queens,2018-05,2018,3.2,920266,404.58,,,,,,,2274605
Queens,2018-06,2018,3.8,920137,404.53,,,,,,,2274605
Queens,2018-07,2018,3.9,920366,404.63,,,,,,,2274605
Queens,2018-08,2018,3.8,920511,404.69,,,,,,,2274605
Queens,2018-09,2018,3.5,919162,404.1,,,,,,,2274605
Queens,2018-10,2018,3.6,920267,404.58,,,,,,,2274605
Queens,2018-11,2018,3.4,918504,403.81,,,,,,,2274605
Queens,2018-12,2018,3.6,918494,403.8,,,,,,,2274605
Queens,2019-01,2019,4.2,918636,407.58,,,,,,,2253858
Queens,2019-02,2019,4.0,915255,406.08,,,,,,,2253858
Queens,2019-03,2019,3.7,915651,406.26,,,,,,,2253858
Queens,2019-04,2019,3.3,915625,406.25,,,,,,,2253858
Queens,2019-05,2019,3.4,916135,406.47,,,,,,,2253858
Queens,2019-06,2019,3.6,915133,406.03,,,,,,,2253858
Queens,2019-07,2019,3.8,915180,406.05,,,,,,,2253858
Queens,2019-08,2019,3.7,914358,405.69,,,,,,,2253858
Queens,2019-09,2019,3.3,913186,405.17,,,,,,,2253858
Queens,2019-10,2019,3.5,911819,404.56,,,,,,,2253858
Queens,2019-11,2019,3.2,908684,403.17,,,,,,,2253858
Queens,2019-12,2019,3.0,905409,401.72,,,,,,,2253858
Queens,2020-01,2020,3.7,906203,379.87,,,,,,,2385541
Queens,2020-02,2020,3.8,905764,379.69,,,,,,,2385541
Queens,2020-03,2020,4.7,906568,380.03,,,,,,,2385541
Queens,2020-04,2020,13.6,926222,388.26,,,,,,,2385541
Queens,2020-05,2020,23.4,944583,395.96,,,,,,,2385541
Queens,2020-06,2020,18.3,960763,402.74,,,,,,,2385541
Queens,2020-07,2020,17.8,976489,409.34,,,,,,,2385541
Queens,2020-08,2020,15.2,989357,414.73,,,,,,,2385541
Queens,2020-09,2020,14.4,1002245,420.13,,,,,,,2385541
Queens,2020-10,2020,13.2,1013823,424.99,,,,,,,2385541
Queens,2020-11,2020,12.3,1025312,429.8,,,,,,,2385541
Queens,2020-12,2020,11.7,1043431,437.4,,,,,,,2385541
Queens,2021-01,2021,12.5,1054683,452.94,,,,2043.0,87.74,,2328520
Queens,2021-02,2021,12.0,1059323,454.93,,,,1832.0,78.68,,2328520
Queens,2021-03,2021,11.1,1068949,459.07,,,,2202.0,94.57,,2328520
Queens,2021-04,2021,10.9,1077225,462.62,,,,2251.0,96.67,,2328520
Queens,2021-05,2021,10.1,1083810,465.45,,,,2669.0,114.62,,2328520
Queens,2021-06,2021,10.7,1090796,468.45,,,,2726.0,117.07,,2328520
Queens,2021-07,2021,10.2,1098054,471.57,,,,2637.0,113.25,,2328520
Queens,2021-08,2021,9.7,1103936,474.09,,,,2584.0,110.97,,2328520
Queens,2021-09,2021,8.4,1112270,477.67,,,,2713.0,116.51,,2328520
Queens,2021-10,2021,8.0,1119549,480.8,,,,2774.0,119.13,,2328520
Queens,2021-11,2021,7.4,1123502,482.5,,,,2683.0,115.22,,2328520
Queens,2021-12,2021,7.2,1132100,486.19,,,,2377.0,102.08,,2328520
Queens,2022-01,2022,7.5,1138843,497.02,,,,2244.0,97.93,,2291363
Queens,2022-02,2022,6.8,1143305,498.96,,,,2056.0,89.73,,2291363
Queens,2022-03,2022,6.0,1149646,501.73,,,,2424.0,105.79,,2291363
Queens,2022-04,2022,5.4,1153858,503.57,,,,2404.0,104.92,,2291363
Queens,2022-05,2022,5.1,1157503,505.16,,,,2610.0,113.91,,2291363
Queens,2022-06,2022,5.2,1164391,508.17,,,,2571.0,112.2,,2291363
Queens,2022-07,2022,5.1,1171503,511.27,,,,2494.0,108.84,,2291363
Queens,2022-08,2022,4.8,1177396,513.84,,,,2490.0,108.67,,2291363
Queens,2022-09,2022,4.1,1187100,518.08,,,,2551.0,111.33,,2291363
Queens,2022-10,2022,4.5,1193814,521.01,,,,2600.0,113.47,,2291363
Queens,2022-11,2022,4.5,1199860,523.64,,,,2384.0,104.04,,2291363
Queens,2022-12,2022,4.4,1207745,527.09,,,,2381.0,103.91,,2291363
Queens,2023-01,2023,4.8,1216094,525.37,,,,2174.0,93.92,,2314747
Queens,2023-02,2023,5.0,1221600,527.75,,,,1980.0,85.54,,2314747
Queens,2023-03,2023,4.5,1230780,531.71,,,,2318.0,100.14,,2314747
Queens,2023-04,2023,4.2,1237792,534.74,,,,2193.0,94.74,,2314747
Queens,2023-05,2023,4.3,1245148,537.92,,,,2592.0,111.98,,2314747
Queens,2023-06,2023,4.6,1254738,542.06,,,,2349.0,101.48,,2314747
Queens,2023-07,2023,4.6,1240777,536.03,,,,2403.0,103.81,,2314747
Queens,2023-08,2023,4.8,1224904,529.17,,,,2268.0,97.98,,2314747
Queens,2023-09,2023,4.3,1210395,522.91,,,,2473.0,106.84,,2314747
Queens,2023-10,2023,4.5,1198540,517.78,,,,2625.0,113.4,,2314747
Queens,2023-11,2023,4.0,1190623,514.36,,,,2466.0,106.53,,2314747
Queens,2023-12,2023,4.1,1176694,508.35,,,,2532.0,109.39,,2314747
Queens,2024-01,2024,4.2,1168975,493.86,,,,2302.0,97.25,,2367034
Queens,2024-02,2024,4.5,1162422,491.09,,,,2099.0,88.68,,2367034
Queens,2024-03,2024,4.3,1157935,489.19,,,,2445.0,103.29,,2367034
Queens,2024-04,2024,4.2,1141502,482.25,,,,2141.0,90.45,,2367034
Queens,2024-05,2024,4.4,1128242,476.65,,,,2569.0,108.53,,2367034
Queens,2024-06,2024,4.9,1115280,471.17,,,,2456.0,103.76,,2367034
Queens,2024-07,2024,5.5,1114276,470.75,,,,2231.0,94.25,,2367034
Queens,2024-08,2024,5.4,1114558,470.87,,,,2416.0,102.07,,2367034
Queens,2024-09,2024,4.7,1114497,470.84,,,,2374.0,100.29,,2367034
Queens,2024-10,2024,4.9,1116542,471.71,,,,2411.0,101.86,,2367034
Queens,2024-11,2024,4.9,1113325,470.35,,,,2265.0,95.69,,2367034
Queens,2024-12,2024,4.7,1110755,469.26,,,,2273.0,96.03,,2367034
Queens,2025-01,2025,4.7,1107020,469.44,,,,,,,2358182
Queens,2025-02,2025,3.9,1103529,467.96,,,,,,,2358182
Queens,2025-03,2025,4.1,1104132,468.21,,,,,,,2358182
Queens,2025-04,2025,4.1,1104555,468.39,,,,,,,2358182
Queens,2025-05,2025,3.8,1103924,468.13,,,,,,,2358182
Queens,2025-06,2025,4.3,1098899,465.99,,,,,,,2358182
Queens,2025-07,2025,5.1,1095532,464.57,,,,,,,2358182
Queens,2025-08,2025,5.2,1086276,460.64,,,,,,,2358182
Queens,2025-09,2025,5.4,1078307,457.26,,,,,,,2358182
Queens,2025-10,2025,,1071071,454.19,,,,,,,2358182
Queens,2025-11,2025,5.0,1078616,457.39,,,,,,,2358182
Queens,2025-12,2025,4.9,1069990,453.74,,,,,,,2358182
Rensselaer,2018-01,2018,5.0,34549,216.9,15838.0,1927868.0,99.43,,,,159283
Rensselaer,2018-02,2018,5.1,34603,217.24,15557.0,1882798.0,97.67,,,,159283
Rensselaer,2018-03,2018,4.6,34667,217.64,15509.0,1866223.0,97.37,,,,159283
Rensselaer,2018-04,2018,3.9,34501,216.6,15386.0,1847667.0,96.6,,,,159283
Rensselaer,2018-05,2018,3.4,34474,216.43,15361.0,1847429.0,96.44,,,,159283
Rensselaer,2018-06,2018,3.9,34510,216.66,15133.0,1817791.0,95.01,,,,159283
Rensselaer,2018-07,2018,3.9,34587,217.14,15110.0,1837154.0,94.86,,,,159283
Rensselaer,2018-08,2018,3.8,34597,217.2,15206.0,1865228.0,95.47,,,,159283
Rensselaer,2018-09,2018,3.3,34478,216.46,15129.0,1858300.0,94.98,,,,159283
Rensselaer,2018-10,2018,3.2,34544,216.87,15247.0,1897876.0,95.72,,,,159283
Rensselaer,2018-11,2018,3.2,34488,216.52,15132.0,1870705.0,95.0,,,,159283
Rensselaer,2018-12,2018,3.5,34580,217.1,15270.0,1882039.0,95.87,,,,159283
Rensselaer,2019-01,2019,4.2,34684,218.53,15367.0,1877751.0,96.82,,,,158714
Rensselaer,2019-02,2019,4.2,34612,218.08,15039.0,1849923.0,94.76,,,,158714
Rensselaer,2019-03,2019,4.0,34682,218.52,15031.0,1827654.0,94.7,,,,158714
Rensselaer,2019-04,2019,3.2,34596,217.98,14770.0,1799284.0,93.06,,,,158714
Rensselaer,2019-05,2019,3.3,34684,218.53,14647.0,1784115.0,92.29,,,,158714
Rensselaer,2019-06,2019,3.4,34680,218.51,14516.0,1766227.0,91.46,,,,158714
Rensselaer,2019-07,2019,3.9,34641,218.26,14312.0,1750790.0,90.17,,,,158714
Rensselaer,2019-08,2019,3.9,34632,218.2,14392.0,1759067.0,90.68,,,,158714
Rensselaer,2019-09,2019,3.3,34527,217.54,14267.0,1745036.0,89.89,,,,158714
Rensselaer,2019-10,2019,3.4,34370,216.55,14272.0,1786468.0,89.92,,,,158714
Rensselaer,2019-11,2019,3.4,34197,215.46,14118.0,1750732.0,88.95,,,,158714
Rensselaer,2019-12,2019,3.6,33932,213.79,14017.0,1720350.0,88.32,,,,158714
Rensselaer,2020-01,2020,4.2,34051,211.64,14063.0,1712391.0,87.41,,,,160889
Rensselaer,2020-02,2020,4.3,34090,211.89,13955.0,1683942.0,86.74,,,,160889
Rensselaer,2020-03,2020,4.9,34070,211.76,13829.0,1677742.0,85.95,,,,160889
Rensselaer,2020-04,2020,14.0,34662,215.44,14508.0,3326743.0,90.17,,,,160889
Rensselaer,2020-05,2020,10.8,35148,218.46,14610.0,2570587.0,90.81,,,,160889
Rensselaer,2020-06,2020,8.8,35480,220.52,14367.0,2417669.0,89.3,,,,160889
Rensselaer,2020-07,2020,8.3,35854,222.85,13231.0,2441956.0,82.24,,,,160889
Rensselaer,2020-08,2020,6.5,36140,224.63,12685.0,2233903.0,78.84,,,,160889
Rensselaer,2020-09,2020,5.8,36548,227.16,13192.0,2212866.0,81.99,,,,160889
Rensselaer,2020-10,2020,4.8,36936,229.57,13545.0,2770593.0,84.19,,,,160889
Rensselaer,2020-11,2020,4.6,37309,231.89,13664.0,2595645.0,84.93,,,,160889
Rensselaer,2020-12,2020,5.2,37878,235.43,13936.0,2606798.0,86.62,,,,160889
Rensselaer,2021-01,2021,5.8,38227,237.98,13830.0,2935804.0,86.1,331.0,206.06,,160634
Rensselaer,2021-02,2021,6.2,38339,238.67,13778.0,2971950.0,85.77,307.0,191.12,,160634
Rensselaer,2021-03,2021,5.7,38575,240.14,13901.0,2982749.0,86.54,239.0,148.79,,160634
Rensselaer,2021-04,2021,4.9,38772,241.37,13995.0,3271001.0,87.12,259.0,161.24,,160634
Rensselaer,2021-05,2021,4.5,38921,242.3,14012.0,3279297.0,87.23,293.0,182.4,,160634
Rensselaer,2021-06,2021,4.9,39158,243.77,14028.0,3277323.0,87.33,314.0,195.48,,160634
Rensselaer,2021-07,2021,4.7,39318,244.77,14176.0,3340590.0,88.25,287.0,178.67,,160634
Rensselaer,2021-08,2021,4.4,39485,245.81,14164.0,3390985.0,88.18,276.0,171.82,,160634
Rensselaer,2021-09,2021,3.7,39653,246.85,14125.0,3293045.0,87.93,301.0,187.38,,160634
Rensselaer,2021-10,2021,3.4,39876,248.24,14377.0,3626793.0,89.5,356.0,221.62,,160634
Rensselaer,2021-11,2021,3.1,39955,248.73,14738.0,3668162.0,91.75,425.0,264.58,,160634
Rensselaer,2021-12,2021,2.8,40296,250.86,14757.0,3757730.0,91.87,363.0,225.98,,160634
Rensselaer,2022-01,2022,3.8,40609,255.06,14934.0,3758227.0,93.8,355.0,222.97,,159213
Rensselaer,2022-02,2022,4.0,40706,255.67,14965.0,3793250.0,93.99,317.0,199.1,,159213
Rensselaer,2022-03,2022,3.6,40940,257.14,15002.0,3788360.0,94.23,276.0,173.35,,159213
Rensselaer,2022-04,2022,2.8,41061,257.9,14874.0,3737302.0,93.42,283.0,177.75,,159213
Rensselaer,2022-05,2022,2.8,41142,258.41,14986.0,3756067.0,94.13,328.0,206.01,,159213
Rensselaer,2022-06,2022,3.1,41396,260.0,15118.0,3796683.0,94.95,340.0,213.55,,159213
Rensselaer,2022-07,2022,3.4,41572,261.11,14995.0,3771630.0,94.18,325.0,204.13,,159213
Rensselaer,2022-08,2022,3.4,41710,261.98,15189.0,3820309.0,95.4,311.0,195.34,,159213
Rensselaer,2022-09,2022,2.9,42063,264.19,15304.0,3856061.0,96.12,345.0,216.69,,159213
Rensselaer,2022-10,2022,2.6,42048,264.1,15290.0,4301931.0,96.03,397.0,249.35,,159213
Rensselaer,2022-11,2022,2.8,42104,264.45,15159.0,4299395.0,95.21,346.0,217.32,,159213
Rensselaer,2022-12,2022,2.8,42288,265.61,15184.0,4350762.0,95.37,510.0,320.33,,159213
Rensselaer,2023-01,2023,3.6,42539,266.53,14962.0,4222770.0,93.74,326.0,204.25,,159605
Rensselaer,2023-02,2023,3.7,42637,267.14,15223.0,4310670.0,95.38,289.0,181.07,,159605
Rensselaer,2023-03,2023,3.3,42852,268.49,15195.0,2861987.0,95.2,309.0,193.6,,159605
Rensselaer,2023-04,2023,2.6,43062,269.8,14697.0,2680528.0,92.08,250.0,156.64,,159605
Rensselaer,2023-05,2023,2.8,43254,271.01,14685.0,2716407.0,92.01,306.0,191.72,,159605
Rensselaer,2023-06,2023,3.1,43440,272.17,14854.0,2767350.0,93.07,311.0,194.86,,159605
Rensselaer,2023-07,2023,3.3,42848,268.46,14957.0,2763579.0,93.71,297.0,186.08,,159605
Rensselaer,2023-08,2023,3.5,42313,265.11,14901.0,2741847.0,93.36,297.0,186.08,,159605
Rensselaer,2023-09,2023,3.1,41690,261.21,14837.0,2743622.0,92.96,309.0,193.6,,159605
Rensselaer,2023-10,2023,3.2,41320,258.89,15048.0,2906923.0,94.28,385.0,241.22,,159605
Rensselaer,2023-11,2023,3.2,40630,254.57,14954.0,2867479.0,93.69,389.0,243.73,,159605
Rensselaer,2023-12,2023,3.5,39814,249.45,15107.0,2890406.0,94.65,363.0,227.44,,159605
Rensselaer,2024-01,2024,4.0,39113,244.43,15154.0,2885965.0,94.7,415.0,259.35,,160014
Rensselaer,2024-02,2024,4.2,38635,241.45,15212.0,2877409.0,95.07,246.0,153.74,,160014
Rensselaer,2024-03,2024,3.8,38189,238.66,15596.0,2961441.0,97.47,316.0,197.48,,160014
Rensselaer,2024-04,2024,3.2,37357,233.46,15315.0,2943155.0,95.71,233.0,145.61,,160014
Rensselaer,2024-05,2024,3.2,36664,229.13,15402.0,2909040.0,96.25,301.0,188.11,,160014
Rensselaer,2024-06,2024,3.4,36024,225.13,15493.0,2953661.0,96.82,337.0,210.61,,160014
Rensselaer,2024-07,2024,3.7,35868,224.16,15578.0,2957410.0,97.35,270.0,168.74,,160014
Rensselaer,2024-08,2024,3.7,35860,224.11,15594.0,2970232.0,97.45,280.0,174.98,,160014
Rensselaer,2024-09,2024,3.0,35731,223.3,15699.0,2994931.0,98.11,300.0,187.48,,160014
Rensselaer,2024-10,2024,3.0,35818,223.84,15878.0,3079071.0,99.23,357.0,223.11,,160014
Rensselaer,2024-11,2024,3.1,35598,222.47,15868.0,3056533.0,99.17,419.0,261.85,,160014
Rensselaer,2024-12,2024,3.2,35562,222.24,15901.0,3056719.0,99.37,429.0,268.1,,160014
Rensselaer,2025-01,2025,4.0,35535,221.39,15892.0,3034139.0,99.01,,,,160510
Rensselaer,2025-02,2025,4.2,35507,221.21,15740.0,2990356.0,98.06,,,,160510
Rensselaer,2025-03,2025,3.7,35704,222.44,15971.0,3060969.0,99.5,,,,160510
Rensselaer,2025-04,2025,2.8,35616,221.89,15862.0,3022807.0,98.82,,,,160510
Rensselaer,2025-05,2025,2.7,35704,222.44,15933.0,3027647.0,99.26,,,,160510
Rensselaer,2025-06,2025,3.0,35761,222.8,15891.0,3022866.0,99.0,,,,160510
Rensselaer,2025-07,2025,3.5,35853,223.37,15887.0,3042403.0,98.98,,,,160510
Rensselaer,2025-08,2025,3.8,35789,222.97,15850.0,3015984.0,98.75,,,,160510
Rensselaer,2025-09,2025,3.7,35800,223.04,15721.0,3011473.0,97.94,,,,160510
Rensselaer,2025-10,2025,,35864,223.44,15743.0,3128848.0,98.08,,,,160510
Rensselaer,2025-11,2025,3.4,36136,225.13,15248.0,2991814.0,95.0,,,,160510
Rensselaer,2025-12,2025,3.5,36248,225.83,15244.0,2986008.0,94.97,,,,160510
Richmond,2018-01,2018,4.6,137876,289.5,,,,,,,476260
Richmond,2018-02,2018,4.4,137950,289.65,,,,,,,476260
Richmond,2018-03,2018,4.2,138240,290.26,,,,,,,476260
Richmond,2018-04,2018,3.9,138417,290.63,,,,,,,476260
Richmond,2018-05,2018,3.6,138475,290.76,,,,,,,476260
Richmond,2018-06,2018,4.3,138682,291.19,,,,,,,476260
Richmond,2018-07,2018,4.6,138837,291.52,,,,,,,476260
Richmond,2018-08,2018,4.5,139422,292.74,,,,,,,476260
Richmond,2018-09,2018,4.0,139321,292.53,,,,,,,476260
Richmond,2018-10,2018,4.0,139567,293.05,,,,,,,476260
Richmond,2018-11,2018,3.8,139413,292.72,,,,,,,476260
Richmond,2018-12,2018,3.9,139438,292.78,,,,,,,476260
Richmond,2019-01,2019,4.7,139820,293.65,,,,,,,476143
Richmond,2019-02,2019,4.3,139684,293.37,,,,,,,476143
Richmond,2019-03,2019,4.0,139941,293.91,,,,,,,476143
Richmond,2019-04,2019,3.6,139912,293.84,,,,,,,476143
Richmond,2019-05,2019,3.8,140168,294.38,,,,,,,476143
Richmond,2019-06,2019,3.9,140165,294.38,,,,,,,476143
Richmond,2019-07,2019,4.4,140011,294.05,,,,,,,476143
Richmond,2019-08,2019,4.3,139904,293.83,,,,,,,476143
Richmond,2019-09,2019,3.6,140088,294.21,,,,,,,476143
Richmond,2019-10,2019,3.8,140131,294.3,,,,,,,476143
Richmond,2019-11,2019,3.5,139867,293.75,,,,,,,476143
Richmond,2019-12,2019,3.3,139692,293.38,,,,,,,476143
Richmond,2020-01,2020,4.0,139975,282.71,,,,,,,495122
Richmond,2020-02,2020,4.1,140300,283.36,,,,,,,495122
Richmond,2020-03,2020,5.0,140734,284.24,,,,,,,495122
Richmond,2020-04,2020,11.5,143329,289.48,,,,,,,495122
Richmond,2020-05,2020,19.6,145648,294.17,,,,,,,495122
Richmond,2020-06,2020,15.1,147689,298.29,,,,,,,495122
Richmond,2020-07,2020,14.8,150054,303.06,,,,,,,495122
Richmond,2020-08,2020,12.7,151931,306.86,,,,,,,495122
Richmond,2020-09,2020,12.0,153986,311.01,,,,,,,495122
Richmond,2020-10,2020,10.8,155768,314.61,,,,,,,495122
Richmond,2020-11,2020,10.3,157366,317.83,,,,,,,495122
Richmond,2020-12,2020,10.1,159850,322.85,,,,,,,495122
Richmond,2021-01,2021,10.8,161780,327.42,,,,322.0,65.17,,494101
Richmond,2021-02,2021,10.6,162686,329.26,,,,347.0,70.23,,494101
Richmond,2021-03,2021,9.7,164349,332.62,,,,353.0,71.44,,494101
Richmond,2021-04,2021,9.6,165680,335.32,,,,396.0,80.15,,494101
Richmond,2021-05,2021,8.7,166669,337.32,,,,462.0,93.5,,494101
Richmond,2021-06,2021,9.5,167813,339.63,,,,482.0,97.55,,494101
Richmond,2021-07,2021,9.6,169161,342.36,,,,460.0,93.1,,494101
Richmond,2021-08,2021,9.2,170488,345.05,,,,463.0,93.71,,494101
Richmond,2021-09,2021,7.9,171729,347.56,,,,474.0,95.93,,494101
Richmond,2021-10,2021,7.5,173190,350.52,,,,503.0,101.8,,494101
Richmond,2021-11,2021,7.0,174077,352.31,,,,458.0,92.69,,494101
Richmond,2021-12,2021,6.9,175726,355.65,,,,445.0,90.06,,494101
Richmond,2022-01,2022,7.4,177192,359.72,,,,411.0,83.44,,492579
Richmond,2022-02,2022,6.7,178115,361.6,,,,375.0,76.13,,492579
Richmond,2022-03,2022,6.0,179449,364.31,,,,456.0,92.57,,492579
Richmond,2022-04,2022,5.4,180356,366.15,,,,383.0,77.75,,492579
Richmond,2022-05,2022,5.2,181102,367.66,,,,472.0,95.82,,492579
Richmond,2022-06,2022,5.4,182335,370.16,,,,498.0,101.1,,492579
Richmond,2022-07,2022,5.6,183797,373.13,,,,455.0,92.37,,492579
Richmond,2022-08,2022,5.2,184982,375.54,,,,486.0,98.66,,492579
Richmond,2022-09,2022,4.3,186763,379.15,,,,494.0,100.29,,492579
Richmond,2022-10,2022,4.7,188371,382.42,,,,500.0,101.51,,492579
Richmond,2022-11,2022,4.7,189543,384.8,,,,438.0,88.92,,492579
Richmond,2022-12,2022,4.6,191070,387.9,,,,472.0,95.82,,492579
Richmond,2023-01,2023,5.1,192552,388.85,,,,445.0,89.87,,495182
Richmond,2023-02,2023,5.1,193388,390.54,,,,365.0,73.71,,495182
Richmond,2023-03,2023,4.6,195016,393.83,,,,452.0,91.28,,495182
Richmond,2023-04,2023,4.4,195905,395.62,,,,466.0,94.11,,495182
Richmond,2023-05,2023,4.4,196997,397.83,,,,472.0,95.32,,495182
Richmond,2023-06,2023,4.7,198642,401.15,,,,451.0,91.08,,495182
Richmond,2023-07,2023,4.9,196920,397.67,,,,426.0,86.03,,495182
Richmond,2023-08,2023,5.1,195215,394.23,,,,435.0,87.85,,495182
Richmond,2023-09,2023,4.4,193738,391.25,,,,465.0,93.9,,495182
Richmond,2023-10,2023,4.5,192731,389.21,,,,472.0,95.32,,495182
Richmond,2023-11,2023,3.9,191719,387.17,,,,459.0,92.69,,495182
Richmond,2023-12,2023,4.1,190137,383.97,,,,466.0,94.11,,495182
Richmond,2024-01,2024,4.2,189004,378.33,,,,437.0,87.47,,499572
Richmond,2024-02,2024,4.5,187903,376.13,,,,400.0,80.07,,499572
Richmond,2024-03,2024,4.2,187400,375.12,,,,440.0,88.08,,499572
Richmond,2024-04,2024,4.0,185248,370.81,,,,395.0,79.07,,499572
Richmond,2024-05,2024,4.4,183635,367.58,,,,496.0,99.28,,499572
Richmond,2024-06,2024,4.9,181577,363.47,,,,415.0,83.07,,499572
Richmond,2024-07,2024,5.7,181304,362.92,,,,370.0,74.06,,499572
Richmond,2024-08,2024,5.6,181096,362.5,,,,372.0,74.46,,499572
Richmond,2024-09,2024,4.7,181281,362.87,,,,410.0,82.07,,499572
Richmond,2024-10,2024,4.8,181833,363.98,,,,472.0,94.48,,499572
Richmond,2024-11,2024,4.9,181528,363.37,,,,402.0,80.47,,499572
Richmond,2024-12,2024,4.6,181484,363.28,,,,463.0,92.68,,499572
Richmond,2025-01,2025,4.6,181076,361.22,,,,,,,501290
Richmond,2025-02,2025,3.7,180747,360.56,,,,,,,501290
Richmond,2025-03,2025,3.9,180872,360.81,,,,,,,501290
Richmond,2025-04,2025,4.0,181278,361.62,,,,,,,501290
Richmond,2025-05,2025,3.8,181467,362.0,,,,,,,501290
Richmond,2025-06,2025,4.2,180994,361.06,,,,,,,501290
Richmond,2025-07,2025,5.3,180865,360.8,,,,,,,501290
Richmond,2025-08,2025,5.4,180084,359.24,,,,,,,501290
Richmond,2025-09,2025,5.4,179562,358.2,,,,,,,501290
Richmond,2025-10,2025,,179169,357.42,,,,,,,501290
Richmond,2025-11,2025,4.9,180865,360.8,,,,,,,501290
Richmond,2025-12,2025,4.8,180446,359.96,,,,,,,501290
Rockland,2018-01,2018,4.7,106272,326.47,43531.0,5359352.0,133.73,,,,325522
Rockland,2018-02,2018,4.8,106633,327.58,43306.0,5303426.0,133.04,,,,325522
Rockland,2018-03,2018,4.3,106932,328.49,43350.0,5289085.0,133.17,,,,325522
Rockland,2018-04,2018,3.8,107471,330.15,43066.0,5246650.0,132.3,,,,325522
Rockland,2018-05,2018,3.6,107662,330.74,42695.0,5215648.0,131.16,,,,325522
Rockland,2018-06,2018,4.0,107887,331.43,42729.0,5226961.0,131.26,,,,325522
Rockland,2018-07,2018,4.2,108232,332.49,42799.0,5221044.0,131.48,,,,325522
Rockland,2018-08,2018,4.1,108741,334.05,42653.0,5237896.0,131.03,,,,325522
Rockland,2018-09,2018,3.5,108700,333.93,42363.0,5202166.0,130.14,,,,325522
Rockland,2018-10,2018,3.4,109380,336.01,42522.0,5288454.0,130.63,,,,325522
Rockland,2018-11,2018,3.3,109823,337.38,42271.0,5248400.0,129.86,,,,325522
Rockland,2018-12,2018,3.4,110131,338.32,42388.0,5255944.0,130.22,,,,325522
Rockland,2019-01,2019,3.8,110782,340.04,42279.0,5217252.0,129.77,,,,325789
Rockland,2019-02,2019,3.9,110892,340.38,42308.0,5208501.0,129.86,,,,325789
Rockland,2019-03,2019,3.6,111323,341.7,42205.0,5170357.0,129.55,,,,325789
Rockland,2019-04,2019,3.2,111401,341.94,41980.0,5141899.0,128.86,,,,325789
Rockland,2019-05,2019,3.2,112174,344.31,41793.0,5113696.0,128.28,,,,325789
Rockland,2019-06,2019,3.5,112477,345.24,41728.0,5094158.0,128.08,,,,325789
Rockland,2019-07,2019,4.0,112785,346.19,41743.0,5101869.0,128.13,,,,325789
Rockland,2019-08,2019,4.1,113421,348.14,41566.0,5083653.0,127.59,,,,325789
Rockland,2019-09,2019,3.5,113478,348.32,41298.0,5045383.0,126.76,,,,325789
Rockland,2019-10,2019,3.6,113521,348.45,41196.0,5123402.0,126.45,,,,325789
Rockland,2019-11,2019,3.4,113659,348.87,41066.0,5103249.0,126.05,,,,325789
Rockland,2019-12,2019,3.5,114023,349.99,40936.0,5092027.0,125.65,,,,325789
Rockland,2020-01,2020,3.8,114263,338.63,40781.0,5065858.0,120.86,,,,337429
Rockland,2020-02,2020,3.9,114460,339.21,40588.0,5031842.0,120.29,,,,337429
Rockland,2020-03,2020,4.5,114769,340.13,40774.0,5059671.0,120.84,,,,337429
Rockland,2020-04,2020,16.3,116835,346.25,43956.0,8488487.0,130.27,,,,337429
Rockland,2020-05,2020,13.5,118515,351.23,45180.0,7119959.0,133.89,,,,337429
Rockland,2020-06,2020,11.5,120031,355.72,45468.0,6833038.0,134.75,,,,337429
Rockland,2020-07,2020,11.0,121436,359.89,43098.0,7259207.0,127.72,,,,337429
Rockland,2020-08,2020,8.5,122608,363.36,41643.0,6772055.0,123.41,,,,337429
Rockland,2020-09,2020,7.6,123809,366.92,41699.0,6619864.0,123.58,,,,337429
Rockland,2020-10,2020,6.0,124860,370.03,41677.0,7443748.0,123.51,,,,337429
Rockland,2020-11,2020,5.6,125989,373.38,41127.0,7114405.0,121.88,,,,337429
Rockland,2020-12,2020,5.7,127597,378.14,41021.0,7099784.0,121.57,,,,337429
Rockland,2021-01,2021,6.0,128847,379.1,40838.0,8082961.0,120.16,509.0,149.76,,339874
Rockland,2021-02,2021,6.2,129598,381.31,41149.0,8241212.0,121.07,609.0,179.18,,339874
Rockland,2021-03,2021,5.7,130608,384.28,41413.0,8261428.0,121.85,495.0,145.64,,339874
Rockland,2021-04,2021,5.0,131693,387.48,41466.0,8919403.0,122.0,496.0,145.94,,339874
Rockland,2021-05,2021,4.6,132652,390.3,41528.0,8892520.0,122.19,645.0,189.78,,339874
Rockland,2021-06,2021,5.0,133797,393.67,41400.0,8851672.0,121.81,694.0,204.19,,339874
Rockland,2021-07,2021,5.0,135053,397.36,41935.0,9143465.0,123.38,660.0,194.19,,339874
Rockland,2021-08,2021,4.7,136311,401.06,42228.0,9063848.0,124.25,738.0,217.14,,339874
Rockland,2021-09,2021,3.8,137500,404.56,42139.0,8976124.0,123.98,740.0,217.73,,339874
Rockland,2021-10,2021,3.5,139020,409.03,41965.0,9560657.0,123.47,910.0,267.75,,339874
Rockland,2021-11,2021,3.1,139991,411.89,42077.0,9622639.0,123.8,914.0,268.92,,339874
Rockland,2021-12,2021,2.7,141487,416.29,42920.0,10002661.0,126.28,770.0,226.55,,339874
Rockland,2022-01,2022,3.4,142390,416.16,42654.0,9781671.0,124.66,798.0,233.23,,342154
Rockland,2022-02,2022,3.5,143378,419.05,42982.0,9879674.0,125.62,682.0,199.33,,342154
Rockland,2022-03,2022,3.1,144523,422.39,43455.0,10066111.0,127.0,683.0,199.62,,342154
Rockland,2022-04,2022,2.7,145234,424.47,43378.0,9916598.0,126.78,676.0,197.57,,342154
Rockland,2022-05,2022,2.7,145859,426.3,43347.0,9939675.0,126.69,838.0,244.92,,342154
Rockland,2022-06,2022,2.9,146724,428.82,43739.0,10105523.0,127.83,877.0,256.32,,342154
Rockland,2022-07,2022,3.2,147844,432.1,43764.0,10002976.0,127.91,795.0,232.35,,342154
Rockland,2022-08,2022,3.3,148740,434.72,43973.0,10095657.0,128.52,787.0,230.01,,342154
Rockland,2022-09,2022,2.6,149968,438.31,43780.0,10022143.0,127.95,802.0,234.4,,342154
Rockland,2022-10,2022,2.5,150740,440.56,43436.0,11081045.0,126.95,952.0,278.24,,342154
Rockland,2022-11,2022,2.5,151619,443.13,44031.0,11605070.0,128.69,966.0,282.33,,342154
Rockland,2022-12,2022,2.5,152995,447.15,44228.0,11480851.0,129.26,840.0,245.5,,342154
Rockland,2023-01,2023,3.0,154374,445.6,43613.0,11229320.0,125.89,704.0,203.21,,346437
Rockland,2023-02,2023,3.0,155437,448.67,43720.0,11297801.0,126.2,661.0,190.8,,346437
Rockland,2023-03,2023,2.7,156738,452.43,43855.0,8594746.0,126.59,772.0,222.84,,346437
Rockland,2023-04,2023,2.3,157816,455.54,43900.0,8567327.0,126.72,689.0,198.88,,346437
Rockland,2023-05,2023,2.6,158896,458.66,44914.0,8851986.0,129.65,869.0,250.84,,346437
Rockland,2023-06,2023,2.9,160489,463.26,46056.0,8941728.0,132.94,819.0,236.41,,346437
Rockland,2023-07,2023,3.1,159093,459.23,46938.0,8891441.0,135.49,794.0,229.19,,346437
Rockland,2023-08,2023,3.5,157669,455.12,47632.0,8985165.0,137.49,794.0,229.19,,346437
Rockland,2023-09,2023,3.1,155873,449.93,47688.0,8916070.0,137.65,851.0,245.64,,346437
Rockland,2023-10,2023,3.3,154201,445.11,48199.0,9485649.0,139.13,936.0,270.18,,346437
Rockland,2023-11,2023,3.1,153366,442.7,48289.0,9471600.0,139.39,933.0,269.31,,346437
Rockland,2023-12,2023,3.2,151841,438.29,48858.0,9605737.0,141.03,888.0,256.32,,346437
Rockland,2024-01,2024,3.4,151111,425.87,49074.0,9622632.0,138.3,817.0,230.25,,354829
Rockland,2024-02,2024,3.6,150409,423.89,49859.0,9694716.0,140.52,708.0,199.53,,354829
Rockland,2024-03,2024,3.3,150320,423.64,50551.0,9817377.0,142.47,798.0,224.9,,354829
Rockland,2024-04,2024,2.9,149038,420.03,51303.0,9900170.0,144.59,708.0,199.53,,354829
Rockland,2024-05,2024,3.1,148434,418.33,51640.0,9895171.0,145.53,860.0,242.37,,354829
Rockland,2024-06,2024,3.3,147731,416.34,51935.0,9940338.0,146.37,878.0,247.44,,354829
Rockland,2024-07,2024,3.6,148221,417.73,52410.0,10075744.0,147.7,780.0,219.82,,354829
Rockland,2024-08,2024,3.6,148722,419.14,52770.0,10117018.0,148.72,703.0,198.12,,354829
Rockland,2024-09,2024,2.8,148885,419.6,52908.0,10105607.0,149.11,773.0,217.85,,354829
Rockland,2024-10,2024,2.9,149264,420.66,53037.0,10313536.0,149.47,834.0,235.04,,354829
Rockland,2024-11,2024,2.9,149622,421.67,53030.0,10301828.0,149.45,851.0,239.83,,354829
Rockland,2024-12,2024,2.8,149784,422.13,52840.0,10267490.0,148.92,883.0,248.85,,354829
Rockland,2025-01,2025,3.3,150584,421.34,53004.0,10286808.0,148.31,,,,357397
Rockland,2025-02,2025,3.6,150773,421.86,52484.0,10129424.0,146.85,,,,357397
Rockland,2025-03,2025,3.2,151415,423.66,53026.0,10362309.0,148.37,,,,357397
Rockland,2025-04,2025,2.5,151874,424.94,53311.0,10304631.0,149.16,,,,357397
Rockland,2025-05,2025,2.6,152206,425.87,53377.0,10284925.0,149.35,,,,357397
Rockland,2025-06,2025,2.9,152325,426.21,53493.0,10237005.0,149.67,,,,357397
Rockland,2025-07,2025,3.4,152955,427.97,54082.0,10433669.0,151.32,,,,357397
Rockland,2025-08,2025,3.6,153110,428.4,54187.0,10389611.0,151.62,,,,357397
Rockland,2025-09,2025,3.5,153328,429.01,54079.0,10286384.0,151.31,,,,357397
Rockland,2025-10,2025,,153468,429.4,53300.0,10497316.0,149.13,,,,357397
Rockland,2025-11,2025,3.2,154858,433.29,51866.0,10204684.0,145.12,,,,357397
Rockland,2025-12,2025,3.0,155439,434.92,51559.0,10307151.0,144.26,,,,357397
Saratoga,2018-01,2018,4.4,32573,141.52,13577.0,1558136.0,58.99,,,,230170
Saratoga,2018-02,2018,4.6,32490,141.16,13587.0,1556489.0,59.03,,,,230170
Saratoga,2018-03,2018,4.1,32594,141.61,13679.0,1579379.0,59.43,,,,230170
Saratoga,2018-04,2018,3.5,32564,141.48,13535.0,1555850.0,58.8,,,,230170
Saratoga,2018-05,2018,3.0,32580,141.55,13293.0,1533942.0,57.75,,,,230170
Saratoga,2018-06,2018,3.3,32588,141.58,12976.0,1494912.0,56.38,,,,230170
Saratoga,2018-07,2018,3.2,32492,141.17,12753.0,1474137.0,55.41,,,,230170
Saratoga,2018-08,2018,3.1,32556,141.44,12583.0,1474624.0,54.67,,,,230170
Saratoga,2018-09,2018,2.9,32492,141.17,12428.0,1454292.0,53.99,,,,230170
Saratoga,2018-10,2018,2.9,32507,141.23,12561.0,1482690.0,54.57,,,,230170
Saratoga,2018-11,2018,2.9,32491,141.16,12641.0,1490434.0,54.92,,,,230170
Saratoga,2018-12,2018,3.3,32575,141.53,12728.0,1506278.0,55.3,,,,230170
Saratoga,2019-01,2019,3.7,32718,142.34,13002.0,1508617.0,56.56,,,,229863
Saratoga,2019-02,2019,3.8,32660,142.08,13135.0,1545189.0,57.14,,,,229863
Saratoga,2019-03,2019,3.6,32665,142.11,13183.0,1551832.0,57.35,,,,229863
Saratoga,2019-04,2019,2.9,32675,142.15,12962.0,1516265.0,56.39,,,,229863
Saratoga,2019-05,2019,2.8,32740,142.43,12823.0,1507280.0,55.79,,,,229863
Saratoga,2019-06,2019,3.0,32762,142.53,12618.0,1473773.0,54.89,,,,229863
Saratoga,2019-07,2019,3.2,32747,142.46,12480.0,1453448.0,54.29,,,,229863
Saratoga,2019-08,2019,3.2,32791,142.65,12423.0,1442497.0,54.05,,,,229863
Saratoga,2019-09,2019,2.9,32808,142.73,12315.0,1435465.0,53.58,,,,229863
Saratoga,2019-10,2019,3.0,32799,142.69,12426.0,1475739.0,54.06,,,,229863
Saratoga,2019-11,2019,3.0,32784,142.62,12470.0,1462936.0,54.25,,,,229863
Saratoga,2019-12,2019,3.3,32791,142.65,12646.0,1493831.0,55.02,,,,229863
Saratoga,2020-01,2020,3.7,32954,139.75,12785.0,1500042.0,54.22,,,,235815
Saratoga,2020-02,2020,3.7,33010,139.98,12725.0,1489030.0,53.96,,,,235815
Saratoga,2020-03,2020,4.3,33071,140.24,12872.0,1525352.0,54.59,,,,235815
Saratoga,2020-04,2020,14.3,33940,143.93,13978.0,3264514.0,59.28,,,,235815
Saratoga,2020-05,2020,10.8,34630,146.85,14133.0,2520726.0,59.93,,,,235815
Saratoga,2020-06,2020,8.7,35133,148.99,13239.0,2225871.0,56.14,,,,235815
Saratoga,2020-07,2020,7.6,35710,151.43,11907.0,2272982.0,50.49,,,,235815
Saratoga,2020-08,2020,5.8,36183,153.44,11979.0,2133086.0,50.8,,,,235815
Saratoga,2020-09,2020,5.1,36693,155.6,12293.0,2040852.0,52.13,,,,235815
Saratoga,2020-10,2020,4.2,37188,157.7,12538.0,2612126.0,53.17,,,,235815
Saratoga,2020-11,2020,4.0,37715,159.93,12902.0,2475300.0,54.71,,,,235815
Saratoga,2020-12,2020,4.4,38364,162.69,13323.0,2516049.0,56.5,,,,235815
Saratoga,2021-01,2021,5.0,38873,163.37,13301.0,2868930.0,55.9,441.0,185.34,,237939
Saratoga,2021-02,2021,5.3,39111,164.37,13307.0,2886164.0,55.93,365.0,153.4,,237939
Saratoga,2021-03,2021,4.9,39448,165.79,13325.0,2881676.0,56.0,316.0,132.81,,237939
Saratoga,2021-04,2021,4.2,39773,167.16,13176.0,3185218.0,55.38,365.0,153.4,,237939
Saratoga,2021-05,2021,3.8,40037,168.27,13133.0,3194921.0,55.19,406.0,170.63,,237939
Saratoga,2021-06,2021,4.1,40344,169.56,12962.0,3133308.0,54.48,433.0,181.98,,237939
Saratoga,2021-07,2021,3.9,40512,170.26,13013.0,3195737.0,54.69,435.0,182.82,,237939
Saratoga,2021-08,2021,3.7,40726,171.16,12891.0,3217448.0,54.18,405.0,170.21,,237939
Saratoga,2021-09,2021,3.1,41068,172.6,13033.0,3203875.0,54.77,436.0,183.24,,237939
Saratoga,2021-10,2021,2.8,41306,173.6,13413.0,3537290.0,56.37,531.0,223.17,,237939
Saratoga,2021-11,2021,2.5,41518,174.49,13813.0,3600114.0,58.05,522.0,219.38,,237939
Saratoga,2021-12,2021,2.4,41984,176.45,14017.0,3694793.0,58.91,531.0,223.17,,237939
Saratoga,2022-01,2022,3.2,42226,177.03,14291.0,3758996.0,59.91,430.0,180.28,,238523
Saratoga,2022-02,2022,3.3,42511,178.23,14114.0,3677223.0,59.17,500.0,209.62,,238523
Saratoga,2022-03,2022,3.0,42715,179.08,14330.0,3752744.0,60.08,386.0,161.83,,238523
Saratoga,2022-04,2022,2.4,42755,179.25,14237.0,3721181.0,59.69,368.0,154.28,,238523
Saratoga,2022-05,2022,2.4,42734,179.16,14187.0,3685602.0,59.48,444.0,186.15,,238523
Saratoga,2022-06,2022,2.7,42920,179.94,13965.0,3605470.0,58.55,523.0,219.27,,238523
Saratoga,2022-07,2022,2.8,43153,180.92,13822.0,3597432.0,57.95,519.0,217.59,,238523
Saratoga,2022-08,2022,2.8,43307,181.56,13754.0,3556789.0,57.66,502.0,210.46,,238523
Saratoga,2022-09,2022,2.4,43720,183.29,13635.0,3554019.0,57.16,430.0,180.28,,238523
Saratoga,2022-10,2022,2.2,43853,183.85,13730.0,4008509.0,57.56,519.0,217.59,,238523
Saratoga,2022-11,2022,2.3,44034,184.61,13805.0,4064607.0,57.88,591.0,247.77,,238523
Saratoga,2022-12,2022,2.5,44315,185.79,14147.0,4174683.0,59.31,630.0,264.13,,238523
Saratoga,2023-01,2023,3.1,44635,186.99,14330.0,4164911.0,60.03,455.0,190.62,,238699
Saratoga,2023-02,2023,3.2,44713,187.32,14385.0,4148780.0,60.26,394.0,165.06,,238699
Saratoga,2023-03,2023,2.8,44938,188.26,14333.0,2633673.0,60.05,446.0,186.85,,238699
Saratoga,2023-04,2023,2.2,45173,189.25,14206.0,2572174.0,59.51,345.0,144.53,,238699
Saratoga,2023-05,2023,2.4,45391,190.16,14126.0,2556982.0,59.18,436.0,182.66,,238699
Saratoga,2023-06,2023,2.5,45725,191.56,13799.0,2495818.0,57.81,480.0,201.09,,238699
Saratoga,2023-07,2023,2.7,45190,189.32,13873.0,2515635.0,58.12,521.0,218.27,,238699
Saratoga,2023-08,2023,2.8,44533,186.57,13934.0,2521946.0,58.37,430.0,180.14,,238699
Saratoga,2023-09,2023,2.6,43779,183.41,14009.0,2527567.0,58.69,426.0,178.47,,238699
Saratoga,2023-10,2023,2.7,43129,180.68,13995.0,2649285.0,58.63,512.0,214.5,,238699
Saratoga,2023-11,2023,2.7,42369,177.5,14132.0,2652567.0,59.2,528.0,221.2,,238699
Saratoga,2023-12,2023,3.0,41456,173.67,14238.0,2657578.0,59.65,513.0,214.92,,238699
Saratoga,2024-01,2024,3.3,40664,169.55,14444.0,2661773.0,60.22,612.0,255.18,,239834
Saratoga,2024-02,2024,3.6,39999,166.78,14658.0,2686422.0,61.12,368.0,153.44,,239834
Saratoga,2024-03,2024,3.3,39302,163.87,14767.0,2699570.0,61.57,403.0,168.03,,239834
Saratoga,2024-04,2024,2.8,38421,160.2,14666.0,2686413.0,61.15,356.0,148.44,,239834
Saratoga,2024-05,2024,2.7,37786,157.55,14574.0,2657436.0,60.77,441.0,183.88,,239834
Saratoga,2024-06,2024,2.8,37089,154.64,14364.0,2638552.0,59.89,483.0,201.39,,239834
Saratoga,2024-07,2024,3.2,36889,153.81,14233.0,2621423.0,59.35,435.0,181.38,,239834
Saratoga,2024-08,2024,3.0,36825,153.54,14161.0,2606422.0,59.05,427.0,178.04,,239834
Saratoga,2024-09,2024,2.5,36751,153.24,14121.0,2601244.0,58.88,462.0,192.63,,239834
Saratoga,2024-10,2024,2.6,36556,152.42,14189.0,2660156.0,59.16,507.0,211.4,,239834
Saratoga,2024-11,2024,2.7,36472,152.07,14154.0,2632479.0,59.02,629.0,262.26,,239834
Saratoga,2024-12,2024,2.8,36442,151.95,14360.0,2670007.0,59.87,650.0,271.02,,239834
Saratoga,2025-01,2025,3.4,36520,151.32,14575.0,2669983.0,60.39,,,,241343
Saratoga,2025-02,2025,3.6,36448,151.02,14539.0,2640607.0,60.24,,,,241343
Saratoga,2025-03,2025,3.2,36541,151.41,14735.0,2684565.0,61.05,,,,241343
Saratoga,2025-04,2025,2.4,36657,151.89,14694.0,2689993.0,60.88,,,,241343
Saratoga,2025-05,2025,2.3,36673,151.95,14673.0,2689161.0,60.8,,,,241343
Saratoga,2025-06,2025,2.5,36476,151.14,14503.0,2656691.0,60.09,,,,241343
Saratoga,2025-07,2025,2.9,36545,151.42,14288.0,2639204.0,59.2,,,,241343
Saratoga,2025-08,2025,3.1,36517,151.31,14105.0,2608335.0,58.44,,,,241343
Saratoga,2025-09,2025,3.1,36566,151.51,14031.0,2604252.0,58.14,,,,241343
Saratoga,2025-10,2025,,36673,151.95,13970.0,2685986.0,57.88,,,,241343
Saratoga,2025-11,2025,2.9,36895,152.87,13519.0,2578926.0,56.02,,,,241343
Saratoga,2025-12,2025,2.9,37022,153.4,13472.0,2542307.0,55.82,,,,241343
Schenectady,2018-01,2018,4.9,43661,281.54,21425.0,2682456.0,138.16,,,,155079
Schenectady,2018-02,2018,5.1,43878,282.94,21502.0,2682694.0,138.65,,,,155079
Schenectady,2018-03,2018,4.6,44002,283.74,21584.0,2690389.0,139.18,,,,155079
Schenectady,2018-04,2018,4.0,44022,283.87,21326.0,2638709.0,137.52,,,,155079
Schenectady,2018-05,2018,3.7,44062,284.13,21332.0,2685158.0,137.56,,,,155079
Schenectady,2018-06,2018,4.0,44142,284.64,21198.0,2673595.0,136.69,,,,155079
Schenectady,2018-07,2018,4.0,44175,284.85,21012.0,2667525.0,135.49,,,,155079
Schenectady,2018-08,2018,3.9,44291,285.6,21009.0,2700504.0,135.47,,,,155079
Schenectady,2018-09,2018,3.5,44175,284.85,20861.0,2665902.0,134.52,,,,155079
Schenectady,2018-10,2018,3.5,44361,286.05,20680.0,2686418.0,133.35,,,,155079
Schenectady,2018-11,2018,3.4,44364,286.07,20537.0,2642614.0,132.43,,,,155079
Schenectady,2018-12,2018,3.8,44427,286.48,20337.0,2588670.0,131.14,,,,155079
Schenectady,2019-01,2019,4.2,44531,286.74,20669.0,2622628.0,133.09,,,,155299
Schenectady,2019-02,2019,4.3,44508,286.6,20358.0,2584276.0,131.09,,,,155299
Schenectady,2019-03,2019,4.0,44467,286.33,20284.0,2558658.0,130.61,,,,155299
Schenectady,2019-04,2019,3.4,44537,286.78,20167.0,2567274.0,129.86,,,,155299
Schenectady,2019-05,2019,3.4,44433,286.11,20473.0,2604957.0,131.83,,,,155299
Schenectady,2019-06,2019,3.6,44417,286.01,20602.0,2651019.0,132.66,,,,155299
Schenectady,2019-07,2019,3.9,44393,285.86,20473.0,2604997.0,131.83,,,,155299
Schenectady,2019-08,2019,3.9,44539,286.8,20528.0,2628944.0,132.18,,,,155299
Schenectady,2019-09,2019,3.4,44443,286.18,20297.0,2597619.0,130.7,,,,155299
Schenectady,2019-10,2019,3.5,44532,286.75,20216.0,2639455.0,130.17,,,,155299
Schenectady,2019-11,2019,3.5,44443,286.18,19982.0,2587491.0,128.67,,,,155299
Schenectady,2019-12,2019,3.8,44290,285.19,20203.0,2617842.0,130.09,,,,155299
Schenectady,2020-01,2020,4.2,44402,281.25,20166.0,2563073.0,127.73,,,,157874
Schenectady,2020-02,2020,4.2,44447,281.53,20100.0,2553436.0,127.32,,,,157874
Schenectady,2020-03,2020,4.9,44455,281.59,20196.0,2592806.0,127.92,,,,157874
Schenectady,2020-04,2020,15.4,45322,287.08,21802.0,4781165.0,138.1,,,,157874
Schenectady,2020-05,2020,12.5,46076,291.85,22167.0,3934262.0,140.41,,,,157874
Schenectady,2020-06,2020,10.5,46787,296.36,22028.0,3717546.0,139.53,,,,157874
Schenectady,2020-07,2020,10.1,47317,299.71,21321.0,3872999.0,135.05,,,,157874
Schenectady,2020-08,2020,8.0,47830,302.96,20930.0,3638528.0,132.57,,,,157874
Schenectady,2020-09,2020,7.2,48451,306.9,21097.0,3495747.0,133.63,,,,157874
Schenectady,2020-10,2020,5.9,48857,309.47,20972.0,4181764.0,132.84,,,,157874
Schenectady,2020-11,2020,5.7,49360,312.65,20793.0,3907006.0,131.71,,,,157874
Schenectady,2020-12,2020,6.0,49980,316.58,20989.0,3912225.0,132.95,,,,157874
Schenectady,2021-01,2021,6.6,50455,315.75,20943.0,4432162.0,131.06,308.0,192.75,,159796
Schenectady,2021-02,2021,6.8,50553,316.36,20942.0,4473996.0,131.05,277.0,173.35,,159796
Schenectady,2021-03,2021,6.5,50935,318.75,20982.0,4456774.0,131.3,277.0,173.35,,159796
Schenectady,2021-04,2021,5.5,51259,320.78,21025.0,4971307.0,131.57,301.0,188.37,,159796
Schenectady,2021-05,2021,5.2,51513,322.37,21052.0,5014821.0,131.74,311.0,194.62,,159796
Schenectady,2021-06,2021,5.6,51901,324.8,21141.0,5006706.0,132.3,377.0,235.93,,159796
Schenectady,2021-07,2021,5.3,52242,326.93,21077.0,5028689.0,131.9,324.0,202.76,,159796
Schenectady,2021-08,2021,5.0,52439,328.16,20863.0,5050799.0,130.56,329.0,205.89,,159796
Schenectady,2021-09,2021,4.2,52848,330.72,21369.0,5118318.0,133.73,333.0,208.39,,159796
Schenectady,2021-10,2021,3.8,53258,333.29,21771.0,5588514.0,136.24,367.0,229.67,,159796
Schenectady,2021-11,2021,3.4,53526,334.96,22142.0,5599333.0,138.56,387.0,242.18,,159796
Schenectady,2021-12,2021,3.1,53959,337.67,22336.0,5746613.0,139.78,348.0,217.78,,159796
Schenectady,2022-01,2022,4.0,54334,340.03,22293.0,5724361.0,139.51,375.0,234.68,,159790
Schenectady,2022-02,2022,4.2,54547,341.37,22331.0,5754974.0,139.75,350.0,219.04,,159790
Schenectady,2022-03,2022,3.7,54775,342.79,22746.0,5868100.0,142.35,359.0,224.67,,159790
Schenectady,2022-04,2022,3.2,54921,343.71,22653.0,5832199.0,141.77,256.0,160.21,,159790
Schenectady,2022-05,2022,3.2,55056,344.55,22690.0,5818271.0,142.0,309.0,193.38,,159790
Schenectady,2022-06,2022,3.4,55362,346.47,22515.0,5729196.0,140.9,362.0,226.55,,159790
Schenectady,2022-07,2022,3.7,55744,348.86,22156.0,5685478.0,138.66,296.0,185.24,,159790
Schenectady,2022-08,2022,3.8,55991,350.4,22030.0,5665162.0,137.87,332.0,207.77,,159790
Schenectady,2022-09,2022,3.1,56292,352.29,22088.0,5788146.0,138.23,326.0,204.02,,159790
Schenectady,2022-10,2022,3.0,56548,353.89,22005.0,6318615.0,137.71,317.0,198.39,,159790
Schenectady,2022-11,2022,3.0,56733,355.05,21836.0,6294369.0,136.65,340.0,212.78,,159790
Schenectady,2022-12,2022,3.1,57020,356.84,21606.0,6250011.0,135.21,443.0,277.24,,159790
Schenectady,2023-01,2023,3.7,57285,357.74,21165.0,6154454.0,132.17,365.0,227.94,,160129
Schenectady,2023-02,2023,3.8,57480,358.96,21312.0,6240306.0,133.09,326.0,203.59,,160129
Schenectady,2023-03,2023,3.4,57858,361.32,21402.0,4479529.0,133.65,322.0,201.09,,160129
Schenectady,2023-04,2023,2.7,58088,362.76,21194.0,4235944.0,132.36,262.0,163.62,,160129
Schenectady,2023-05,2023,3.1,58357,364.44,21044.0,4155602.0,131.42,342.0,213.58,,160129
Schenectady,2023-06,2023,3.2,58736,366.8,20985.0,4170469.0,131.05,269.0,167.99,,160129
Schenectady,2023-07,2023,3.5,58093,362.79,20563.0,4109955.0,128.42,347.0,216.7,,160129
Schenectady,2023-08,2023,3.8,57216,357.31,20505.0,4143472.0,128.05,337.0,210.46,,160129
Schenectady,2023-09,2023,3.4,56339,351.84,20360.0,4141298.0,127.15,326.0,203.59,,160129
Schenectady,2023-10,2023,3.6,55529,346.78,20473.0,4380164.0,127.85,332.0,207.33,,160129
Schenectady,2023-11,2023,3.5,54473,340.18,20499.0,4296310.0,128.02,337.0,210.46,,160129
Schenectady,2023-12,2023,3.8,53443,333.75,20732.0,4392949.0,129.47,373.0,232.94,,160129
Schenectady,2024-01,2024,4.1,52513,324.66,20714.0,4323004.0,128.06,401.0,247.92,,161747
Schenectady,2024-02,2024,4.3,51726,319.8,20818.0,4326726.0,128.71,324.0,200.31,,161747
Schenectady,2024-03,2024,3.9,51015,315.4,20822.0,4302199.0,128.73,329.0,203.4,,161747
Schenectady,2024-04,2024,3.4,49868,308.31,21419.0,4432426.0,132.42,290.0,179.29,,161747
Schenectady,2024-05,2024,3.5,49005,302.97,21697.0,4418972.0,134.14,329.0,203.4,,161747
Schenectady,2024-06,2024,3.7,48210,298.06,21539.0,4334755.0,133.16,358.0,221.33,,161747
Schenectady,2024-07,2024,4.0,47990,296.7,21731.0,4359899.0,134.35,342.0,211.44,,161747
Schenectady,2024-08,2024,4.0,47941,296.39,21758.0,4384400.0,134.52,294.0,181.77,,161747
Schenectady,2024-09,2024,3.3,47789,295.46,21731.0,4366559.0,134.35,327.0,202.17,,161747
Schenectady,2024-10,2024,3.4,47830,295.71,21789.0,4443698.0,134.71,368.0,227.52,,161747
Schenectady,2024-11,2024,3.4,47585,294.19,21479.0,4341494.0,132.79,336.0,207.73,,161747
Schenectady,2024-12,2024,3.5,47501,293.67,21389.0,4341203.0,132.24,439.0,271.41,,161747
Schenectady,2025-01,2025,4.1,47447,291.84,21073.0,4254091.0,129.62,,,,162581
Schenectady,2025-02,2025,4.4,47256,290.66,20875.0,4221415.0,128.4,,,,162581
Schenectady,2025-03,2025,3.8,47205,290.35,21151.0,4306704.0,130.1,,,,162581
Schenectady,2025-04,2025,3.0,47210,290.38,20998.0,4209118.0,129.15,,,,162581
Schenectady,2025-05,2025,3.0,47140,289.95,21192.0,4284357.0,130.35,,,,162581
Schenectady,2025-06,2025,3.3,47209,290.37,21268.0,4248553.0,130.81,,,,162581
Schenectady,2025-07,2025,3.8,47239,290.56,21615.0,4328930.0,132.95,,,,162581
Schenectady,2025-08,2025,4.1,47106,289.74,21698.0,4323881.0,133.46,,,,162581
Schenectady,2025-09,2025,4.0,47128,289.87,21790.0,4336337.0,134.03,,,,162581
Schenectady,2025-10,2025,,47126,289.86,21858.0,4495823.0,134.44,,,,162581
Schenectady,2025-11,2025,3.7,47434,291.76,21249.0,4329627.0,130.7,,,,162581
Schenectady,2025-12,2025,3.7,47478,292.03,21318.0,4330842.0,131.12,,,,162581
Schoharie,2018-01,2018,7.6,6896,221.41,3578.0,421742.0,114.88,,,,31146
Schoharie,2018-02,2018,7.2,6887,221.12,3593.0,423388.0,115.36,,,,31146
Schoharie,2018-03,2018,6.5,6876,220.77,3587.0,431960.0,115.17,,,,31146
Schoharie,2018-04,2018,5.2,6900,221.54,3494.0,414505.0,112.18,,,,31146
Schoharie,2018-05,2018,4.2,6897,221.44,3503.0,413276.0,112.47,,,,31146
Schoharie,2018-06,2018,4.5,6870,220.57,3509.0,414981.0,112.66,,,,31146
Schoharie,2018-07,2018,4.5,6891,221.25,3420.0,411805.0,109.81,,,,31146
Schoharie,2018-08,2018,4.3,6917,222.08,3444.0,413261.0,110.58,,,,31146
Schoharie,2018-09,2018,3.6,6887,221.12,3380.0,407328.0,108.52,,,,31146
Schoharie,2018-10,2018,3.6,6872,220.64,3408.0,413183.0,109.42,,,,31146
Schoharie,2018-11,2018,3.6,6883,220.99,3401.0,410396.0,109.2,,,,31146
Schoharie,2018-12,2018,4.4,6883,220.99,3437.0,418797.0,110.35,,,,31146
Schoharie,2019-01,2019,6.5,6858,221.23,3441.0,412448.0,111.0,,,,30999
Schoharie,2019-02,2019,6.4,6842,220.72,3498.0,419881.0,112.84,,,,30999
Schoharie,2019-03,2019,5.6,6837,220.56,3509.0,421459.0,113.2,,,,30999
Schoharie,2019-04,2019,4.1,6820,220.01,3465.0,413361.0,111.78,,,,30999
Schoharie,2019-05,2019,3.7,6849,220.94,3405.0,405357.0,109.84,,,,30999
Schoharie,2019-06,2019,3.9,6791,219.07,3363.0,400441.0,108.49,,,,30999
Schoharie,2019-07,2019,4.7,6827,220.23,3383.0,407501.0,109.13,,,,30999
Schoharie,2019-08,2019,4.4,6844,220.78,3365.0,406445.0,108.55,,,,30999
Schoharie,2019-09,2019,3.7,6781,218.75,3390.0,409723.0,109.36,,,,30999
Schoharie,2019-10,2019,3.7,6776,218.59,3371.0,412125.0,108.75,,,,30999
Schoharie,2019-11,2019,3.8,6795,219.2,3388.0,412111.0,109.29,,,,30999
Schoharie,2019-12,2019,4.9,6786,218.91,3454.0,418363.0,111.42,,,,30999
Schoharie,2020-01,2020,6.3,6846,230.06,3524.0,420311.0,118.42,,,,29758
Schoharie,2020-02,2020,6.3,6842,229.92,3506.0,414868.0,117.82,,,,29758
Schoharie,2020-03,2020,6.9,6847,230.09,3456.0,408951.0,116.14,,,,29758
Schoharie,2020-04,2020,13.8,6931,232.91,3573.0,831269.0,120.07,,,,29758
Schoharie,2020-05,2020,10.3,7005,235.4,3627.0,638934.0,121.88,,,,29758
Schoharie,2020-06,2020,8.4,7086,238.12,3554.0,582227.0,119.43,,,,29758
Schoharie,2020-07,2020,8.3,7177,241.18,3498.0,662089.0,117.55,,,,29758
Schoharie,2020-08,2020,6.1,7268,244.24,3381.0,599420.0,113.62,,,,29758
Schoharie,2020-09,2020,5.4,7345,246.82,3442.0,559168.0,115.67,,,,29758
Schoharie,2020-10,2020,4.7,7406,248.87,3430.0,705468.0,115.26,,,,29758
Schoharie,2020-11,2020,4.7,7414,249.14,3461.0,645053.0,116.3,,,,29758
Schoharie,2020-12,2020,5.6,7489,251.66,3467.0,649004.0,116.51,,,,29758
Schoharie,2021-01,2021,6.6,7553,250.54,3489.0,739794.0,115.73,63.0,208.98,,30147
Schoharie,2021-02,2021,6.9,7578,251.37,3527.0,763417.0,116.99,59.0,195.71,,30147
Schoharie,2021-03,2021,6.5,7626,252.96,3515.0,752109.0,116.6,80.0,265.37,,30147
Schoharie,2021-04,2021,5.2,7656,253.96,3521.0,833675.0,116.79,30.0,99.51,,30147
Schoharie,2021-05,2021,4.6,7697,255.32,3524.0,834223.0,116.89,50.0,165.85,,30147
Schoharie,2021-06,2021,5.0,7762,257.47,3479.0,826884.0,115.4,81.0,268.68,,30147
Schoharie,2021-07,2021,5.0,7817,259.3,3398.0,809847.0,112.71,40.0,132.68,,30147
Schoharie,2021-08,2021,4.7,7840,260.06,3383.0,803433.0,112.22,49.0,162.54,,30147
Schoharie,2021-09,2021,3.8,7904,262.18,3452.0,825645.0,114.51,52.0,172.49,,30147
Schoharie,2021-10,2021,3.5,7975,264.54,3514.0,893200.0,116.56,84.0,278.63,,30147
Schoharie,2021-11,2021,3.2,8005,265.53,3612.0,917749.0,119.81,103.0,341.66,,30147
Schoharie,2021-12,2021,3.3,8060,267.36,3673.0,934116.0,121.84,65.0,215.61,,30147
Schoharie,2022-01,2022,4.9,8139,270.77,3718.0,929850.0,123.69,79.0,262.82,,30059
Schoharie,2022-02,2022,5.2,8185,272.3,3751.0,944248.0,124.79,75.0,249.51,,30059
Schoharie,2022-03,2022,4.6,8213,273.23,3800.0,949875.0,126.42,67.0,222.89,,30059
Schoharie,2022-04,2022,3.3,8235,273.96,3774.0,954414.0,125.55,43.0,143.05,,30059
Schoharie,2022-05,2022,3.2,8236,273.99,3718.0,935345.0,123.69,49.0,163.01,,30059
Schoharie,2022-06,2022,3.5,8274,275.26,3728.0,932509.0,124.02,85.0,282.78,,30059
Schoharie,2022-07,2022,3.8,8300,276.12,3664.0,926197.0,121.89,50.0,166.34,,30059
Schoharie,2022-08,2022,4.0,8356,277.99,3642.0,920127.0,121.16,55.0,182.97,,30059
Schoharie,2022-09,2022,3.0,8449,281.08,3667.0,937075.0,121.99,64.0,212.91,,30059
Schoharie,2022-10,2022,2.9,8451,281.15,3743.0,1075278.0,124.52,69.0,229.55,,30059
Schoharie,2022-11,2022,3.3,8483,282.21,3773.0,1070774.0,125.52,86.0,286.1,,30059
Schoharie,2022-12,2022,4.3,8517,283.34,3862.0,1101141.0,128.48,81.0,269.47,,30059
Schoharie,2023-01,2023,5.8,8614,285.8,3902.0,1100106.0,129.46,64.0,212.34,,30140
Schoharie,2023-02,2023,5.7,8638,286.6,3928.0,1107329.0,130.33,45.0,149.3,,30140
Schoharie,2023-03,2023,4.9,8661,287.36,3879.0,690365.0,128.7,63.0,209.02,,30140
Schoharie,2023-04,2023,3.5,8688,288.25,3832.0,671439.0,127.14,33.0,109.49,,30140
Schoharie,2023-05,2023,3.5,8688,288.25,3782.0,669244.0,125.48,46.0,152.62,,30140
Schoharie,2023-06,2023,3.6,8737,289.88,3745.0,660008.0,124.25,76.0,252.16,,30140
Schoharie,2023-07,2023,3.9,8659,287.29,3720.0,651020.0,123.42,57.0,189.12,,30140
Schoharie,2023-08,2023,4.1,8560,284.01,3686.0,647874.0,122.3,61.0,202.39,,30140
Schoharie,2023-09,2023,3.4,8427,279.6,3672.0,645138.0,121.83,62.0,205.71,,30140
Schoharie,2023-10,2023,3.6,8336,276.58,3682.0,674955.0,122.16,70.0,232.25,,30140
Schoharie,2023-11,2023,3.7,8241,273.42,3665.0,667826.0,121.6,114.0,378.23,,30140
Schoharie,2023-12,2023,4.4,8052,267.15,3770.0,684416.0,125.08,77.0,255.47,,30140
Schoharie,2024-01,2024,5.6,7874,260.43,3870.0,690747.0,128.0,70.0,231.52,,30235
Schoharie,2024-02,2024,5.5,7746,256.19,3852.0,686216.0,127.4,55.0,181.91,,30235
Schoharie,2024-03,2024,4.9,7649,252.98,3827.0,679456.0,126.58,66.0,218.29,,30235
Schoharie,2024-04,2024,3.9,7512,248.45,3750.0,664728.0,124.03,57.0,188.52,,30235
Schoharie,2024-05,2024,3.6,7394,244.55,3684.0,648793.0,121.85,62.0,205.06,,30235
Schoharie,2024-06,2024,3.9,7252,239.85,3662.0,636078.0,121.12,61.0,201.75,,30235
Schoharie,2024-07,2024,4.2,7184,237.61,3662.0,639685.0,121.12,72.0,238.13,,30235
Schoharie,2024-08,2024,4.1,7165,236.98,3665.0,640815.0,121.22,64.0,211.68,,30235
Schoharie,2024-09,2024,3.3,7144,236.28,3645.0,643072.0,120.56,70.0,231.52,,30235
Schoharie,2024-10,2024,3.2,7068,233.77,3684.0,673016.0,121.85,81.0,267.9,,30235
Schoharie,2024-11,2024,3.4,7081,234.2,3700.0,672671.0,122.37,128.0,423.35,,30235
Schoharie,2024-12,2024,3.9,7076,234.03,3697.0,671771.0,122.28,111.0,367.12,,30235
Schoharie,2025-01,2025,5.0,7084,234.76,3805.0,680418.0,126.09,,,,30176
Schoharie,2025-02,2025,5.4,7060,233.96,3853.0,684875.0,127.68,,,,30176
Schoharie,2025-03,2025,4.6,7099,235.25,3919.0,695867.0,129.87,,,,30176
Schoharie,2025-04,2025,3.2,7122,236.02,3917.0,698661.0,129.81,,,,30176
Schoharie,2025-05,2025,2.8,7109,235.58,3865.0,695083.0,128.08,,,,30176
Schoharie,2025-06,2025,3.2,7118,235.88,3787.0,678525.0,125.5,,,,30176
Schoharie,2025-07,2025,3.7,7079,234.59,3688.0,672796.0,122.22,,,,30176
Schoharie,2025-08,2025,3.9,7068,234.23,3673.0,663509.0,121.72,,,,30176
Schoharie,2025-09,2025,3.7,7078,234.56,3611.0,649878.0,119.66,,,,30176
Schoharie,2025-10,2025,,7139,236.58,3635.0,675940.0,120.46,,,,30176
Schoharie,2025-11,2025,3.9,7166,237.47,3550.0,648022.0,117.64,,,,30176
Schoharie,2025-12,2025,4.3,7232,239.66,3554.0,644544.0,117.78,,,,30176
Schuyler,2018-01,2018,7.7,3754,209.91,2342.0,263774.0,130.96,,,,17884
Schuyler,2018-02,2018,7.8,3758,210.13,2310.0,256309.0,129.17,,,,17884
Schuyler,2018-03,2018,7.1,3731,208.62,2309.0,255564.0,129.11,,,,17884
Schuyler,2018-04,2018,5.4,3751,209.74,2263.0,251306.0,126.54,,,,17884
Schuyler,2018-05,2018,4.2,3747,209.52,2192.0,245711.0,122.57,,,,17884
Schuyler,2018-06,2018,4.1,3741,209.18,2172.0,247593.0,121.45,,,,17884
Schuyler,2018-07,2018,4.0,3749,209.63,2076.0,238871.0,116.08,,,,17884
Schuyler,2018-08,2018,3.8,3777,211.19,2065.0,236587.0,115.47,,,,17884
Schuyler,2018-09,2018,3.4,3768,210.69,2029.0,227857.0,113.45,,,,17884
Schuyler,2018-10,2018,3.5,3787,211.75,2067.0,236757.0,115.58,,,,17884
Schuyler,2018-11,2018,4.2,3767,210.64,2079.0,236528.0,116.25,,,,17884
Schuyler,2018-12,2018,5.6,3769,210.75,2107.0,240360.0,117.81,,,,17884
Schuyler,2019-01,2019,6.2,3793,213.01,2193.0,249962.0,123.15,,,,17807
Schuyler,2019-02,2019,6.2,3774,211.94,2157.0,245265.0,121.13,,,,17807
Schuyler,2019-03,2019,5.7,3770,211.71,2172.0,245647.0,121.97,,,,17807
Schuyler,2019-04,2019,4.3,3766,211.49,2095.0,237184.0,117.65,,,,17807
Schuyler,2019-05,2019,3.5,3757,210.98,2127.0,243363.0,119.45,,,,17807
Schuyler,2019-06,2019,3.6,3771,211.77,2106.0,239786.0,118.27,,,,17807
Schuyler,2019-07,2019,3.9,3786,212.61,2103.0,238452.0,118.1,,,,17807
Schuyler,2019-08,2019,3.8,3760,211.15,2082.0,238153.0,116.92,,,,17807
Schuyler,2019-09,2019,3.2,3732,209.58,2059.0,231900.0,115.63,,,,17807
Schuyler,2019-10,2019,3.5,3752,210.7,2063.0,238905.0,115.85,,,,17807
Schuyler,2019-11,2019,4.2,3714,208.57,2037.0,237612.0,114.39,,,,17807
Schuyler,2019-12,2019,5.3,3696,207.56,2041.0,233710.0,114.62,,,,17807
Schuyler,2020-01,2020,6.5,3711,207.75,2086.0,235525.0,116.78,,,,17863
Schuyler,2020-02,2020,6.4,3736,209.15,2112.0,237539.0,118.23,,,,17863
Schuyler,2020-03,2020,7.3,3752,210.04,2161.0,246453.0,120.98,,,,17863
Schuyler,2020-04,2020,19.3,3839,214.91,2281.0,540677.0,127.69,,,,17863
Schuyler,2020-05,2020,14.2,3916,219.22,2241.0,395294.0,125.45,,,,17863
Schuyler,2020-06,2020,9.8,3938,220.46,2122.0,360046.0,118.79,,,,17863
Schuyler,2020-07,2020,8.5,3969,222.19,1936.0,360780.0,108.38,,,,17863
Schuyler,2020-08,2020,6.3,4033,225.77,1980.0,351718.0,110.84,,,,17863
Schuyler,2020-09,2020,5.4,4078,228.29,2022.0,322473.0,113.19,,,,17863
Schuyler,2020-10,2020,5.0,4090,228.96,2020.0,425536.0,113.08,,,,17863
Schuyler,2020-11,2020,5.4,4093,229.13,2049.0,392180.0,114.71,,,,17863
Schuyler,2020-12,2020,6.7,4139,231.71,2061.0,385004.0,115.38,,,,17863
Schuyler,2021-01,2021,7.3,4160,233.84,2069.0,449073.0,116.3,35.0,196.74,,17790
Schuyler,2021-02,2021,7.6,4169,234.35,2072.0,450470.0,116.47,35.0,196.74,,17790
Schuyler,2021-03,2021,7.1,4196,235.86,2059.0,445761.0,115.74,30.0,168.63,,17790
Schuyler,2021-04,2021,5.4,4197,235.92,2037.0,484362.0,114.5,21.0,118.04,,17790
Schuyler,2021-05,2021,4.5,4223,237.38,1979.0,471949.0,111.24,37.0,207.98,,17790
Schuyler,2021-06,2021,4.9,4228,237.66,1986.0,478932.0,111.64,58.0,326.03,,17790
Schuyler,2021-07,2021,4.6,4258,239.35,1996.0,485574.0,112.2,57.0,320.4,,17790
Schuyler,2021-08,2021,4.2,4287,240.98,1994.0,492395.0,112.09,41.0,230.47,,17790
Schuyler,2021-09,2021,3.6,4325,243.11,2000.0,476064.0,112.42,32.0,179.88,,17790
Schuyler,2021-10,2021,3.4,4346,244.29,2014.0,518540.0,113.21,54.0,303.54,,17790
Schuyler,2021-11,2021,3.6,4351,244.58,2073.0,529570.0,116.53,54.0,303.54,,17790
Schuyler,2021-12,2021,3.7,4400,247.33,2099.0,546477.0,117.99,42.0,236.09,,17790
Schuyler,2022-01,2022,5.2,4428,251.72,2116.0,541690.0,120.29,43.0,244.44,,17591
Schuyler,2022-02,2022,5.5,4418,251.15,2152.0,548949.0,122.34,24.0,136.43,,17591
Schuyler,2022-03,2022,4.9,4437,252.23,2183.0,551353.0,124.1,39.0,221.7,,17591
Schuyler,2022-04,2022,3.8,4447,252.8,2175.0,553823.0,123.64,25.0,142.12,,17591
Schuyler,2022-05,2022,3.2,4460,253.54,2147.0,546168.0,122.05,31.0,176.23,,17591
Schuyler,2022-06,2022,3.3,4466,253.88,2123.0,537242.0,120.69,40.0,227.39,,17591
Schuyler,2022-07,2022,3.2,4484,254.9,2073.0,541163.0,117.84,45.0,255.81,,17591
Schuyler,2022-08,2022,3.3,4495,255.53,2025.0,514661.0,115.12,43.0,244.44,,17591
Schuyler,2022-09,2022,2.7,4516,256.72,2050.0,521518.0,116.54,41.0,233.07,,17591
Schuyler,2022-10,2022,2.6,4516,256.72,2057.0,591198.0,116.93,55.0,312.66,,17591
Schuyler,2022-11,2022,3.4,4526,257.29,2091.0,610584.0,118.87,63.0,358.14,,17591
Schuyler,2022-12,2022,3.9,4577,260.19,2163.0,625718.0,122.96,57.0,324.03,,17591
Schuyler,2023-01,2023,5.3,4593,263.34,2124.0,609017.0,121.78,55.0,315.35,,17441
Schuyler,2023-02,2023,5.2,4606,264.09,2132.0,603469.0,122.24,27.0,154.81,,17441
Schuyler,2023-03,2023,4.6,4608,264.21,2124.0,375287.0,121.78,40.0,229.34,,17441
Schuyler,2023-04,2023,3.3,4625,265.18,2096.0,353299.0,120.18,36.0,206.41,,17441
Schuyler,2023-05,2023,3.0,4650,266.61,2032.0,341696.0,116.51,43.0,246.55,,17441
Schuyler,2023-06,2023,3.0,4654,266.84,1971.0,334671.0,113.01,48.0,275.21,,17441
Schuyler,2023-07,2023,3.1,4579,262.54,1979.0,337646.0,113.47,41.0,235.08,,17441
Schuyler,2023-08,2023,3.3,4488,257.32,1916.0,327614.0,109.86,43.0,246.55,,17441
Schuyler,2023-09,2023,2.9,4418,253.31,1914.0,331354.0,109.74,45.0,258.01,,17441
Schuyler,2023-10,2023,3.1,4327,248.09,1897.0,334340.0,108.77,60.0,344.02,,17441
Schuyler,2023-11,2023,3.8,4256,244.02,1922.0,337529.0,110.2,73.0,418.55,,17441
Schuyler,2023-12,2023,4.8,4164,238.75,1990.0,351274.0,114.1,54.0,309.62,,17441
Schuyler,2024-01,2024,5.7,4131,241.0,2021.0,349360.0,117.9,62.0,361.71,,17141
Schuyler,2024-02,2024,5.9,4020,234.53,2061.0,355597.0,120.24,28.0,163.35,,17141
Schuyler,2024-03,2024,5.4,3950,230.44,2024.0,343206.0,118.08,38.0,221.69,,17141
Schuyler,2024-04,2024,4.1,3837,223.85,2026.0,341202.0,118.2,27.0,157.52,,17141
Schuyler,2024-05,2024,3.3,3768,219.82,2022.0,338126.0,117.96,34.0,198.35,,17141
Schuyler,2024-06,2024,3.4,3669,214.05,1938.0,320640.0,113.06,60.0,350.04,,17141
Schuyler,2024-07,2024,3.7,3632,211.89,1943.0,335028.0,113.35,53.0,309.2,,17141
Schuyler,2024-08,2024,3.5,3568,208.16,1911.0,322861.0,111.49,43.0,250.86,,17141
Schuyler,2024-09,2024,2.8,3539,206.46,1903.0,317342.0,111.02,66.0,385.04,,17141
Schuyler,2024-10,2024,3.0,3531,206.0,1857.0,315483.0,108.34,79.0,460.88,,17141
Schuyler,2024-11,2024,3.6,3539,206.46,1872.0,322100.0,109.21,68.0,396.71,,17141
Schuyler,2024-12,2024,4.7,3537,206.35,1870.0,323042.0,109.1,68.0,396.71,,17141
Schuyler,2025-01,2025,6.1,3526,208.34,1937.0,333907.0,114.45,,,,16924
Schuyler,2025-02,2025,6.6,3503,206.98,1921.0,329903.0,113.51,,,,16924
Schuyler,2025-03,2025,5.4,3523,208.17,1923.0,334717.0,113.63,,,,16924
Schuyler,2025-04,2025,3.7,3511,207.46,1927.0,333778.0,113.86,,,,16924
Schuyler,2025-05,2025,2.9,3485,205.92,1880.0,324805.0,111.08,,,,16924
Schuyler,2025-06,2025,2.9,3479,205.57,1822.0,313693.0,107.66,,,,16924
Schuyler,2025-07,2025,3.4,3488,206.1,1756.0,305722.0,103.76,,,,16924
Schuyler,2025-08,2025,3.5,3499,206.75,1742.0,304685.0,102.93,,,,16924
Schuyler,2025-09,2025,3.4,3483,205.8,1684.0,294994.0,99.5,,,,16924
Schuyler,2025-10,2025,,3461,204.5,1699.0,306516.0,100.39,,,,16924
Schuyler,2025-11,2025,4.1,3484,205.86,1668.0,301132.0,98.56,,,,16924
Schuyler,2025-12,2025,4.8,3498,206.69,1677.0,296902.0,99.09,,,,16924
Seneca,2018-01,2018,5.3,7892,230.9,3210.0,367644.0,93.92,,,,34179
Seneca,2018-02,2018,5.7,7882,230.61,3169.0,361391.0,92.72,,,,34179
Seneca,2018-03,2018,4.9,7912,231.49,3118.0,354527.0,91.23,,,,34179
Seneca,2018-04,2018,4.0,7880,230.55,3018.0,347634.0,88.3,,,,34179
Seneca,2018-05,2018,3.5,7878,230.49,2969.0,349268.0,86.87,,,,34179
Seneca,2018-06,2018,3.8,7905,231.28,3001.0,354594.0,87.8,,,,34179
Seneca,2018-07,2018,3.5,7904,231.25,2903.0,340459.0,84.94,,,,34179
Seneca,2018-08,2018,3.4,7932,232.07,2926.0,346285.0,85.61,,,,34179
Seneca,2018-09,2018,3.0,7906,231.31,2981.0,346124.0,87.22,,,,34179
Seneca,2018-10,2018,3.1,7926,231.9,3003.0,358587.0,87.86,,,,34179
Seneca,2018-11,2018,3.0,7945,232.45,2934.0,343383.0,85.84,,,,34179
Seneca,2018-12,2018,3.8,7944,232.42,3002.0,348272.0,87.83,,,,34179
Seneca,2019-01,2019,4.6,7974,234.42,3081.0,353723.0,90.58,,,,34016
Seneca,2019-02,2019,4.6,7978,234.54,2984.0,338171.0,87.72,,,,34016
Seneca,2019-03,2019,4.3,7952,233.77,3002.0,341690.0,88.25,,,,34016
Seneca,2019-04,2019,3.3,7961,234.04,2994.0,346769.0,88.02,,,,34016
Seneca,2019-05,2019,3.2,7948,233.65,2961.0,339484.0,87.05,,,,34016
Seneca,2019-06,2019,3.4,7964,234.13,2946.0,338398.0,86.61,,,,34016
Seneca,2019-07,2019,3.6,7925,232.98,2920.0,332790.0,85.84,,,,34016
Seneca,2019-08,2019,3.5,7857,230.98,2926.0,334685.0,86.02,,,,34016
Seneca,2019-09,2019,3.2,7817,229.8,2940.0,331627.0,86.43,,,,34016
Seneca,2019-10,2019,3.4,7867,231.27,2943.0,340102.0,86.52,,,,34016
Seneca,2019-11,2019,3.6,7852,230.83,2988.0,344410.0,87.84,,,,34016
Seneca,2019-12,2019,4.4,7880,231.66,3058.0,351153.0,89.9,,,,34016
Seneca,2020-01,2020,5.2,7887,235.82,3102.0,353850.0,92.75,,,,33445
Seneca,2020-02,2020,5.2,7915,236.66,3116.0,356911.0,93.17,,,,33445
Seneca,2020-03,2020,5.9,7859,234.98,3176.0,365754.0,94.96,,,,33445
Seneca,2020-04,2020,17.8,7928,237.05,3318.0,778524.0,99.21,,,,33445
Seneca,2020-05,2020,14.1,7956,237.88,3292.0,583175.0,98.43,,,,33445
Seneca,2020-06,2020,10.5,7988,238.84,3058.0,519744.0,91.43,,,,33445
Seneca,2020-07,2020,9.4,8015,239.65,2873.0,531701.0,85.9,,,,33445
Seneca,2020-08,2020,7.5,8108,242.43,2829.0,496128.0,84.59,,,,33445
Seneca,2020-09,2020,6.3,8220,245.78,2986.0,485774.0,89.28,,,,33445
Seneca,2020-10,2020,5.1,8310,248.47,3035.0,629708.0,90.75,,,,33445
Seneca,2020-11,2020,5.2,8414,251.58,3120.0,585565.0,93.29,,,,33445
Seneca,2020-12,2020,6.0,8529,255.02,3154.0,588821.0,94.3,,,,33445
Seneca,2021-01,2021,6.8,8562,257.6,3222.0,687502.0,96.94,73.0,219.63,,33237
Seneca,2021-02,2021,7.3,8615,259.2,3264.0,710248.0,98.2,77.0,231.67,,33237
Seneca,2021-03,2021,6.8,8662,260.61,3249.0,696844.0,97.75,58.0,174.5,,33237
Seneca,2021-04,2021,5.6,8700,261.76,3251.0,764635.0,97.81,60.0,180.52,,33237
Seneca,2021-05,2021,5.0,8765,263.71,3252.0,770136.0,97.84,71.0,213.62,,33237
Seneca,2021-06,2021,5.3,8851,266.3,3226.0,760848.0,97.06,87.0,261.76,,33237
Seneca,2021-07,2021,4.8,8902,267.83,3173.0,754042.0,95.47,76.0,228.66,,33237
Seneca,2021-08,2021,4.4,8981,270.21,3175.0,761737.0,95.53,72.0,216.63,,33237
Seneca,2021-09,2021,3.8,9045,272.14,3222.0,760692.0,96.94,62.0,186.54,,33237
Seneca,2021-10,2021,3.6,9094,273.61,3303.0,839300.0,99.38,104.0,312.9,,33237
Seneca,2021-11,2021,3.3,9113,274.18,3362.0,845388.0,101.15,116.0,349.01,,33237
Seneca,2021-12,2021,3.1,9177,276.11,3421.0,870233.0,102.93,89.0,267.77,,33237
Seneca,2022-01,2022,4.3,9236,282.65,3485.0,885053.0,106.65,85.0,260.13,,32676
Seneca,2022-02,2022,4.5,9254,283.2,3573.0,899669.0,109.35,96.0,293.79,,32676
Seneca,2022-03,2022,4.1,9250,283.08,3606.0,909863.0,110.36,69.0,211.16,,32676
Seneca,2022-04,2022,3.2,9256,283.27,3628.0,908896.0,111.03,58.0,177.5,,32676
Seneca,2022-05,2022,2.9,9280,284.0,3601.0,898295.0,110.2,81.0,247.89,,32676
Seneca,2022-06,2022,3.1,9315,285.07,3640.0,909369.0,111.4,92.0,281.55,,32676
Seneca,2022-07,2022,3.2,9319,285.19,3640.0,915805.0,111.4,93.0,284.61,,32676
Seneca,2022-08,2022,3.4,9378,287.0,3588.0,903935.0,109.81,74.0,226.47,,32676
Seneca,2022-09,2022,2.7,9396,287.55,3623.0,919884.0,110.88,96.0,293.79,,32676
Seneca,2022-10,2022,2.7,9415,288.13,3634.0,1032680.0,111.21,94.0,287.67,,32676
Seneca,2022-11,2022,2.9,9432,288.65,3671.0,1047429.0,112.35,125.0,382.54,,32676
Seneca,2022-12,2022,3.3,9451,289.23,3749.0,1076037.0,114.73,113.0,345.82,,32676
Seneca,2023-01,2023,4.3,9518,293.32,3759.0,1063770.0,115.84,85.0,261.95,,32449
Seneca,2023-02,2023,4.4,9552,294.37,3760.0,1056898.0,115.87,70.0,215.72,,32449
Seneca,2023-03,2023,3.9,9585,295.39,3728.0,651656.0,114.89,77.0,237.3,,32449
Seneca,2023-04,2023,2.8,9616,296.34,3675.0,638434.0,113.25,41.0,126.35,,32449
Seneca,2023-05,2023,2.9,9667,297.91,3603.0,623923.0,111.04,74.0,228.05,,32449
Seneca,2023-06,2023,2.9,9721,299.58,3618.0,629882.0,111.5,82.0,252.7,,32449
Seneca,2023-07,2023,3.1,9605,296.0,3585.0,626580.0,110.48,93.0,286.6,,32449
Seneca,2023-08,2023,3.3,9470,291.84,3541.0,619286.0,109.13,86.0,265.03,,32449
Seneca,2023-09,2023,3.1,9346,288.02,3516.0,614051.0,108.35,73.0,224.97,,32449
Seneca,2023-10,2023,3.3,9210,283.83,3496.0,640623.0,107.74,95.0,292.77,,32449
Seneca,2023-11,2023,3.4,9055,279.05,3531.0,644092.0,108.82,119.0,366.73,,32449
Seneca,2023-12,2023,4.0,8865,273.2,3602.0,653928.0,111.0,76.0,234.21,,32449
Seneca,2024-01,2024,4.7,8702,266.35,3649.0,656653.0,111.69,83.0,254.05,,32671
Seneca,2024-02,2024,5.0,8535,261.24,3647.0,646528.0,111.63,73.0,223.44,,32671
Seneca,2024-03,2024,4.3,8454,258.76,3708.0,659555.0,113.5,80.0,244.87,,32671
Seneca,2024-04,2024,3.6,8243,252.3,3645.0,649388.0,111.57,57.0,174.47,,32671
Seneca,2024-05,2024,3.2,8100,247.93,3671.0,645154.0,112.36,88.0,269.35,,32671
Seneca,2024-06,2024,3.3,7962,243.7,3622.0,633595.0,110.86,92.0,281.6,,32671
Seneca,2024-07,2024,3.5,7907,242.02,3585.0,630504.0,109.73,76.0,232.62,,32671
Seneca,2024-08,2024,3.4,7851,240.3,3605.0,640169.0,110.34,73.0,223.44,,32671
Seneca,2024-09,2024,2.9,7801,238.77,3541.0,628220.0,108.38,86.0,263.23,,32671
Seneca,2024-10,2024,3.0,7781,238.16,3522.0,632883.0,107.8,99.0,303.02,,32671
Seneca,2024-11,2024,3.2,7686,235.25,3546.0,627436.0,108.54,121.0,370.36,,32671
Seneca,2024-12,2024,3.7,7668,234.7,3598.0,641050.0,110.13,93.0,284.66,,32671
Seneca,2025-01,2025,4.7,7673,233.34,3593.0,626937.0,109.27,,,,32883
Seneca,2025-02,2025,5.1,7654,232.76,3622.0,631536.0,110.15,,,,32883
Seneca,2025-03,2025,4.3,7720,234.77,3591.0,630939.0,109.21,,,,32883
Seneca,2025-04,2025,3.1,7770,236.29,3568.0,630481.0,108.51,,,,32883
Seneca,2025-05,2025,2.9,7753,235.78,3539.0,631722.0,107.62,,,,32883
Seneca,2025-06,2025,3.0,7792,236.96,3500.0,623391.0,106.44,,,,32883
Seneca,2025-07,2025,3.4,7810,237.51,3556.0,633936.0,108.14,,,,32883
Seneca,2025-08,2025,3.7,7847,238.63,3453.0,609856.0,105.01,,,,32883
Seneca,2025-09,2025,3.6,7859,239.0,3445.0,608778.0,104.77,,,,32883
Seneca,2025-10,2025,,7829,238.09,3402.0,625162.0,103.46,,,,32883
Seneca,2025-11,2025,3.6,7888,239.88,3401.0,617298.0,103.43,,,,32883
Seneca,2025-12,2025,3.9,7907,240.46,3398.0,612456.0,103.34,,,,32883
St. Lawrence,2018-01,2018,7.3,29076,268.41,15209.0,1757581.0,140.4,,,,108327
St. Lawrence,2018-02,2018,7.3,29115,268.77,15126.0,1747354.0,139.63,,,,108327
St. Lawrence,2018-03,2018,6.6,28992,267.63,15237.0,1760351.0,140.66,,,,108327
St. Lawrence,2018-04,2018,5.6,28790,265.77,14903.0,1728088.0,137.57,,,,108327
St. Lawrence,2018-05,2018,4.7,28701,264.95,14631.0,1704719.0,135.06,,,,108327
St. Lawrence,2018-06,2018,5.6,28712,265.05,14541.0,1707362.0,134.23,,,,108327
St. Lawrence,2018-07,2018,5.5,28612,264.13,14274.0,1681637.0,131.77,,,,108327
St. Lawrence,2018-08,2018,5.3,28707,265.0,14199.0,1690594.0,131.08,,,,108327
St. Lawrence,2018-09,2018,4.1,28648,264.46,14145.0,1671011.0,130.58,,,,108327
St. Lawrence,2018-10,2018,4.1,28657,264.54,14201.0,1691222.0,131.09,,,,108327
St. Lawrence,2018-11,2018,4.2,28725,265.17,14167.0,1671370.0,130.78,,,,108327
St. Lawrence,2018-12,2018,5.0,28683,264.78,14312.0,1691027.0,132.12,,,,108327
St. Lawrence,2019-01,2019,6.2,28752,266.86,14405.0,1690435.0,133.7,,,,107740
St. Lawrence,2019-02,2019,6.0,28673,266.13,14217.0,1673101.0,131.96,,,,107740
St. Lawrence,2019-03,2019,6.0,28669,266.09,14174.0,1674775.0,131.56,,,,107740
St. Lawrence,2019-04,2019,5.0,28549,264.98,14130.0,1669042.0,131.15,,,,107740
St. Lawrence,2019-05,2019,4.5,28488,264.41,13882.0,1645334.0,128.85,,,,107740
St. Lawrence,2019-06,2019,4.9,28400,263.6,13653.0,1623814.0,126.72,,,,107740
St. Lawrence,2019-07,2019,5.7,28368,263.3,13473.0,1610162.0,125.05,,,,107740
St. Lawrence,2019-08,2019,5.5,28271,262.4,13263.0,1586171.0,123.1,,,,107740
St. Lawrence,2019-09,2019,4.4,28229,262.01,13277.0,1593036.0,123.23,,,,107740
St. Lawrence,2019-10,2019,4.5,28258,262.28,13221.0,1609222.0,122.71,,,,107740
St. Lawrence,2019-11,2019,4.7,28207,261.81,13187.0,1594719.0,122.4,,,,107740
St. Lawrence,2019-12,2019,5.4,28162,261.39,13242.0,1595381.0,122.91,,,,107740
St. Lawrence,2020-01,2020,6.4,28187,260.55,13375.0,1603797.0,123.63,,,,108182
St. Lawrence,2020-02,2020,6.1,28206,260.73,13300.0,1589929.0,122.94,,,,108182
St. Lawrence,2020-03,2020,7.2,28077,259.53,13336.0,1605490.0,123.27,,,,108182
St. Lawrence,2020-04,2020,15.7,28379,262.33,13767.0,3174522.0,127.26,,,,108182
St. Lawrence,2020-05,2020,11.8,28587,264.25,13714.0,2408409.0,126.77,,,,108182
St. Lawrence,2020-06,2020,9.2,28825,266.45,13340.0,2188038.0,123.31,,,,108182
St. Lawrence,2020-07,2020,9.3,29127,269.24,12397.0,2340797.0,114.59,,,,108182
St. Lawrence,2020-08,2020,6.9,29340,271.21,12297.0,2177563.0,113.67,,,,108182
St. Lawrence,2020-09,2020,5.4,29620,273.8,12564.0,2095239.0,116.14,,,,108182
St. Lawrence,2020-10,2020,4.6,29825,275.69,12914.0,2605099.0,119.37,,,,108182
St. Lawrence,2020-11,2020,4.8,29976,277.09,12751.0,2383751.0,117.87,,,,108182
St. Lawrence,2020-12,2020,5.7,30252,279.64,13191.0,2500228.0,121.93,,,,108182
St. Lawrence,2021-01,2021,6.5,30429,282.89,13272.0,2857667.0,123.39,275.0,255.66,,107563
St. Lawrence,2021-02,2021,6.7,30571,284.21,13467.0,2908224.0,125.2,169.0,157.12,,107563
St. Lawrence,2021-03,2021,6.3,30736,285.75,13465.0,2882268.0,125.18,206.0,191.52,,107563
St. Lawrence,2021-04,2021,5.4,30937,287.62,13372.0,3170724.0,124.32,165.0,153.4,,107563
St. Lawrence,2021-05,2021,4.7,31046,288.63,13176.0,3128889.0,122.5,211.0,196.16,,107563
St. Lawrence,2021-06,2021,5.5,31159,289.68,13185.0,3126645.0,122.58,250.0,232.42,,107563
St. Lawrence,2021-07,2021,5.7,31255,290.57,13239.0,3143113.0,123.08,212.0,197.09,,107563
St. Lawrence,2021-08,2021,5.4,31362,291.57,13091.0,3111510.0,121.71,189.0,175.71,,107563
St. Lawrence,2021-09,2021,4.0,31536,293.19,13263.0,3152831.0,123.3,242.0,224.98,,107563
St. Lawrence,2021-10,2021,3.8,31683,294.55,13564.0,3466581.0,126.1,284.0,264.03,,107563
St. Lawrence,2021-11,2021,3.6,31829,295.91,13857.0,3526652.0,128.83,330.0,306.8,,107563
St. Lawrence,2021-12,2021,3.5,32073,298.18,14173.0,3631852.0,131.76,379.0,352.35,,107563
St. Lawrence,2022-01,2022,4.9,32223,301.43,14378.0,3647219.0,134.5,321.0,300.28,,106900
St. Lawrence,2022-02,2022,4.8,32265,301.82,14617.0,3697475.0,136.74,223.0,208.61,,106900
St. Lawrence,2022-03,2022,4.4,32413,303.21,14520.0,3667120.0,135.83,229.0,214.22,,106900
St. Lawrence,2022-04,2022,3.7,32471,303.75,14432.0,3623010.0,135.0,185.0,173.06,,106900
St. Lawrence,2022-05,2022,3.5,32519,304.2,14217.0,3562431.0,132.99,232.0,217.03,,106900
St. Lawrence,2022-06,2022,4.1,32661,305.53,14076.0,3534752.0,131.67,288.0,269.41,,106900
St. Lawrence,2022-07,2022,4.8,32866,307.45,14024.0,3540905.0,131.19,254.0,237.61,,106900
St. Lawrence,2022-08,2022,4.7,32983,308.54,14189.0,3576235.0,132.73,222.0,207.67,,106900
St. Lawrence,2022-09,2022,3.3,33155,310.15,14207.0,3591805.0,132.9,276.0,258.19,,106900
St. Lawrence,2022-10,2022,3.2,33163,310.22,14196.0,4043464.0,132.8,316.0,295.6,,106900
St. Lawrence,2022-11,2022,3.7,33299,311.5,14262.0,4069757.0,133.41,371.0,347.05,,106900
St. Lawrence,2022-12,2022,3.9,33408,312.52,14468.0,4121935.0,135.34,384.0,359.21,,106900
St. Lawrence,2023-01,2023,4.9,33565,314.85,14494.0,4092302.0,135.96,303.0,284.22,,106607
St. Lawrence,2023-02,2023,4.6,33676,315.89,14392.0,4044351.0,135.0,230.0,215.75,,106607
St. Lawrence,2023-03,2023,4.1,33856,317.58,14311.0,2544499.0,134.24,219.0,205.43,,106607
St. Lawrence,2023-04,2023,3.5,33989,318.83,14113.0,2477568.0,132.38,189.0,177.29,,106607
St. Lawrence,2023-05,2023,3.7,34089,319.76,13942.0,2474219.0,130.78,207.0,194.17,,106607
St. Lawrence,2023-06,2023,4.1,34303,321.77,13846.0,2453773.0,129.88,250.0,234.51,,106607
St. Lawrence,2023-07,2023,4.5,34026,319.17,13716.0,2453111.0,128.66,265.0,248.58,,106607
St. Lawrence,2023-08,2023,4.8,33642,315.57,13650.0,2446390.0,128.04,190.0,178.22,,106607
St. Lawrence,2023-09,2023,3.7,33256,311.95,13694.0,2461945.0,128.45,255.0,239.2,,106607
St. Lawrence,2023-10,2023,4.0,32879,308.41,13707.0,2570163.0,128.58,299.0,280.47,,106607
St. Lawrence,2023-11,2023,4.1,32485,304.72,13801.0,2566064.0,129.46,325.0,304.86,,106607
St. Lawrence,2023-12,2023,5.0,31871,298.96,13877.0,2559894.0,130.17,327.0,306.73,,106607
St. Lawrence,2024-01,2024,5.7,31463,296.35,14189.0,2585150.0,133.65,278.0,261.85,,106168
St. Lawrence,2024-02,2024,5.5,31010,292.08,14020.0,2534840.0,132.05,227.0,213.81,,106168
St. Lawrence,2024-03,2024,5.1,30683,289.0,14066.0,2549857.0,132.49,168.0,158.24,,106168
St. Lawrence,2024-04,2024,4.3,30173,284.2,13751.0,2499603.0,129.52,178.0,167.66,,106168
St. Lawrence,2024-05,2024,4.2,29764,280.35,13649.0,2471876.0,128.56,207.0,194.97,,106168
St. Lawrence,2024-06,2024,4.6,29271,275.7,13616.0,2465795.0,128.25,261.0,245.84,,106168
St. Lawrence,2024-07,2024,5.1,29083,273.93,13539.0,2462893.0,127.52,224.0,210.99,,106168
St. Lawrence,2024-08,2024,5.0,29018,273.32,13504.0,2472423.0,127.19,207.0,194.97,,106168
St. Lawrence,2024-09,2024,3.7,28823,271.48,13455.0,2446151.0,126.73,214.0,201.57,,106168
St. Lawrence,2024-10,2024,3.7,28710,270.42,13463.0,2508428.0,126.81,331.0,311.77,,106168
St. Lawrence,2024-11,2024,4.1,28525,268.68,13554.0,2523095.0,127.67,312.0,293.87,,106168
St. Lawrence,2024-12,2024,4.5,28468,268.14,13720.0,2542050.0,129.23,329.0,309.89,,106168
St. Lawrence,2025-01,2025,5.7,28443,269.63,13860.0,2536625.0,131.39,,,,105488
St. Lawrence,2025-02,2025,5.6,28368,268.92,13777.0,2518826.0,130.6,,,,105488
St. Lawrence,2025-03,2025,5.2,28593,271.05,13772.0,2533173.0,130.56,,,,105488
St. Lawrence,2025-04,2025,4.1,28650,271.59,13738.0,2521807.0,130.23,,,,105488
St. Lawrence,2025-05,2025,3.9,28614,271.25,13687.0,2525500.0,129.75,,,,105488
St. Lawrence,2025-06,2025,4.2,28571,270.85,13522.0,2510014.0,128.19,,,,105488
St. Lawrence,2025-07,2025,5.1,28583,270.96,13374.0,2487507.0,126.78,,,,105488
St. Lawrence,2025-08,2025,5.3,28570,270.84,13281.0,2460900.0,125.9,,,,105488
St. Lawrence,2025-09,2025,4.7,28593,271.05,13086.0,2417224.0,124.05,,,,105488
St. Lawrence,2025-10,2025,,28666,271.75,13064.0,2509210.0,123.84,,,,105488
St. Lawrence,2025-11,2025,4.6,28829,273.29,12626.0,2434930.0,119.69,,,,105488
St. Lawrence,2025-12,2025,4.8,28822,273.23,12556.0,2433848.0,119.03,,,,105488
Steuben,2018-01,2018,6.7,25149,262.35,11059.0,1246949.0,115.37,,,,95860
Steuben,2018-02,2018,6.8,25103,261.87,11099.0,1258897.0,115.78,,,,95860
Steuben,2018-03,2018,6.1,25198,262.86,11103.0,1267145.0,115.83,,,,95860
Steuben,2018-04,2018,5.0,25176,262.63,11078.0,1259830.0,115.56,,,,95860
Steuben,2018-05,2018,4.5,25131,262.16,10815.0,1222323.0,112.82,,,,95860
Steuben,2018-06,2018,4.4,25102,261.86,10706.0,1214477.0,111.68,,,,95860
Steuben,2018-07,2018,4.2,25106,261.9,10483.0,1199340.0,109.36,,,,95860
Steuben,2018-08,2018,4.0,25069,261.52,10304.0,1186282.0,107.49,,,,95860
Steuben,2018-09,2018,3.7,25097,261.81,10222.0,1175552.0,106.63,,,,95860
Steuben,2018-10,2018,3.8,25072,261.55,10249.0,1198922.0,106.92,,,,95860
Steuben,2018-11,2018,3.8,25207,262.96,10195.0,1187681.0,106.35,,,,95860
Steuben,2018-12,2018,4.7,25169,262.56,10478.0,1218766.0,109.31,,,,95860
Steuben,2019-01,2019,5.4,25196,264.17,10471.0,1212720.0,109.78,,,,95379
Steuben,2019-02,2019,5.5,25178,263.98,10542.0,1206964.0,110.53,,,,95379
Steuben,2019-03,2019,5.1,25214,264.36,10433.0,1211019.0,109.38,,,,95379
Steuben,2019-04,2019,4.0,25080,262.95,10240.0,1187993.0,107.36,,,,95379
Steuben,2019-05,2019,3.7,25071,262.86,10054.0,1157431.0,105.41,,,,95379
Steuben,2019-06,2019,3.7,24965,261.75,9955.0,1145059.0,104.37,,,,95379
Steuben,2019-07,2019,4.1,24942,261.5,9808.0,1125504.0,102.83,,,,95379
Steuben,2019-08,2019,4.1,24884,260.9,9772.0,1126338.0,102.45,,,,95379
Steuben,2019-09,2019,3.6,24786,259.87,9650.0,1113242.0,101.18,,,,95379
Steuben,2019-10,2019,3.8,24697,258.94,9574.0,1123992.0,100.38,,,,95379
Steuben,2019-11,2019,4.1,24573,257.64,9731.0,1139699.0,102.02,,,,95379
Steuben,2019-12,2019,4.7,24459,256.44,9749.0,1135097.0,102.21,,,,95379
Steuben,2020-01,2020,5.4,24498,262.37,9901.0,1164266.0,106.04,,,,93371
Steuben,2020-02,2020,5.5,24494,262.33,9790.0,1179934.0,104.85,,,,93371
Steuben,2020-03,2020,6.0,24468,262.05,9677.0,1126641.0,103.64,,,,93371
Steuben,2020-04,2020,17.0,24903,266.71,10253.0,2361757.0,109.81,,,,93371
Steuben,2020-05,2020,12.9,25228,270.19,10433.0,1920225.0,111.74,,,,93371
Steuben,2020-06,2020,9.6,25538,273.51,10227.0,1671274.0,109.53,,,,93371
Steuben,2020-07,2020,8.8,25881,277.18,9805.0,1877126.0,105.01,,,,93371
Steuben,2020-08,2020,7.0,26127,279.82,9576.0,1717431.0,102.56,,,,93371
Steuben,2020-09,2020,5.7,26365,282.37,9647.0,1566398.0,103.32,,,,93371
Steuben,2020-10,2020,5.1,26626,285.16,9674.0,1993406.0,103.61,,,,93371
Steuben,2020-11,2020,5.1,26788,286.9,9599.0,1815706.0,102.8,,,,93371
Steuben,2020-12,2020,5.9,27045,289.65,9792.0,1882223.0,104.87,,,,93371
Steuben,2021-01,2021,6.6,27221,292.51,9844.0,2130073.0,105.78,193.0,207.39,,93060
Steuben,2021-02,2021,7.0,27395,294.38,9948.0,2155212.0,106.9,175.0,188.05,,93060
Steuben,2021-03,2021,6.4,27600,296.58,10028.0,2139302.0,107.76,150.0,161.19,,93060
Steuben,2021-04,2021,5.3,27839,299.15,10013.0,2363549.0,107.6,147.0,157.96,,93060
Steuben,2021-05,2021,4.8,27933,300.16,9939.0,2343754.0,106.8,181.0,194.5,,93060
Steuben,2021-06,2021,5.2,28060,301.53,9971.0,2335375.0,107.15,210.0,225.66,,93060
Steuben,2021-07,2021,5.1,28202,303.05,9991.0,2349065.0,107.36,191.0,205.24,,93060
Steuben,2021-08,2021,4.8,28379,304.95,9881.0,2347401.0,106.18,159.0,170.86,,93060
Steuben,2021-09,2021,3.9,28622,307.57,9883.0,2340944.0,106.2,190.0,204.17,,93060
Steuben,2021-10,2021,3.6,28724,308.66,10089.0,2560969.0,108.41,234.0,251.45,,93060
Steuben,2021-11,2021,3.5,28883,310.37,10385.0,2624692.0,111.59,316.0,339.57,,93060
Steuben,2021-12,2021,3.4,29143,313.16,10721.0,2751704.0,115.21,183.0,196.65,,93060
Steuben,2022-01,2022,4.6,29300,317.01,10816.0,2738385.0,117.02,182.0,196.91,,92427
Steuben,2022-02,2022,4.8,29449,318.62,11062.0,2815516.0,119.68,170.0,183.93,,92427
Steuben,2022-03,2022,4.3,29619,320.46,11415.0,2887142.0,123.5,171.0,185.01,,92427
Steuben,2022-04,2022,3.4,29629,320.57,11377.0,2861482.0,123.09,138.0,149.31,,92427
Steuben,2022-05,2022,3.1,29725,321.61,11263.0,2814291.0,121.86,194.0,209.9,,92427
Steuben,2022-06,2022,3.3,29928,323.8,11306.0,2824861.0,122.32,277.0,299.7,,92427
Steuben,2022-07,2022,3.6,30044,325.06,11438.0,2898343.0,123.75,192.0,207.73,,92427
Steuben,2022-08,2022,3.6,30209,326.84,11378.0,2863952.0,123.1,204.0,220.71,,92427
Steuben,2022-09,2022,2.9,30461,329.57,11369.0,2869792.0,123.01,174.0,188.26,,92427
Steuben,2022-10,2022,2.8,30553,330.56,11457.0,3256243.0,123.96,257.0,278.06,,92427
Steuben,2022-11,2022,3.2,30653,331.65,11388.0,3253723.0,123.21,298.0,322.42,,92427
Steuben,2022-12,2022,3.6,30723,332.4,11831.0,3421090.0,128.0,272.0,294.29,,92427
Steuben,2023-01,2023,4.5,30962,336.26,11969.0,3410467.0,129.99,212.0,230.24,,92078
Steuben,2023-02,2023,4.9,31053,337.25,12105.0,3411438.0,131.46,144.0,156.39,,92078
Steuben,2023-03,2023,4.2,31276,339.67,12050.0,2137931.0,130.87,204.0,221.55,,92078
Steuben,2023-04,2023,3.2,31405,341.07,11995.0,2077979.0,130.27,145.0,157.48,,92078
Steuben,2023-05,2023,3.4,31478,341.86,11986.0,2079936.0,130.17,203.0,220.47,,92078
Steuben,2023-06,2023,3.2,31626,343.47,11857.0,2049862.0,128.77,214.0,232.41,,92078
Steuben,2023-07,2023,3.5,31219,339.05,11686.0,2033788.0,126.91,162.0,175.94,,92078
Steuben,2023-08,2023,3.7,30663,333.01,11544.0,2000316.0,125.37,166.0,180.28,,92078
Steuben,2023-09,2023,3.4,30254,328.57,11636.0,2016880.0,126.37,152.0,165.08,,92078
Steuben,2023-10,2023,3.5,29921,324.95,11586.0,2090522.0,125.83,261.0,283.46,,92078
Steuben,2023-11,2023,3.6,29444,319.77,11601.0,2083909.0,125.99,301.0,326.9,,92078
Steuben,2023-12,2023,4.1,28936,314.26,12034.0,2140844.0,130.69,187.0,203.09,,92078
Steuben,2024-01,2024,4.8,28540,310.42,12111.0,2125685.0,131.73,231.0,251.25,,91939
Steuben,2024-02,2024,5.1,28167,306.37,12272.0,2142783.0,133.48,145.0,157.71,,91939
Steuben,2024-03,2024,4.4,27828,302.68,12365.0,2160017.0,134.49,167.0,181.64,,91939
Steuben,2024-04,2024,3.6,27320,297.15,12246.0,2139482.0,133.2,145.0,157.71,,91939
Steuben,2024-05,2024,3.5,26875,292.31,12265.0,2146776.0,133.4,188.0,204.48,,91939
Steuben,2024-06,2024,3.5,26506,288.3,12120.0,2122650.0,131.83,208.0,226.24,,91939
Steuben,2024-07,2024,4.0,26487,288.09,12051.0,2119709.0,131.08,157.0,170.77,,91939
Steuben,2024-08,2024,3.8,26437,287.55,11976.0,2098861.0,130.26,163.0,177.29,,91939
Steuben,2024-09,2024,3.2,26329,286.37,11844.0,2059975.0,128.82,193.0,209.92,,91939
Steuben,2024-10,2024,3.5,26277,285.81,12115.0,2149497.0,131.77,291.0,316.51,,91939
Steuben,2024-11,2024,3.7,26241,285.42,12092.0,2136871.0,131.52,279.0,303.46,,91939
Steuben,2024-12,2024,3.9,26164,284.58,12171.0,2156127.0,132.38,260.0,282.8,,91939
Steuben,2025-01,2025,5.0,26213,285.37,12283.0,2142272.0,133.72,,,,91855
Steuben,2025-02,2025,5.2,26165,284.85,12378.0,2165318.0,134.76,,,,91855
Steuben,2025-03,2025,4.5,26230,285.56,12402.0,2174590.0,135.02,,,,91855
Steuben,2025-04,2025,3.2,26276,286.06,12383.0,2179204.0,134.81,,,,91855
Steuben,2025-05,2025,2.9,26246,285.73,12293.0,2146089.0,133.83,,,,91855
Steuben,2025-06,2025,3.2,26279,286.09,12166.0,2122919.0,132.45,,,,91855
Steuben,2025-07,2025,3.7,26245,285.72,12051.0,2102485.0,131.2,,,,91855
Steuben,2025-08,2025,3.9,26308,286.41,11807.0,2063809.0,128.54,,,,91855
Steuben,2025-09,2025,3.9,26357,286.94,11692.0,2041634.0,127.29,,,,91855
Steuben,2025-10,2025,,26387,287.27,11728.0,2114877.0,127.68,,,,91855
Steuben,2025-11,2025,4.0,26498,288.48,11402.0,2037560.0,124.13,,,,91855
Steuben,2025-12,2025,4.3,26612,289.72,11376.0,2012193.0,123.85,,,,91855
Suffolk,2018-01,2018,5.0,307071,207.36,106321.0,13789698.0,71.8,,,,1480830
Suffolk,2018-02,2018,5.1,307582,207.71,105596.0,13671809.0,71.31,,,,1480830
Suffolk,2018-03,2018,4.5,307656,207.76,105738.0,13699485.0,71.4,,,,1480830
Suffolk,2018-04,2018,3.7,308060,208.03,104175.0,13481289.0,70.35,,,,1480830
Suffolk,2018-05,2018,3.4,308506,208.33,103470.0,13404032.0,69.87,,,,1480830
Suffolk,2018-06,2018,3.7,308174,208.11,102104.0,13233022.0,68.95,,,,1480830
Suffolk,2018-07,2018,4.0,308547,208.36,100889.0,13118664.0,68.13,,,,1480830
Suffolk,2018-08,2018,4.0,308836,208.56,99472.0,13247533.0,67.17,,,,1480830
Suffolk,2018-09,2018,3.2,308484,208.32,97977.0,13130566.0,66.16,,,,1480830
Suffolk,2018-10,2018,3.2,308781,208.52,96467.0,13074661.0,65.14,,,,1480830
Suffolk,2018-11,2018,3.2,308683,208.45,95642.0,12996040.0,64.59,,,,1480830
Suffolk,2018-12,2018,3.4,308844,208.56,95010.0,12897175.0,64.16,,,,1480830
Suffolk,2019-01,2019,4.2,309937,209.9,95731.0,12948277.0,64.83,,,,1476601
Suffolk,2019-02,2019,4.1,309433,209.56,94876.0,12827615.0,64.25,,,,1476601
Suffolk,2019-03,2019,3.8,309870,209.85,94946.0,12830507.0,64.3,,,,1476601
Suffolk,2019-04,2019,3.1,309441,209.56,92797.0,12555333.0,62.85,,,,1476601
Suffolk,2019-05,2019,3.1,309635,209.69,91835.0,12451761.0,62.19,,,,1476601
Suffolk,2019-06,2019,3.3,309910,209.88,90891.0,12325451.0,61.55,,,,1476601
Suffolk,2019-07,2019,3.9,310100,210.01,90158.0,12252516.0,61.06,,,,1476601
Suffolk,2019-08,2019,4.0,310638,210.37,89496.0,12231619.0,60.61,,,,1476601
Suffolk,2019-09,2019,3.3,310350,210.18,88788.0,12162356.0,60.13,,,,1476601
Suffolk,2019-10,2019,3.4,310044,209.97,88266.0,12317368.0,59.78,,,,1476601
Suffolk,2019-11,2019,3.4,309137,209.36,87736.0,12192826.0,59.42,,,,1476601
Suffolk,2019-12,2019,3.7,308505,208.93,87717.0,12213546.0,59.4,,,,1476601
Suffolk,2020-01,2020,4.2,308879,202.95,87838.0,12164654.0,57.71,,,,1521964
Suffolk,2020-02,2020,4.2,308624,202.78,87728.0,12137989.0,57.64,,,,1521964
Suffolk,2020-03,2020,4.8,308884,202.95,87691.0,12131062.0,57.62,,,,1521964
Suffolk,2020-04,2020,18.8,317242,208.44,98744.0,20917671.0,64.88,,,,1521964
Suffolk,2020-05,2020,14.4,323970,212.86,101963.0,18090671.0,66.99,,,,1521964
Suffolk,2020-06,2020,11.5,328628,215.92,102815.0,17823352.0,67.55,,,,1521964
Suffolk,2020-07,2020,10.3,333433,219.08,97802.0,17519107.0,64.26,,,,1521964
Suffolk,2020-08,2020,8.1,337986,222.07,97348.0,17631739.0,63.96,,,,1521964
Suffolk,2020-09,2020,6.9,342298,224.91,98926.0,16992155.0,65.0,,,,1521964
Suffolk,2020-10,2020,5.6,346134,227.43,99291.0,19698414.0,65.24,,,,1521964
Suffolk,2020-11,2020,5.3,349918,229.91,98835.0,18701506.0,64.94,,,,1521964
Suffolk,2020-12,2020,5.4,355343,233.48,99207.0,18722400.0,65.18,,,,1521964
Suffolk,2021-01,2021,6.1,359878,234.64,99918.0,21316615.0,65.15,2495.0,162.67,,1533742
Suffolk,2021-02,2021,6.5,361600,235.76,100558.0,22146748.0,65.56,2788.0,181.78,,1533742
Suffolk,2021-03,2021,5.9,364748,237.82,100643.0,21858834.0,65.62,2668.0,173.95,,1533742
Suffolk,2021-04,2021,5.2,367595,239.67,99715.0,25117472.0,65.01,2935.0,191.36,,1533742
Suffolk,2021-05,2021,4.7,370014,241.25,99345.0,25099794.0,64.77,3339.0,217.7,,1533742
Suffolk,2021-06,2021,5.0,372738,243.03,99671.0,25008239.0,64.99,3548.0,231.33,,1533742
Suffolk,2021-07,2021,4.9,375641,244.92,99300.0,24971363.0,64.74,3484.0,227.16,,1533742
Suffolk,2021-08,2021,4.7,378317,246.66,99199.0,25101064.0,64.68,3378.0,220.25,,1533742
Suffolk,2021-09,2021,3.8,381470,248.72,99677.0,25096164.0,64.99,3477.0,226.7,,1533742
Suffolk,2021-10,2021,3.5,384625,250.78,100731.0,27190381.0,65.68,3740.0,243.85,,1533742
Suffolk,2021-11,2021,3.2,386496,252.0,100766.0,27109356.0,65.7,3677.0,239.74,,1533742
Suffolk,2021-12,2021,2.9,390315,254.49,101995.0,27787152.0,66.5,3508.0,228.72,,1533742
Suffolk,2022-01,2022,3.8,393775,257.08,102941.0,27964510.0,67.21,2891.0,188.74,,1531736
Suffolk,2022-02,2022,4.0,396103,258.6,103977.0,28217233.0,67.88,2856.0,186.46,,1531736
Suffolk,2022-03,2022,3.6,398834,260.38,106321.0,28866541.0,69.41,3015.0,196.84,,1531736
Suffolk,2022-04,2022,2.9,400388,261.39,106944.0,29035178.0,69.82,2930.0,191.29,,1531736
Suffolk,2022-05,2022,2.9,401432,262.08,107865.0,29124059.0,70.42,3513.0,229.35,,1531736
Suffolk,2022-06,2022,3.1,403465,263.4,108064.0,29088161.0,70.55,3776.0,246.52,,1531736
Suffolk,2022-07,2022,3.5,406080,265.11,108170.0,29231912.0,70.62,3849.0,251.28,,1531736
Suffolk,2022-08,2022,3.6,408557,266.73,108115.0,29308996.0,70.58,3735.0,243.84,,1531736
Suffolk,2022-09,2022,2.8,411792,268.84,106262.0,28913318.0,69.37,2190.0,142.98,,1531736
Suffolk,2022-10,2022,2.7,413150,269.73,109451.0,33394419.0,71.46,1323.0,86.37,,1531736
Suffolk,2022-11,2022,2.8,415083,270.99,111698.0,34006174.0,72.92,3576.0,233.46,,1531736
Suffolk,2022-12,2022,2.9,418247,273.05,112731.0,34347116.0,73.6,3814.0,249.0,,1531736
Suffolk,2023-01,2023,3.6,421328,274.81,115619.0,34953960.0,75.41,2978.0,194.24,,1533173
Suffolk,2023-02,2023,3.7,423123,275.98,118007.0,35505809.0,76.97,2726.0,177.8,,1533173
Suffolk,2023-03,2023,3.3,426537,278.21,117485.0,25407439.0,76.63,3141.0,204.87,,1533173
Suffolk,2023-04,2023,2.7,428598,279.55,114153.0,24428730.0,74.46,3036.0,198.02,,1533173
Suffolk,2023-05,2023,2.9,430815,281.0,111835.0,24008857.0,72.94,3540.0,230.89,,1533173
Suffolk,2023-06,2023,3.0,434547,283.43,112789.0,24390866.0,73.57,3452.0,225.15,,1533173
Suffolk,2023-07,2023,3.4,428164,279.27,110518.0,23843500.0,72.08,3776.0,246.29,,1533173
Suffolk,2023-08,2023,3.7,420928,274.55,107768.0,23478935.0,70.29,3518.0,229.46,,1533173
Suffolk,2023-09,2023,3.2,414552,270.39,107816.0,23605540.0,70.32,3651.0,238.13,,1533173
Suffolk,2023-10,2023,3.4,408636,266.53,113102.0,26456086.0,73.77,3754.0,244.85,,1533173
Suffolk,2023-11,2023,3.3,403642,263.27,115390.0,26192633.0,75.26,3676.0,239.76,,1533173
Suffolk,2023-12,2023,3.5,397712,259.4,117278.0,26558143.0,76.49,3656.0,238.46,,1533173
Suffolk,2024-01,2024,3.9,392600,254.38,120144.0,27123733.0,77.85,3100.0,200.86,,1543330
Suffolk,2024-02,2024,4.2,388777,251.91,121827.0,27320074.0,78.94,2843.0,184.21,,1543330
Suffolk,2024-03,2024,3.8,385172,249.57,124787.0,28036867.0,80.86,2976.0,192.83,,1543330
Suffolk,2024-04,2024,3.1,378281,245.11,125853.0,28185312.0,81.55,3021.0,195.75,,1543330
Suffolk,2024-05,2024,3.2,372934,241.64,126545.0,27907140.0,81.99,3641.0,235.92,,1543330
Suffolk,2024-06,2024,3.3,368126,238.53,127030.0,27925417.0,82.31,3844.0,249.07,,1543330
Suffolk,2024-07,2024,3.9,367773,238.3,127341.0,27967253.0,82.51,3481.0,225.55,,1543330
Suffolk,2024-08,2024,3.8,367591,238.18,128004.0,28069660.0,82.94,3489.0,226.07,,1543330
Suffolk,2024-09,2024,3.0,366915,237.74,128880.0,28186743.0,83.51,3319.0,215.05,,1543330
Suffolk,2024-10,2024,3.1,367599,238.19,130126.0,28950752.0,84.32,3877.0,251.21,,1543330
Suffolk,2024-11,2024,3.2,366625,237.55,129967.0,28843076.0,84.21,3548.0,229.89,,1543330
Suffolk,2024-12,2024,3.2,366086,237.21,130153.0,28878646.0,84.33,3660.0,237.15,,1543330
Suffolk,2025-01,2025,4.0,366237,236.88,130456.0,28667217.0,84.38,,,,1546090
Suffolk,2025-02,2025,4.3,365069,236.12,129723.0,28397086.0,83.9,,,,1546090
Suffolk,2025-03,2025,3.7,365162,236.18,129261.0,28298359.0,83.61,,,,1546090
Suffolk,2025-04,2025,2.8,365169,236.19,128157.0,27978712.0,82.89,,,,1546090
Suffolk,2025-05,2025,2.8,364613,235.83,127168.0,27667220.0,82.25,,,,1546090
Suffolk,2025-06,2025,3.0,364098,235.5,126197.0,27388681.0,81.62,,,,1546090
Suffolk,2025-07,2025,3.7,364543,235.78,124604.0,27087700.0,80.59,,,,1546090
Suffolk,2025-08,2025,3.9,363036,234.81,122755.0,26566809.0,79.4,,,,1546090
Suffolk,2025-09,2025,3.7,362400,234.4,120975.0,26112188.0,78.25,,,,1546090
Suffolk,2025-10,2025,,361879,234.06,121119.0,26988950.0,78.34,,,,1546090
Suffolk,2025-11,2025,3.5,365059,236.12,119867.0,26465481.0,77.53,,,,1546090
Suffolk,2025-12,2025,3.4,364593,235.82,120736.0,26595597.0,78.09,,,,1546090
Sullivan,2018-01,2018,5.8,25346,336.16,13346.0,1673790.0,177.01,,,,75399
Sullivan,2018-02,2018,5.7,25401,336.89,13326.0,1671357.0,176.74,,,,75399
Sullivan,2018-03,2018,5.1,25404,336.93,13353.0,1677709.0,177.1,,,,75399
Sullivan,2018-04,2018,4.3,25437,337.37,13102.0,1632601.0,173.77,,,,75399
Sullivan,2018-05,2018,3.8,25412,337.03,12957.0,1646884.0,171.85,,,,75399
Sullivan,2018-06,2018,4.0,25529,338.59,12859.0,1619011.0,170.55,,,,75399
Sullivan,2018-07,2018,3.8,25531,338.61,12650.0,1599806.0,167.77,,,,75399
Sullivan,2018-08,2018,3.8,25505,338.27,12623.0,1629202.0,167.42,,,,75399
Sullivan,2018-09,2018,3.6,25542,338.76,12493.0,1610850.0,165.69,,,,75399
Sullivan,2018-10,2018,3.6,25519,338.45,12505.0,1627690.0,165.85,,,,75399
Sullivan,2018-11,2018,3.6,25582,339.29,12451.0,1623267.0,165.13,,,,75399
Sullivan,2018-12,2018,4.1,25577,339.22,12519.0,1621892.0,166.04,,,,75399
Sullivan,2019-01,2019,4.6,25620,339.64,12703.0,1644761.0,168.4,,,,75432
Sullivan,2019-02,2019,4.7,25604,339.43,12739.0,1665976.0,168.88,,,,75432
Sullivan,2019-03,2019,4.5,25647,340.0,12642.0,1639364.0,167.59,,,,75432
Sullivan,2019-04,2019,3.6,25619,339.63,12466.0,1625854.0,165.26,,,,75432
Sullivan,2019-05,2019,3.5,25726,341.05,12361.0,1602214.0,163.87,,,,75432
Sullivan,2019-06,2019,3.6,25656,340.12,12249.0,1587587.0,162.38,,,,75432
Sullivan,2019-07,2019,3.9,25623,339.68,12042.0,1564064.0,159.64,,,,75432
Sullivan,2019-08,2019,3.9,25744,341.29,12000.0,1567420.0,159.08,,,,75432
Sullivan,2019-09,2019,3.5,25728,341.08,11951.0,1567225.0,158.43,,,,75432
Sullivan,2019-10,2019,3.7,25754,341.42,11983.0,1593948.0,158.86,,,,75432
Sullivan,2019-11,2019,4.0,25748,341.34,11982.0,1585860.0,158.85,,,,75432
Sullivan,2019-12,2019,4.4,25763,341.54,12099.0,1603271.0,160.4,,,,75432
Sullivan,2020-01,2020,4.8,25895,330.04,12463.0,1628861.0,158.84,,,,78461
Sullivan,2020-02,2020,5.0,26014,331.55,12538.0,1638665.0,159.8,,,,78461
Sullivan,2020-03,2020,5.7,26019,331.62,12621.0,1639798.0,160.86,,,,78461
Sullivan,2020-04,2020,16.2,26393,336.38,13051.0,2728552.0,166.34,,,,78461
Sullivan,2020-05,2020,13.9,26729,340.67,13158.0,2259360.0,167.7,,,,78461
Sullivan,2020-06,2020,12.0,26996,344.07,12932.0,2173736.0,164.82,,,,78461
Sullivan,2020-07,2020,11.7,27295,347.88,12029.0,2095089.0,153.31,,,,78461
Sullivan,2020-08,2020,9.6,27595,351.7,12076.0,2077126.0,153.91,,,,78461
Sullivan,2020-09,2020,7.9,27853,354.99,12242.0,2030814.0,156.03,,,,78461
Sullivan,2020-10,2020,6.2,28122,358.42,12396.0,2406105.0,157.99,,,,78461
Sullivan,2020-11,2020,6.1,28369,361.57,12386.0,2292844.0,157.86,,,,78461
Sullivan,2020-12,2020,6.4,28680,365.53,12561.0,2338329.0,160.09,,,,78461
Sullivan,2021-01,2021,6.9,28934,362.83,12456.0,2643263.0,156.2,189.0,237.01,,79745
Sullivan,2021-02,2021,7.1,29094,364.84,12414.0,2629320.0,155.67,132.0,165.53,,79745
Sullivan,2021-03,2021,6.7,29278,367.15,12470.0,2642379.0,156.37,121.0,151.73,,79745
Sullivan,2021-04,2021,5.7,29484,369.73,12358.0,2894678.0,154.97,126.0,158.0,,79745
Sullivan,2021-05,2021,5.3,29629,371.55,12402.0,2952259.0,155.52,141.0,176.81,,79745
Sullivan,2021-06,2021,5.6,29729,372.8,12413.0,2905351.0,155.66,205.0,257.07,,79745
Sullivan,2021-07,2021,5.2,29940,375.45,12436.0,2922880.0,155.95,220.0,275.88,,79745
Sullivan,2021-08,2021,4.9,30157,378.17,12286.0,2859089.0,154.07,204.0,255.82,,79745
Sullivan,2021-09,2021,4.1,30346,380.54,12306.0,2897553.0,154.32,138.0,173.05,,79745
Sullivan,2021-10,2021,3.9,30542,383.0,12505.0,3160215.0,156.81,217.0,272.12,,79745
Sullivan,2021-11,2021,3.7,30694,384.9,12682.0,3197501.0,159.03,230.0,288.42,,79745
Sullivan,2021-12,2021,3.4,30948,388.09,13035.0,3339760.0,163.46,176.0,220.7,,79745
Sullivan,2022-01,2022,4.4,31129,389.76,13250.0,3337637.0,165.9,153.0,191.57,,79868
Sullivan,2022-02,2022,4.6,31258,391.37,13354.0,3362739.0,167.2,149.0,186.56,,79868
Sullivan,2022-03,2022,4.0,31406,393.22,13552.0,3411419.0,169.68,149.0,186.56,,79868
Sullivan,2022-04,2022,3.3,31423,393.44,13591.0,3396854.0,170.17,128.0,160.26,,79868
Sullivan,2022-05,2022,3.1,31499,394.39,13548.0,3371802.0,169.63,171.0,214.1,,79868
Sullivan,2022-06,2022,3.2,31676,396.6,13461.0,3332891.0,168.54,208.0,260.43,,79868
Sullivan,2022-07,2022,3.5,31837,398.62,13323.0,3302800.0,166.81,252.0,315.52,,79868
Sullivan,2022-08,2022,3.7,31970,400.29,13246.0,3293564.0,165.85,279.0,349.33,,79868
Sullivan,2022-09,2022,3.0,32309,404.53,13284.0,3320526.0,166.32,189.0,236.64,,79868
Sullivan,2022-10,2022,2.9,32388,405.52,13264.0,3729818.0,166.07,186.0,232.88,,79868
Sullivan,2022-11,2022,3.1,32523,407.21,13212.0,3702964.0,165.42,215.0,269.19,,79868
Sullivan,2022-12,2022,3.2,32767,410.26,13376.0,3780946.0,167.48,310.0,388.14,,79868
Sullivan,2023-01,2023,3.9,33026,410.7,13472.0,3743501.0,167.54,158.0,196.49,,80413
Sullivan,2023-02,2023,3.9,33157,412.33,13757.0,3824930.0,171.08,151.0,187.78,,80413
Sullivan,2023-03,2023,3.5,33314,414.29,13504.0,2674717.0,167.93,158.0,196.49,,80413
Sullivan,2023-04,2023,2.7,33432,415.75,13460.0,2639677.0,167.39,122.0,151.72,,80413
Sullivan,2023-05,2023,2.9,33514,416.77,13505.0,2625928.0,167.95,188.0,233.79,,80413
Sullivan,2023-06,2023,2.9,33704,419.14,13419.0,2597967.0,166.88,210.0,261.15,,80413
Sullivan,2023-07,2023,3.0,33436,415.8,13342.0,2587840.0,165.92,278.0,345.72,,80413
Sullivan,2023-08,2023,3.4,32995,410.32,12972.0,2525993.0,161.32,275.0,341.98,,80413
Sullivan,2023-09,2023,3.2,32582,405.18,12833.0,2482824.0,159.59,156.0,194.0,,80413
Sullivan,2023-10,2023,3.4,32281,401.44,12787.0,2615425.0,159.02,194.0,241.25,,80413
Sullivan,2023-11,2023,3.5,31828,395.81,12599.0,2587776.0,156.68,245.0,304.68,,80413
Sullivan,2023-12,2023,3.7,31496,391.68,12700.0,2633078.0,157.93,154.0,191.51,,80413
Sullivan,2024-01,2024,4.2,30952,382.59,12770.0,2632929.0,157.85,316.0,390.6,,80901
Sullivan,2024-02,2024,4.6,30594,378.17,12795.0,2644010.0,158.16,143.0,176.76,,80901
Sullivan,2024-03,2024,4.0,30371,375.41,13001.0,2704495.0,160.7,130.0,160.69,,80901
Sullivan,2024-04,2024,3.4,29853,369.01,13115.0,2680747.0,162.11,110.0,135.97,,80901
Sullivan,2024-05,2024,3.2,29500,364.64,13184.0,2641701.0,162.96,187.0,231.15,,80901
Sullivan,2024-06,2024,3.3,29169,360.55,13016.0,2603692.0,160.89,173.0,213.84,,80901
Sullivan,2024-07,2024,3.6,29025,358.77,13095.0,2637226.0,161.86,270.0,333.74,,80901
Sullivan,2024-08,2024,3.5,28950,357.84,13106.0,2625649.0,162.0,239.0,295.42,,80901
Sullivan,2024-09,2024,3.0,28710,354.88,13061.0,2609287.0,161.44,163.0,201.48,,80901
Sullivan,2024-10,2024,3.1,28704,354.8,13075.0,2648265.0,161.62,194.0,239.8,,80901
Sullivan,2024-11,2024,3.2,28526,352.6,12948.0,2612547.0,160.05,258.0,318.91,,80901
Sullivan,2024-12,2024,3.3,28446,351.61,12975.0,2643538.0,160.38,221.0,273.17,,80901
Sullivan,2025-01,2025,4.1,28291,351.07,13110.0,2679440.0,162.68,,,,80586
Sullivan,2025-02,2025,4.5,28128,349.04,12867.0,2611505.0,159.67,,,,80586
Sullivan,2025-03,2025,3.9,28139,349.18,13102.0,2658532.0,162.58,,,,80586
Sullivan,2025-04,2025,2.9,28171,349.58,13028.0,2635090.0,161.67,,,,80586
Sullivan,2025-05,2025,2.8,28097,348.66,12968.0,2604566.0,160.92,,,,80586
Sullivan,2025-06,2025,2.9,28205,350.0,12970.0,2612637.0,160.95,,,,80586
Sullivan,2025-07,2025,3.4,28213,350.1,12809.0,2576252.0,158.95,,,,80586
Sullivan,2025-08,2025,3.7,28209,350.05,12696.0,2528364.0,157.55,,,,80586
Sullivan,2025-09,2025,3.6,28104,348.75,12652.0,2524363.0,157.0,,,,80586
Sullivan,2025-10,2025,,28247,350.52,12591.0,2609074.0,156.24,,,,80586
Sullivan,2025-11,2025,3.7,28434,352.84,11996.0,2466936.0,148.86,,,,80586
Sullivan,2025-12,2025,3.6,28321,351.44,12131.0,2540874.0,150.53,,,,80586
Tioga,2018-01,2018,6.2,11512,237.65,5424.0,590648.0,111.97,,,,48441
Tioga,2018-02,2018,6.2,11454,236.45,5371.0,572859.0,110.88,,,,48441
Tioga,2018-03,2018,5.5,11417,235.69,5438.0,585013.0,112.26,,,,48441
Tioga,2018-04,2018,4.4,11437,236.1,5358.0,576316.0,110.61,,,,48441
Tioga,2018-05,2018,3.8,11464,236.66,5335.0,576199.0,110.13,,,,48441
Tioga,2018-06,2018,4.0,11422,235.79,5240.0,570233.0,108.17,,,,48441
Tioga,2018-07,2018,4.0,11395,235.23,5244.0,571371.0,108.26,,,,48441
Tioga,2018-08,2018,3.9,11427,235.9,5169.0,568724.0,106.71,,,,48441
Tioga,2018-09,2018,3.5,11424,235.83,5085.0,557412.0,104.97,,,,48441
Tioga,2018-10,2018,3.5,11433,236.02,5053.0,557905.0,104.31,,,,48441
Tioga,2018-11,2018,3.3,11422,235.79,5069.0,555849.0,104.64,,,,48441
Tioga,2018-12,2018,4.2,11380,234.92,5042.0,559996.0,104.09,,,,48441
Tioga,2019-01,2019,4.8,11347,235.4,5121.0,555425.0,106.24,,,,48203
Tioga,2019-02,2019,5.0,11383,236.15,5075.0,545911.0,105.28,,,,48203
Tioga,2019-03,2019,4.7,11361,235.69,5201.0,562871.0,107.9,,,,48203
Tioga,2019-04,2019,3.6,11387,236.23,5064.0,543417.0,105.06,,,,48203
Tioga,2019-05,2019,3.5,11356,235.59,5038.0,543230.0,104.52,,,,48203
Tioga,2019-06,2019,3.8,11322,234.88,4939.0,530779.0,102.46,,,,48203
Tioga,2019-07,2019,4.0,11256,233.51,4911.0,528658.0,101.88,,,,48203
Tioga,2019-08,2019,3.9,11251,233.41,4784.0,512974.0,99.25,,,,48203
Tioga,2019-09,2019,3.5,11198,232.31,4733.0,509480.0,98.19,,,,48203
Tioga,2019-10,2019,3.7,11244,233.26,4776.0,522890.0,99.08,,,,48203
Tioga,2019-11,2019,3.7,11259,233.57,4814.0,517444.0,99.87,,,,48203
Tioga,2019-12,2019,4.3,11253,233.45,4862.0,522663.0,100.87,,,,48203
Tioga,2020-01,2020,5.2,11315,234.01,4835.0,521768.0,100.0,,,,48352
Tioga,2020-02,2020,5.3,11278,233.25,4801.0,518504.0,99.29,,,,48352
Tioga,2020-03,2020,6.0,11348,234.7,4787.0,523990.0,99.0,,,,48352
Tioga,2020-04,2020,17.5,11640,240.73,4949.0,1187043.0,102.35,,,,48352
Tioga,2020-05,2020,12.4,11808,244.21,4931.0,861973.0,101.98,,,,48352
Tioga,2020-06,2020,9.4,11909,246.3,4796.0,764206.0,99.19,,,,48352
Tioga,2020-07,2020,8.7,12052,249.26,4548.0,879715.0,94.06,,,,48352
Tioga,2020-08,2020,6.8,12177,251.84,4628.0,803243.0,95.71,,,,48352
Tioga,2020-09,2020,5.7,12339,255.19,4680.0,745692.0,96.79,,,,48352
Tioga,2020-10,2020,4.9,12439,257.26,4808.0,961350.0,99.44,,,,48352
Tioga,2020-11,2020,4.7,12560,259.76,4892.0,953753.0,101.17,,,,48352
Tioga,2020-12,2020,5.4,12684,262.33,5003.0,924049.0,103.47,,,,48352
Tioga,2021-01,2021,6.1,12793,265.98,4955.0,1040818.0,103.02,103.0,214.15,,48097
Tioga,2021-02,2021,6.5,12844,267.04,4973.0,1072508.0,103.4,85.0,176.73,,48097
Tioga,2021-03,2021,6.0,12966,269.58,4909.0,1039042.0,102.06,78.0,162.17,,48097
Tioga,2021-04,2021,4.7,13060,271.53,4886.0,1134690.0,101.59,73.0,151.78,,48097
Tioga,2021-05,2021,4.3,13112,272.62,4946.0,1155908.0,102.83,88.0,182.96,,48097
Tioga,2021-06,2021,4.9,13222,274.9,4947.0,1147989.0,102.85,108.0,224.55,,48097
Tioga,2021-07,2021,4.7,13277,276.05,5007.0,1169304.0,104.1,79.0,164.25,,48097
Tioga,2021-08,2021,4.4,13343,277.42,4982.0,1178404.0,103.58,67.0,139.3,,48097
Tioga,2021-09,2021,3.6,13485,280.37,4967.0,1151892.0,103.27,73.0,151.78,,48097
Tioga,2021-10,2021,3.4,13518,281.06,5130.0,1289236.0,106.66,111.0,230.78,,48097
Tioga,2021-11,2021,3.2,13586,282.47,5179.0,1282882.0,107.68,118.0,245.34,,48097
Tioga,2021-12,2021,3.0,13736,285.59,5251.0,1309018.0,109.18,111.0,230.78,,48097
Tioga,2022-01,2022,4.2,13849,290.19,5350.0,1347724.0,112.1,81.0,169.73,,47724
Tioga,2022-02,2022,4.5,13924,291.76,5342.0,1334217.0,111.94,83.0,173.92,,47724
Tioga,2022-03,2022,4.0,13998,293.31,5448.0,1366453.0,114.16,101.0,211.63,,47724
Tioga,2022-04,2022,3.0,14025,293.88,5513.0,1385053.0,115.52,66.0,138.3,,47724
Tioga,2022-05,2022,2.8,14043,294.25,5347.0,1322755.0,112.04,83.0,173.92,,47724
Tioga,2022-06,2022,3.2,14100,295.45,5352.0,1327538.0,112.14,100.0,209.54,,47724
Tioga,2022-07,2022,3.4,14174,297.0,5276.0,1300203.0,110.55,67.0,140.39,,47724
Tioga,2022-08,2022,3.4,14214,297.84,5232.0,1324876.0,109.63,84.0,176.01,,47724
Tioga,2022-09,2022,2.7,14288,299.39,5265.0,1313098.0,110.32,97.0,203.25,,47724
Tioga,2022-10,2022,2.6,14288,299.39,5304.0,1497122.0,111.14,101.0,211.63,,47724
Tioga,2022-11,2022,2.8,14353,300.75,5318.0,1502955.0,111.43,105.0,220.02,,47724
Tioga,2022-12,2022,3.1,14443,302.64,5361.0,1512995.0,112.33,143.0,299.64,,47724
Tioga,2023-01,2023,4.0,14545,305.53,5377.0,1504400.0,112.95,103.0,216.36,,47606
Tioga,2023-02,2023,4.1,14612,306.94,5384.0,1491164.0,113.09,96.0,201.66,,47606
Tioga,2023-03,2023,3.5,14698,308.74,5413.0,900969.0,113.7,76.0,159.64,,47606
Tioga,2023-04,2023,2.5,14761,310.07,5402.0,870484.0,113.47,76.0,159.64,,47606
Tioga,2023-05,2023,2.8,14812,311.14,5370.0,867597.0,112.8,74.0,155.44,,47606
Tioga,2023-06,2023,3.0,14927,313.55,5294.0,853343.0,111.2,85.0,178.55,,47606
Tioga,2023-07,2023,3.1,14785,310.57,5302.0,852994.0,111.37,61.0,128.14,,47606
Tioga,2023-08,2023,3.4,14556,305.76,5203.0,853240.0,109.29,71.0,149.14,,47606
Tioga,2023-09,2023,3.1,14327,300.95,5190.0,854546.0,109.02,83.0,174.35,,47606
Tioga,2023-10,2023,3.1,14108,296.35,5205.0,875244.0,109.33,110.0,231.06,,47606
Tioga,2023-11,2023,3.1,13825,290.4,5263.0,882755.0,110.55,134.0,281.48,,47606
Tioga,2023-12,2023,3.6,13533,284.27,5315.0,893703.0,111.65,106.0,222.66,,47606
Tioga,2024-01,2024,4.3,13311,279.97,5287.0,873649.0,111.2,132.0,277.63,,47545
Tioga,2024-02,2024,4.5,13166,276.92,5302.0,871260.0,111.52,82.0,172.47,,47545
Tioga,2024-03,2024,4.0,12982,273.05,5269.0,857342.0,110.82,81.0,170.36,,47545
Tioga,2024-04,2024,3.2,12728,267.7,5206.0,855098.0,109.5,73.0,153.54,,47545
Tioga,2024-05,2024,3.0,12471,262.3,5168.0,851424.0,108.7,102.0,214.53,,47545
Tioga,2024-06,2024,3.2,12213,256.87,5188.0,853458.0,109.12,90.0,189.29,,47545
Tioga,2024-07,2024,3.7,12222,257.06,5205.0,869212.0,109.48,82.0,172.47,,47545
Tioga,2024-08,2024,3.5,12166,255.88,5173.0,868375.0,108.8,78.0,164.06,,47545
Tioga,2024-09,2024,2.9,12070,253.86,5139.0,858821.0,108.09,81.0,170.36,,47545
Tioga,2024-10,2024,3.0,12051,253.47,5232.0,881997.0,110.04,129.0,271.32,,47545
Tioga,2024-11,2024,3.1,12017,252.75,5205.0,867985.0,109.48,153.0,321.8,,47545
Tioga,2024-12,2024,3.5,12048,253.4,5197.0,869246.0,109.31,120.0,252.39,,47545
Tioga,2025-01,2025,4.5,12011,253.11,5350.0,881888.0,112.74,,,,47453
Tioga,2025-02,2025,4.8,12010,253.09,5322.0,865865.0,112.15,,,,47453
Tioga,2025-03,2025,4.1,12056,254.06,5370.0,871724.0,113.16,,,,47453
Tioga,2025-04,2025,2.9,12141,255.85,5332.0,862584.0,112.36,,,,47453
Tioga,2025-05,2025,2.7,12076,254.48,5267.0,855033.0,110.99,,,,47453
Tioga,2025-06,2025,3.0,12060,254.15,5173.0,836568.0,109.01,,,,47453
Tioga,2025-07,2025,3.4,12057,254.08,5091.0,834168.0,107.29,,,,47453
Tioga,2025-08,2025,3.6,12015,253.2,4995.0,814320.0,105.26,,,,47453
Tioga,2025-09,2025,3.5,12055,254.04,4987.0,811746.0,105.09,,,,47453
Tioga,2025-10,2025,,12069,254.34,4968.0,836859.0,104.69,,,,47453
Tioga,2025-11,2025,3.5,12129,255.6,4845.0,806783.0,102.1,,,,47453
Tioga,2025-12,2025,3.7,12180,256.68,4812.0,801448.0,101.41,,,,47453
Tompkins,2018-01,2018,4.3,16056,156.77,7857.0,968187.0,76.71,,,,102419
Tompkins,2018-02,2018,4.4,16001,156.23,7799.0,962444.0,76.15,,,,102419
Tompkins,2018-03,2018,3.8,16009,156.31,7768.0,964925.0,75.85,,,,102419
Tompkins,2018-04,2018,3.4,15986,156.08,7758.0,958933.0,75.75,,,,102419
Tompkins,2018-05,2018,3.1,16013,156.35,7748.0,963397.0,75.65,,,,102419
Tompkins,2018-06,2018,4.0,15976,155.99,7666.0,945583.0,74.85,,,,102419
Tompkins,2018-07,2018,3.9,15958,155.81,7499.0,919860.0,73.22,,,,102419
Tompkins,2018-08,2018,3.6,15993,156.15,7517.0,932555.0,73.39,,,,102419
Tompkins,2018-09,2018,3.1,16060,156.81,7535.0,927547.0,73.57,,,,102419
Tompkins,2018-10,2018,3.0,16000,156.22,7565.0,941213.0,73.86,,,,102419
Tompkins,2018-11,2018,2.9,15967,155.9,7534.0,938081.0,73.56,,,,102419
Tompkins,2018-12,2018,3.0,16001,156.23,7601.0,944787.0,74.21,,,,102419
Tompkins,2019-01,2019,3.7,15996,156.55,7654.0,951850.0,74.91,,,,102180
Tompkins,2019-02,2019,3.6,15966,156.25,7556.0,929459.0,73.95,,,,102180
Tompkins,2019-03,2019,3.4,15948,156.08,7624.0,944444.0,74.61,,,,102180
Tompkins,2019-04,2019,3.1,15910,155.71,7489.0,919014.0,73.29,,,,102180
Tompkins,2019-05,2019,3.1,15900,155.61,7452.0,922953.0,72.93,,,,102180
Tompkins,2019-06,2019,3.6,15888,155.49,7465.0,926963.0,73.06,,,,102180
Tompkins,2019-07,2019,4.1,15914,155.74,7326.0,907167.0,71.7,,,,102180
Tompkins,2019-08,2019,4.0,15892,155.53,7263.0,907423.0,71.08,,,,102180
Tompkins,2019-09,2019,3.5,15811,154.74,7278.0,912374.0,71.23,,,,102180
Tompkins,2019-10,2019,3.5,15806,154.69,7197.0,913984.0,70.43,,,,102180
Tompkins,2019-11,2019,3.2,15757,154.21,7144.0,903311.0,69.92,,,,102180
Tompkins,2019-12,2019,3.2,15702,153.67,7129.0,893624.0,69.77,,,,102180
Tompkins,2020-01,2020,3.5,15729,149.08,7181.0,894691.0,68.06,,,,105508
Tompkins,2020-02,2020,3.4,15785,149.61,7132.0,886265.0,67.6,,,,105508
Tompkins,2020-03,2020,3.8,15837,150.1,7043.0,885678.0,66.75,,,,105508
Tompkins,2020-04,2020,11.4,16225,153.78,7395.0,1700931.0,70.09,,,,105508
Tompkins,2020-05,2020,9.4,16522,156.59,7489.0,1355636.0,70.98,,,,105508
Tompkins,2020-06,2020,7.9,16741,158.67,7328.0,1276396.0,69.45,,,,105508
Tompkins,2020-07,2020,7.4,17007,161.19,6864.0,1262447.0,65.06,,,,105508
Tompkins,2020-08,2020,5.6,17226,163.27,6871.0,1224288.0,65.12,,,,105508
Tompkins,2020-09,2020,4.9,17365,164.58,7019.0,1182508.0,66.53,,,,105508
Tompkins,2020-10,2020,3.9,17534,166.19,7152.0,1474571.0,67.79,,,,105508
Tompkins,2020-11,2020,3.8,17747,168.21,7194.0,1370871.0,68.18,,,,105508
Tompkins,2020-12,2020,4.1,18016,170.75,7315.0,1385020.0,69.33,,,,105508
Tompkins,2021-01,2021,5.2,18172,177.17,7327.0,1591754.0,71.44,204.0,198.89,,102567
Tompkins,2021-02,2021,4.9,18214,177.58,7360.0,1605474.0,71.76,182.0,177.44,,102567
Tompkins,2021-03,2021,4.4,18343,178.84,7356.0,1592216.0,71.72,188.0,183.29,,102567
Tompkins,2021-04,2021,3.8,18440,179.78,7359.0,1786931.0,71.75,173.0,168.67,,102567
Tompkins,2021-05,2021,3.6,18518,180.55,7296.0,1778282.0,71.13,159.0,155.02,,102567
Tompkins,2021-06,2021,4.6,18677,182.1,7259.0,1764922.0,70.77,176.0,171.6,,102567
Tompkins,2021-07,2021,4.5,18815,183.44,7138.0,1740650.0,69.59,154.0,150.15,,102567
Tompkins,2021-08,2021,4.2,18870,183.98,7088.0,1754164.0,69.11,168.0,163.8,,102567
Tompkins,2021-09,2021,3.3,18991,185.16,7099.0,1743904.0,69.21,215.0,209.62,,102567
Tompkins,2021-10,2021,3.1,19109,186.31,7272.0,1934166.0,70.9,250.0,243.74,,102567
Tompkins,2021-11,2021,2.7,19177,186.97,7330.0,1930597.0,71.47,307.0,299.32,,102567
Tompkins,2021-12,2021,2.4,19318,188.35,7495.0,1986708.0,73.07,211.0,205.72,,102567
Tompkins,2022-01,2022,3.3,19408,186.3,7600.0,2003335.0,72.95,208.0,199.66,,104177
Tompkins,2022-02,2022,3.2,19519,187.36,7681.0,2013125.0,73.73,215.0,206.38,,104177
Tompkins,2022-03,2022,2.8,19608,188.22,7824.0,2070929.0,75.1,205.0,196.78,,104177
Tompkins,2022-04,2022,2.5,19662,188.74,7875.0,2076769.0,75.59,166.0,159.34,,104177
Tompkins,2022-05,2022,2.7,19692,189.02,7850.0,2046633.0,75.35,176.0,168.94,,104177
Tompkins,2022-06,2022,3.2,19856,190.6,7859.0,2052373.0,75.44,193.0,185.26,,104177
Tompkins,2022-07,2022,3.5,19951,191.51,7680.0,1997761.0,73.72,179.0,171.82,,104177
Tompkins,2022-08,2022,3.4,20058,192.54,7705.0,2013065.0,73.96,218.0,209.26,,104177
Tompkins,2022-09,2022,2.7,20215,194.04,7775.0,2041257.0,74.63,206.0,197.74,,104177
Tompkins,2022-10,2022,2.6,20261,194.49,7868.0,2329327.0,75.53,268.0,257.25,,104177
Tompkins,2022-11,2022,2.7,20301,194.87,7827.0,2317199.0,75.13,267.0,256.29,,104177
Tompkins,2022-12,2022,2.7,20403,195.85,7947.0,2366626.0,76.28,274.0,263.01,,104177
Tompkins,2023-01,2023,3.6,20495,196.21,7901.0,2327759.0,75.64,219.0,209.66,,104453
Tompkins,2023-02,2023,3.2,20549,196.73,7855.0,2298921.0,75.2,216.0,206.79,,104453
Tompkins,2023-03,2023,2.7,20620,197.41,7958.0,1597114.0,76.19,164.0,157.01,,104453
Tompkins,2023-04,2023,2.3,20679,197.97,7877.0,1526010.0,75.41,171.0,163.71,,104453
Tompkins,2023-05,2023,2.7,20786,199.0,7848.0,1518963.0,75.13,205.0,196.26,,104453
Tompkins,2023-06,2023,3.2,20929,200.37,7856.0,1520297.0,75.21,179.0,171.37,,104453
Tompkins,2023-07,2023,3.3,20646,197.66,7665.0,1483155.0,73.38,153.0,146.48,,104453
Tompkins,2023-08,2023,3.5,20324,194.58,7667.0,1482321.0,73.4,214.0,204.88,,104453
Tompkins,2023-09,2023,3.0,19995,191.43,7650.0,1474078.0,73.24,201.0,192.43,,104453
Tompkins,2023-10,2023,3.3,19698,188.58,7637.0,1536847.0,73.11,247.0,236.47,,104453
Tompkins,2023-11,2023,2.9,19347,185.22,7685.0,1537223.0,73.57,312.0,298.7,,104453
Tompkins,2023-12,2023,3.5,18918,181.11,7770.0,1552830.0,74.39,210.0,201.05,,104453
Tompkins,2024-01,2024,3.6,18605,178.22,7730.0,1530168.0,74.05,238.0,227.98,,104394
Tompkins,2024-02,2024,3.5,18291,175.21,7696.0,1520656.0,73.72,187.0,179.13,,104394
Tompkins,2024-03,2024,3.2,17966,172.1,7788.0,1538436.0,74.6,162.0,155.18,,104394
Tompkins,2024-04,2024,2.8,17528,167.9,7697.0,1515337.0,73.73,165.0,158.06,,104394
Tompkins,2024-05,2024,3.2,17173,164.5,7713.0,1524405.0,73.88,199.0,190.62,,104394
Tompkins,2024-06,2024,3.8,16775,160.69,7712.0,1514565.0,73.87,199.0,190.62,,104394
Tompkins,2024-07,2024,3.8,16721,160.17,7563.0,1480985.0,72.45,185.0,177.21,,104394
Tompkins,2024-08,2024,3.7,16692,159.89,7533.0,1475416.0,72.16,189.0,181.04,,104394
Tompkins,2024-09,2024,3.0,16645,159.44,7489.0,1476492.0,71.74,196.0,187.75,,104394
Tompkins,2024-10,2024,2.9,16676,159.74,7626.0,1533124.0,73.05,263.0,251.93,,104394
Tompkins,2024-11,2024,3.1,16599,159.0,7686.0,1534641.0,73.62,281.0,269.17,,104394
Tompkins,2024-12,2024,3.1,16573,158.75,7633.0,1520237.0,73.12,314.0,300.78,,104394
Tompkins,2025-01,2025,3.4,16492,158.51,7737.0,1508409.0,74.36,,,,104047
Tompkins,2025-02,2025,3.6,16415,157.77,7700.0,1500878.0,74.01,,,,104047
Tompkins,2025-03,2025,3.3,16367,157.3,7731.0,1516497.0,74.3,,,,104047
Tompkins,2025-04,2025,2.6,16306,156.72,7677.0,1505107.0,73.78,,,,104047
Tompkins,2025-05,2025,2.7,16294,156.6,7624.0,1502087.0,73.27,,,,104047
Tompkins,2025-06,2025,3.2,16306,156.72,7548.0,1497212.0,72.54,,,,104047
Tompkins,2025-07,2025,3.6,16322,156.87,7471.0,1479883.0,71.8,,,,104047
Tompkins,2025-08,2025,4.0,16291,156.57,7471.0,1477603.0,71.8,,,,104047
Tompkins,2025-09,2025,4.0,16283,156.5,7422.0,1466293.0,71.33,,,,104047
Tompkins,2025-10,2025,,16246,156.14,7433.0,1518711.0,71.44,,,,104047
Tompkins,2025-11,2025,3.4,16394,157.56,7292.0,1479438.0,70.08,,,,104047
Tompkins,2025-12,2025,3.4,16448,158.08,7253.0,1466722.0,69.71,,,,104047
Ulster,2018-01,2018,5.1,43814,245.57,18118.0,2302917.0,101.55,,,,178418
Ulster,2018-02,2018,5.1,43774,245.35,17945.0,2287009.0,100.58,,,,178418
Ulster,2018-03,2018,4.5,43776,245.36,18000.0,2305006.0,100.89,,,,178418
Ulster,2018-04,2018,3.8,43877,245.92,17617.0,2247031.0,98.74,,,,178418
Ulster,2018-05,2018,3.5,43849,245.77,17396.0,2231994.0,97.5,,,,178418
Ulster,2018-06,2018,3.9,43834,245.68,17177.0,2209951.0,96.27,,,,178418
Ulster,2018-07,2018,4.0,43829,245.65,16993.0,2185618.0,95.24,,,,178418
Ulster,2018-08,2018,4.0,43946,246.31,16777.0,2191244.0,94.03,,,,178418
Ulster,2018-09,2018,3.3,43917,246.15,16593.0,2171955.0,93.0,,,,178418
Ulster,2018-10,2018,3.3,43998,246.6,16485.0,2184714.0,92.4,,,,178418
Ulster,2018-11,2018,3.2,44080,247.06,16370.0,2174417.0,91.75,,,,178418
Ulster,2018-12,2018,3.6,44113,247.25,16570.0,2204704.0,92.87,,,,178418
Ulster,2019-01,2019,4.2,44149,248.62,16613.0,2170985.0,93.56,,,,177573
Ulster,2019-02,2019,4.2,44010,247.84,16827.0,2213472.0,94.76,,,,177573
Ulster,2019-03,2019,3.9,43986,247.71,16896.0,2208520.0,95.15,,,,177573
Ulster,2019-04,2019,3.2,43901,247.23,16809.0,2197837.0,94.66,,,,177573
Ulster,2019-05,2019,3.2,44140,248.57,16645.0,2169829.0,93.74,,,,177573
Ulster,2019-06,2019,3.5,44044,248.03,16445.0,2144757.0,92.61,,,,177573
Ulster,2019-07,2019,4.0,44004,247.81,16527.0,2166681.0,93.07,,,,177573
Ulster,2019-08,2019,4.0,44119,248.46,16376.0,2148196.0,92.22,,,,177573
Ulster,2019-09,2019,3.3,44068,248.17,16203.0,2122442.0,91.25,,,,177573
Ulster,2019-10,2019,3.4,44131,248.52,16077.0,2154644.0,90.54,,,,177573
Ulster,2019-11,2019,3.4,44019,247.89,15932.0,2116426.0,89.72,,,,177573
Ulster,2019-12,2019,3.6,43894,247.19,16016.0,2132794.0,90.19,,,,177573
Ulster,2020-01,2020,4.2,44119,243.34,16139.0,2127668.0,89.02,,,,181304
Ulster,2020-02,2020,4.3,44085,243.16,16121.0,2130830.0,88.92,,,,181304
Ulster,2020-03,2020,4.9,44129,243.4,16114.0,2136742.0,88.88,,,,181304
Ulster,2020-04,2020,17.6,45148,249.02,16812.0,3750706.0,92.73,,,,181304
Ulster,2020-05,2020,13.1,45888,253.1,17258.0,3137874.0,95.19,,,,181304
Ulster,2020-06,2020,10.5,46385,255.84,17347.0,3050983.0,95.68,,,,181304
Ulster,2020-07,2020,9.8,46995,259.21,16838.0,3071768.0,92.87,,,,181304
Ulster,2020-08,2020,7.5,47663,262.89,16532.0,2949163.0,91.18,,,,181304
Ulster,2020-09,2020,6.5,48225,265.99,16536.0,2796269.0,91.21,,,,181304
Ulster,2020-10,2020,5.4,48699,268.6,16441.0,3326092.0,90.68,,,,181304
Ulster,2020-11,2020,5.2,49258,271.69,16273.0,3107703.0,89.76,,,,181304
Ulster,2020-12,2020,5.6,50070,276.17,16314.0,3094927.0,89.98,,,,181304
Ulster,2021-01,2021,6.6,50639,275.76,16116.0,3499175.0,87.76,369.0,200.94,,183636
Ulster,2021-02,2021,6.6,50759,276.41,16258.0,3562214.0,88.53,367.0,199.85,,183636
Ulster,2021-03,2021,6.2,50996,277.7,16417.0,3577572.0,89.4,319.0,173.71,,183636
Ulster,2021-04,2021,5.2,51354,279.65,16393.0,4081658.0,89.27,304.0,165.54,,183636
Ulster,2021-05,2021,4.7,51725,281.67,16484.0,4128158.0,89.76,393.0,214.01,,183636
Ulster,2021-06,2021,5.2,52058,283.48,16624.0,4144295.0,90.53,389.0,211.83,,183636
Ulster,2021-07,2021,5.0,52372,285.19,16668.0,4186217.0,90.77,399.0,217.28,,183636
Ulster,2021-08,2021,4.8,52604,286.46,16707.0,4301767.0,90.98,349.0,190.05,,183636
Ulster,2021-09,2021,3.9,52937,288.27,16682.0,4119826.0,90.84,408.0,222.18,,183636
Ulster,2021-10,2021,3.6,53198,289.69,16809.0,4457773.0,91.53,456.0,248.32,,183636
Ulster,2021-11,2021,3.3,53362,290.59,16853.0,4457548.0,91.77,475.0,258.66,,183636
Ulster,2021-12,2021,3.0,53750,292.7,17121.0,4652343.0,93.23,418.0,227.62,,183636
Ulster,2022-01,2022,4.0,54051,296.1,17165.0,4630775.0,94.03,395.0,216.38,,182546
Ulster,2022-02,2022,4.2,54415,298.09,17249.0,4595070.0,94.49,395.0,216.38,,182546
Ulster,2022-03,2022,3.6,54757,299.96,17629.0,4703610.0,96.57,377.0,206.52,,182546
Ulster,2022-04,2022,3.0,54868,300.57,17665.0,4724797.0,96.77,366.0,200.5,,182546
Ulster,2022-05,2022,2.9,55031,301.46,17766.0,4711555.0,97.32,402.0,220.22,,182546
Ulster,2022-06,2022,3.2,55313,303.01,17987.0,4746809.0,98.53,459.0,251.44,,182546
Ulster,2022-07,2022,3.5,55641,304.81,18007.0,4716594.0,98.64,419.0,229.53,,182546
Ulster,2022-08,2022,3.6,55807,305.71,18072.0,4732526.0,99.0,433.0,237.2,,182546
Ulster,2022-09,2022,2.8,56184,307.78,17883.0,4703830.0,97.96,400.0,219.12,,182546
Ulster,2022-10,2022,2.7,56432,309.14,17787.0,5253825.0,97.44,494.0,270.62,,182546
Ulster,2022-11,2022,2.8,56697,310.59,17692.0,5277612.0,96.92,533.0,291.98,,182546
Ulster,2022-12,2022,2.9,57035,312.44,17780.0,5326383.0,97.4,531.0,290.89,,182546
Ulster,2023-01,2023,3.7,57486,314.21,17768.0,5266166.0,97.12,375.0,204.97,,182956
Ulster,2023-02,2023,3.7,57638,315.04,17789.0,5229166.0,97.23,376.0,205.51,,182956
Ulster,2023-03,2023,3.3,58036,317.21,17887.0,3694922.0,97.77,374.0,204.42,,182956
Ulster,2023-04,2023,2.6,58319,318.76,17834.0,3607464.0,97.48,323.0,176.55,,182956
Ulster,2023-05,2023,2.9,58590,320.24,17721.0,3562846.0,96.86,407.0,222.46,,182956
Ulster,2023-06,2023,3.2,59007,322.52,17781.0,3576991.0,97.19,401.0,219.18,,182956
Ulster,2023-07,2023,3.4,58332,318.83,17758.0,3578607.0,97.06,399.0,218.09,,182956
Ulster,2023-08,2023,3.8,57525,314.42,17786.0,3585333.0,97.21,413.0,225.74,,182956
Ulster,2023-09,2023,3.3,56756,310.22,17734.0,3539596.0,96.93,442.0,241.59,,182956
Ulster,2023-10,2023,3.4,55941,305.76,17705.0,3682561.0,96.77,503.0,274.93,,182956
Ulster,2023-11,2023,3.4,55073,301.02,17465.0,3619811.0,95.46,564.0,308.27,,182956
Ulster,2023-12,2023,3.6,54162,296.04,17556.0,3660405.0,95.96,422.0,230.66,,182956
Ulster,2024-01,2024,4.1,53206,290.59,17643.0,3639767.0,96.36,453.0,247.41,,183095
Ulster,2024-02,2024,4.3,52554,287.03,17709.0,3604914.0,96.72,332.0,181.33,,183095
Ulster,2024-03,2024,3.8,51865,283.27,17864.0,3646409.0,97.57,322.0,175.86,,183095
Ulster,2024-04,2024,3.2,50875,277.86,18023.0,3652977.0,98.44,346.0,188.97,,183095
Ulster,2024-05,2024,3.3,50042,273.31,18012.0,3624366.0,98.38,439.0,239.77,,183095
Ulster,2024-06,2024,3.5,49354,269.55,18030.0,3627292.0,98.47,426.0,232.67,,183095
Ulster,2024-07,2024,4.0,49062,267.96,18035.0,3620797.0,98.5,389.0,212.46,,183095
Ulster,2024-08,2024,3.8,48988,267.56,18102.0,3641658.0,98.87,351.0,191.7,,183095
Ulster,2024-09,2024,3.1,48800,266.53,17920.0,3618702.0,97.87,392.0,214.1,,183095
Ulster,2024-10,2024,3.1,48806,266.56,17884.0,3695496.0,97.68,597.0,326.06,,183095
Ulster,2024-11,2024,3.1,48618,265.53,17733.0,3660412.0,96.85,576.0,314.59,,183095
Ulster,2024-12,2024,3.2,48638,265.64,17633.0,3640871.0,96.31,557.0,304.21,,183095
Ulster,2025-01,2025,4.0,48613,265.17,17521.0,3556417.0,95.57,,,,183330
Ulster,2025-02,2025,4.3,48483,264.46,17401.0,3527790.0,94.92,,,,183330
Ulster,2025-03,2025,3.8,48506,264.58,17475.0,3545217.0,95.32,,,,183330
Ulster,2025-04,2025,2.9,48474,264.41,17558.0,3572702.0,95.77,,,,183330
Ulster,2025-05,2025,2.9,48304,263.48,17441.0,3525819.0,95.13,,,,183330
Ulster,2025-06,2025,3.2,48302,263.47,17201.0,3459551.0,93.83,,,,183330
Ulster,2025-07,2025,3.7,48314,263.54,16916.0,3439576.0,92.27,,,,183330
Ulster,2025-08,2025,4.0,48256,263.22,16666.0,3377661.0,90.91,,,,183330
Ulster,2025-09,2025,3.8,48299,263.45,16457.0,3331403.0,89.77,,,,183330
Ulster,2025-10,2025,,48298,263.45,16451.0,3453982.0,89.73,,,,183330
Ulster,2025-11,2025,3.6,48618,265.19,15840.0,3291934.0,86.4,,,,183330
Ulster,2025-12,2025,3.5,48755,265.94,15763.0,3288180.0,85.98,,,,183330
Warren,2018-01,2018,6.8,15003,233.64,6786.0,784546.0,105.68,,,,64215
Warren,2018-02,2018,6.7,14938,232.62,6737.0,780806.0,104.91,,,,64215
Warren,2018-03,2018,6.2,14949,232.8,6788.0,788548.0,105.71,,,,64215
Warren,2018-04,2018,5.1,14978,233.25,6622.0,774160.0,103.12,,,,64215
Warren,2018-05,2018,3.8,15006,233.68,6565.0,772401.0,102.23,,,,64215
Warren,2018-06,2018,3.7,15000,233.59,6453.0,764086.0,100.49,,,,64215
Warren,2018-07,2018,3.5,14987,233.39,6411.0,754496.0,99.84,,,,64215
Warren,2018-08,2018,3.4,15019,233.89,6312.0,737566.0,98.29,,,,64215
Warren,2018-09,2018,3.2,14965,233.05,6263.0,742000.0,97.53,,,,64215
Warren,2018-10,2018,3.4,15008,233.71,6320.0,745358.0,98.42,,,,64215
Warren,2018-11,2018,4.1,15003,233.64,6321.0,745264.0,98.43,,,,64215
Warren,2018-12,2018,5.2,14997,233.54,6445.0,759321.0,100.37,,,,64215
Warren,2019-01,2019,5.8,15016,234.83,6524.0,764838.0,102.03,,,,63944
Warren,2019-02,2019,5.6,14941,233.66,6518.0,765269.0,101.93,,,,63944
Warren,2019-03,2019,5.4,14996,234.52,6525.0,766639.0,102.04,,,,63944
Warren,2019-04,2019,4.5,14980,234.27,6466.0,762991.0,101.12,,,,63944
Warren,2019-05,2019,3.6,14966,234.05,6341.0,757079.0,99.16,,,,63944
Warren,2019-06,2019,3.5,14860,232.39,6135.0,735507.0,95.94,,,,63944
Warren,2019-07,2019,3.6,14881,232.72,6083.0,725531.0,95.13,,,,63944
Warren,2019-08,2019,3.6,14894,232.92,5940.0,706849.0,92.89,,,,63944
Warren,2019-09,2019,3.4,14865,232.47,6003.0,710880.0,93.88,,,,63944
Warren,2019-10,2019,3.6,14902,233.05,6062.0,726035.0,94.8,,,,63944
Warren,2019-11,2019,4.5,14957,233.91,6166.0,731759.0,96.43,,,,63944
Warren,2019-12,2019,5.4,14821,231.78,6260.0,744672.0,97.9,,,,63944
Warren,2020-01,2020,5.7,14806,225.71,6366.0,756784.0,97.05,,,,65597
Warren,2020-02,2020,5.5,14820,225.92,6394.0,757958.0,97.47,,,,65597
Warren,2020-03,2020,6.5,14802,225.65,6437.0,770508.0,98.13,,,,65597
Warren,2020-04,2020,18.9,15038,229.25,6821.0,1579826.0,103.98,,,,65597
Warren,2020-05,2020,13.7,15276,232.88,6634.0,1177002.0,101.13,,,,65597
Warren,2020-06,2020,10.0,15468,235.8,5978.0,1015631.0,91.13,,,,65597
Warren,2020-07,2020,8.2,15625,238.2,5578.0,1053128.0,85.03,,,,65597
Warren,2020-08,2020,6.2,15806,240.96,5818.0,1033785.0,88.69,,,,65597
Warren,2020-09,2020,5.6,15944,243.06,5834.0,939053.0,88.94,,,,65597
Warren,2020-10,2020,5.0,16090,245.29,5949.0,1237454.0,90.69,,,,65597
Warren,2020-11,2020,5.3,16257,247.83,6140.0,1154234.0,93.6,,,,65597
Warren,2020-12,2020,6.1,16463,250.97,6409.0,1207024.0,97.7,,,,65597
Warren,2021-01,2021,6.9,16630,252.88,6434.0,1383708.0,97.84,118.0,179.43,,65762
Warren,2021-02,2021,7.2,16706,254.04,6489.0,1401114.0,98.67,142.0,215.93,,65762
Warren,2021-03,2021,6.9,16855,256.3,6460.0,1389893.0,98.23,113.0,171.83,,65762
Warren,2021-04,2021,5.5,16977,258.16,6347.0,1522521.0,96.51,114.0,173.35,,65762
Warren,2021-05,2021,4.6,17090,259.88,6318.0,1531220.0,96.07,147.0,223.53,,65762
Warren,2021-06,2021,4.8,17173,261.14,6244.0,1496678.0,94.95,194.0,295.0,,65762
Warren,2021-07,2021,4.4,17298,263.04,6214.0,1496482.0,94.49,219.0,333.02,,65762
Warren,2021-08,2021,4.2,17365,264.06,6054.0,1459025.0,92.06,202.0,307.17,,65762
Warren,2021-09,2021,3.6,17442,265.23,6183.0,1499645.0,94.02,172.0,261.55,,65762
Warren,2021-10,2021,3.4,17538,266.69,6304.0,1626463.0,95.86,158.0,240.26,,65762
Warren,2021-11,2021,3.6,17643,268.29,6471.0,1661931.0,98.4,188.0,285.88,,65762
Warren,2021-12,2021,3.5,17819,270.96,6689.0,1736306.0,101.72,197.0,299.57,,65762
Warren,2022-01,2022,4.6,17939,274.04,6812.0,1730520.0,104.06,158.0,241.37,,65461
Warren,2022-02,2022,4.7,18006,275.06,6819.0,1749284.0,104.17,148.0,226.09,,65461
Warren,2022-03,2022,4.3,18108,276.62,6821.0,1736477.0,104.2,125.0,190.95,,65461
Warren,2022-04,2022,3.4,18135,277.04,6802.0,1739167.0,103.91,109.0,166.51,,65461
Warren,2022-05,2022,3.0,18190,277.88,6767.0,1725962.0,103.37,159.0,242.89,,65461
Warren,2022-06,2022,3.1,18276,279.19,6798.0,1725339.0,103.85,195.0,297.89,,65461
Warren,2022-07,2022,3.1,18403,281.13,6714.0,1706259.0,102.56,229.0,349.83,,65461
Warren,2022-08,2022,3.1,18488,282.43,6624.0,1689499.0,101.19,182.0,278.03,,65461
Warren,2022-09,2022,2.6,18642,284.78,6570.0,1685664.0,100.37,189.0,288.72,,65461
Warren,2022-10,2022,2.6,18669,285.19,6647.0,1915042.0,101.54,185.0,282.61,,65461
Warren,2022-11,2022,3.3,18764,286.64,6778.0,1955097.0,103.54,208.0,317.75,,65461
Warren,2022-12,2022,3.7,18893,288.61,6940.0,1996239.0,106.02,214.0,326.91,,65461
Warren,2023-01,2023,4.3,19063,291.18,7000.0,1989577.0,106.92,166.0,253.56,,65467
Warren,2023-02,2023,4.4,19139,292.35,7085.0,2015097.0,108.22,140.0,213.85,,65467
Warren,2023-03,2023,4.0,19233,293.78,6955.0,1242985.0,106.24,182.0,278.0,,65467
Warren,2023-04,2023,3.2,19360,295.72,6939.0,1234775.0,105.99,106.0,161.91,,65467
Warren,2023-05,2023,3.0,19417,296.59,6771.0,1215913.0,103.43,169.0,258.15,,65467
Warren,2023-06,2023,2.9,19509,298.0,6754.0,1208571.0,103.17,178.0,271.89,,65467
Warren,2023-07,2023,2.9,19273,294.39,6603.0,1190903.0,100.86,202.0,308.55,,65467
Warren,2023-08,2023,3.1,18956,289.55,6524.0,1183596.0,99.65,193.0,294.81,,65467
Warren,2023-09,2023,3.0,18696,285.58,6523.0,1181018.0,99.64,177.0,270.37,,65467
Warren,2023-10,2023,3.1,18511,282.75,6571.0,1242086.0,100.37,179.0,273.42,,65467
Warren,2023-11,2023,3.7,18198,277.97,6761.0,1260747.0,103.27,181.0,276.48,,65467
Warren,2023-12,2023,4.3,17647,269.56,6881.0,1286188.0,105.11,176.0,268.84,,65467
Warren,2024-01,2024,4.8,17345,265.78,6960.0,1286623.0,106.65,202.0,309.53,,65261
Warren,2024-02,2024,5.1,17031,260.97,6973.0,1275748.0,106.85,117.0,179.28,,65261
Warren,2024-03,2024,4.6,16717,256.16,7090.0,1296541.0,108.64,156.0,239.04,,65261
Warren,2024-04,2024,3.8,16402,251.33,7020.0,1289625.0,107.57,133.0,203.8,,65261
Warren,2024-05,2024,3.2,16135,247.24,7026.0,1286738.0,107.66,172.0,263.56,,65261
Warren,2024-06,2024,3.1,15872,243.21,6878.0,1260070.0,105.39,185.0,283.48,,65261
Warren,2024-07,2024,3.4,15777,241.75,6885.0,1278857.0,105.5,209.0,320.25,,65261
Warren,2024-08,2024,3.2,15700,240.57,6813.0,1252828.0,104.4,168.0,257.43,,65261
Warren,2024-09,2024,2.8,15726,240.97,6764.0,1236503.0,103.65,172.0,263.56,,65261
Warren,2024-10,2024,2.9,15695,240.5,6779.0,1261417.0,103.88,158.0,242.1,,65261
Warren,2024-11,2024,3.5,15688,240.39,6775.0,1262922.0,103.81,168.0,257.43,,65261
Warren,2024-12,2024,3.9,15675,240.19,6856.0,1284955.0,105.06,173.0,265.09,,65261
Warren,2025-01,2025,4.9,15582,239.65,6947.0,1272495.0,106.84,,,,65020
Warren,2025-02,2025,5.2,15559,239.3,6945.0,1273669.0,106.81,,,,65020
Warren,2025-03,2025,4.5,15597,239.88,7019.0,1290431.0,107.95,,,,65020
Warren,2025-04,2025,3.4,15592,239.8,6968.0,1282722.0,107.17,,,,65020
Warren,2025-05,2025,2.8,15573,239.51,6954.0,1286702.0,106.95,,,,65020
Warren,2025-06,2025,2.8,15558,239.28,6848.0,1272796.0,105.32,,,,65020
Warren,2025-07,2025,3.2,15533,238.9,6789.0,1261558.0,104.41,,,,65020
Warren,2025-08,2025,3.4,15499,238.37,6640.0,1229055.0,102.12,,,,65020
Warren,2025-09,2025,3.5,15477,238.03,6557.0,1208005.0,100.85,,,,65020
Warren,2025-10,2025,,15463,237.82,6490.0,1238355.0,99.82,,,,65020
Warren,2025-11,2025,4.0,15575,239.54,6366.0,1201711.0,97.91,,,,65020
Warren,2025-12,2025,4.2,15584,239.68,6419.0,1201842.0,98.72,,,,65020
Washington,2018-01,2018,5.7,16305,266.1,6946.0,780962.0,113.36,,,,61274
Washington,2018-02,2018,5.9,16322,266.38,6866.0,771327.0,112.05,,,,61274
Washington,2018-03,2018,5.2,16299,266.0,6874.0,773049.0,112.18,,,,61274
Washington,2018-04,2018,4.1,16320,266.34,6771.0,761190.0,110.5,,,,61274
Washington,2018-05,2018,3.4,16313,266.23,6661.0,750094.0,108.71,,,,61274
Washington,2018-06,2018,3.5,16320,266.34,6574.0,734928.0,107.29,,,,61274
Washington,2018-07,2018,3.4,16393,267.54,6431.0,725947.0,104.95,,,,61274
Washington,2018-08,2018,3.4,16313,266.23,6261.0,705588.0,102.18,,,,61274
Washington,2018-09,2018,3.1,16285,265.77,6219.0,701234.0,101.49,,,,61274
Washington,2018-10,2018,3.2,16275,265.61,6236.0,702463.0,101.77,,,,61274
Washington,2018-11,2018,3.4,16337,266.62,6401.0,720896.0,104.47,,,,61274
Washington,2018-12,2018,4.0,16343,266.72,6479.0,723822.0,105.74,,,,61274
Washington,2019-01,2019,4.9,16434,268.51,6597.0,730945.0,107.79,,,,61204
Washington,2019-02,2019,5.0,16369,267.45,6661.0,743150.0,108.83,,,,61204
Washington,2019-03,2019,4.8,16289,266.14,6564.0,736680.0,107.25,,,,61204
Washington,2019-04,2019,3.7,16334,266.88,6447.0,727950.0,105.34,,,,61204
Washington,2019-05,2019,3.2,16358,267.27,6354.0,720716.0,103.82,,,,61204
Washington,2019-06,2019,3.2,16372,267.5,6281.0,713836.0,102.62,,,,61204
Washington,2019-07,2019,3.5,16361,267.32,6110.0,697401.0,99.83,,,,61204
Washington,2019-08,2019,3.4,16225,265.1,6134.0,692235.0,100.22,,,,61204
Washington,2019-09,2019,3.1,16230,265.18,6062.0,688088.0,99.05,,,,61204
Washington,2019-10,2019,3.3,16197,264.64,5933.0,683293.0,96.94,,,,61204
Washington,2019-11,2019,3.6,16140,263.71,5932.0,676315.0,96.92,,,,61204
Washington,2019-12,2019,4.2,16118,263.35,6114.0,697110.0,99.9,,,,61204
Washington,2020-01,2020,4.9,16190,264.86,6223.0,694475.0,101.8,,,,61127
Washington,2020-02,2020,4.9,16237,265.63,6159.0,683468.0,100.76,,,,61127
Washington,2020-03,2020,5.6,16232,265.55,6096.0,680978.0,99.73,,,,61127
Washington,2020-04,2020,15.5,16542,270.62,6301.0,1512290.0,103.08,,,,61127
Washington,2020-05,2020,11.1,16747,273.97,6416.0,1129477.0,104.96,,,,61127
Washington,2020-06,2020,8.2,16918,276.77,6231.0,1005396.0,101.94,,,,61127
Washington,2020-07,2020,7.5,17148,280.53,6036.0,1163396.0,98.75,,,,61127
Washington,2020-08,2020,5.7,17289,282.84,6004.0,1058286.0,98.22,,,,61127
Washington,2020-09,2020,5.0,17448,285.44,6075.0,982251.0,99.38,,,,61127
Washington,2020-10,2020,4.4,17628,288.38,6032.0,1243934.0,98.68,,,,61127
Washington,2020-11,2020,4.4,17756,290.48,6071.0,1157385.0,99.32,,,,61127
Washington,2020-12,2020,5.1,17975,294.06,6166.0,1152534.0,100.87,,,,61127
Washington,2021-01,2021,6.0,18150,297.91,6077.0,1292133.0,99.75,103.0,169.06,,60924
Washington,2021-02,2021,6.5,18210,298.9,6223.0,1345984.0,102.14,113.0,185.48,,60924
Washington,2021-03,2021,6.2,18330,300.87,6241.0,1331164.0,102.44,70.0,114.9,,60924
Washington,2021-04,2021,5.1,18430,302.51,6198.0,1460431.0,101.73,70.0,114.9,,60924
Washington,2021-05,2021,4.5,18478,303.3,6304.0,1492622.0,103.47,87.0,142.8,,60924
Washington,2021-06,2021,4.7,18522,304.02,6259.0,1475291.0,102.73,113.0,185.48,,60924
Washington,2021-07,2021,4.4,18599,305.28,6301.0,1490660.0,103.42,95.0,155.93,,60924
Washington,2021-08,2021,4.1,18731,307.45,6227.0,1484905.0,102.21,89.0,146.08,,60924
Washington,2021-09,2021,3.7,18873,309.78,6270.0,1482823.0,102.92,98.0,160.86,,60924
Washington,2021-10,2021,3.4,19015,312.11,6387.0,1606816.0,104.84,104.0,170.7,,60924
Washington,2021-11,2021,3.3,19066,312.95,6498.0,1636368.0,106.66,137.0,224.87,,60924
Washington,2021-12,2021,3.1,19144,314.23,6579.0,1670853.0,107.99,141.0,231.44,,60924
Washington,2022-01,2022,4.2,19289,317.21,6596.0,1675305.0,108.47,112.0,184.19,,60808
Washington,2022-02,2022,4.4,19329,317.87,6670.0,1681683.0,109.69,111.0,182.54,,60808
Washington,2022-03,2022,3.9,19419,319.35,6704.0,1682070.0,110.25,95.0,156.23,,60808
Washington,2022-04,2022,3.1,19439,319.68,6635.0,1678313.0,109.11,80.0,131.56,,60808
Washington,2022-05,2022,2.8,19502,320.71,6612.0,1666561.0,108.74,102.0,167.74,,60808
Washington,2022-06,2022,3.0,19579,321.98,6581.0,1652771.0,108.23,115.0,189.12,,60808
Washington,2022-07,2022,3.1,19666,323.41,6544.0,1669210.0,107.62,103.0,169.39,,60808
Washington,2022-08,2022,3.1,19725,324.38,6542.0,1655264.0,107.58,108.0,177.61,,60808
Washington,2022-09,2022,2.6,19831,326.12,6523.0,1669575.0,107.27,112.0,184.19,,60808
Washington,2022-10,2022,2.5,19858,326.57,6599.0,1883558.0,108.52,113.0,185.83,,60808
Washington,2022-11,2022,2.8,19936,327.85,6731.0,1925435.0,110.69,128.0,210.5,,60808
Washington,2022-12,2022,3.1,20096,330.48,6822.0,1959831.0,112.19,156.0,256.55,,60808
Washington,2023-01,2023,3.9,20225,336.79,6790.0,1911489.0,113.07,117.0,194.83,,60052
Washington,2023-02,2023,4.0,20296,337.97,6898.0,1937752.0,114.87,90.0,149.87,,60052
Washington,2023-03,2023,3.6,20345,338.79,6954.0,1219566.0,115.8,107.0,178.18,,60052
Washington,2023-04,2023,2.7,20462,340.74,6856.0,1174641.0,114.17,71.0,118.23,,60052
Washington,2023-05,2023,2.7,20530,341.87,6823.0,1171974.0,113.62,84.0,139.88,,60052
Washington,2023-06,2023,2.7,20697,344.65,6797.0,1177826.0,113.19,98.0,163.19,,60052
Washington,2023-07,2023,2.8,20493,341.25,6729.0,1167962.0,112.05,117.0,194.83,,60052
Washington,2023-08,2023,3.0,20188,336.18,6641.0,1160903.0,110.59,105.0,174.85,,60052
Washington,2023-09,2023,2.9,19854,330.61,6682.0,1162359.0,111.27,96.0,159.86,,60052
Washington,2023-10,2023,2.9,19510,324.89,6701.0,1227050.0,111.59,128.0,213.15,,60052
Washington,2023-11,2023,3.3,19161,319.07,6755.0,1227397.0,112.49,140.0,233.13,,60052
Washington,2023-12,2023,3.8,18747,312.18,6899.0,1245196.0,114.88,112.0,186.51,,60052
Washington,2024-01,2024,4.3,18409,307.73,7013.0,1241307.0,117.23,146.0,244.06,,59822
Washington,2024-02,2024,4.8,17933,299.77,7120.0,1258109.0,119.02,77.0,128.72,,59822
Washington,2024-03,2024,4.3,17702,295.91,7066.0,1252732.0,118.12,98.0,163.82,,59822
Washington,2024-04,2024,3.4,17392,290.73,6993.0,1248239.0,116.9,86.0,143.76,,59822
Washington,2024-05,2024,3.1,17005,284.26,6989.0,1244405.0,116.83,102.0,170.51,,59822
Washington,2024-06,2024,3.0,16700,279.16,6854.0,1209726.0,114.57,101.0,168.83,,59822
Washington,2024-07,2024,3.3,16617,277.77,6835.0,1248177.0,114.26,104.0,173.85,,59822
Washington,2024-08,2024,3.2,16611,277.67,6743.0,1197485.0,112.72,97.0,162.15,,59822
Washington,2024-09,2024,2.7,16484,275.55,6756.0,1198405.0,112.94,83.0,138.74,,59822
Washington,2024-10,2024,2.7,16510,275.99,6797.0,1225658.0,113.62,111.0,185.55,,59822
Washington,2024-11,2024,2.9,16436,274.75,6811.0,1219996.0,113.85,153.0,255.76,,59822
Washington,2024-12,2024,3.2,16402,274.18,6783.0,1217312.0,113.39,136.0,227.34,,59822
Washington,2025-01,2025,4.3,16388,276.11,6944.0,1222424.0,116.99,,,,59353
Washington,2025-02,2025,4.6,16302,274.66,6933.0,1214286.0,116.81,,,,59353
Washington,2025-03,2025,4.1,16341,275.32,6938.0,1226979.0,116.89,,,,59353
Washington,2025-04,2025,3.0,16415,276.57,6896.0,1222622.0,116.19,,,,59353
Washington,2025-05,2025,2.6,16325,275.05,6849.0,1209582.0,115.39,,,,59353
Washington,2025-06,2025,2.7,16352,275.5,6764.0,1201402.0,113.96,,,,59353
Washington,2025-07,2025,3.2,16316,274.9,6693.0,1183060.0,112.77,,,,59353
Washington,2025-08,2025,3.4,16295,274.54,6608.0,1169140.0,111.33,,,,59353
Washington,2025-09,2025,3.3,16339,275.29,6553.0,1159917.0,110.41,,,,59353
Washington,2025-10,2025,,16424,276.72,6541.0,1199366.0,110.21,,,,59353
Washington,2025-11,2025,3.4,16565,279.09,6473.0,1178202.0,109.06,,,,59353
Washington,2025-12,2025,3.6,16579,279.33,6466.0,1171131.0,108.94,,,,59353
Wayne,2018-01,2018,5.5,21268,235.79,9123.0,1021229.0,101.14,,,,90200
Wayne,2018-02,2018,5.7,21254,235.63,9118.0,1021973.0,101.09,,,,90200
Wayne,2018-03,2018,5.2,21294,236.08,9322.0,1059981.0,103.35,,,,90200
Wayne,2018-04,2018,4.3,21353,236.73,9093.0,1034554.0,100.81,,,,90200
Wayne,2018-05,2018,3.6,21348,236.67,9033.0,1028869.0,100.14,,,,90200
Wayne,2018-06,2018,3.9,21268,235.79,8858.0,1008624.0,98.2,,,,90200
Wayne,2018-07,2018,3.7,21287,236.0,8684.0,990101.0,96.27,,,,90200
Wayne,2018-08,2018,3.6,21307,236.22,8564.0,976441.0,94.94,,,,90200
Wayne,2018-09,2018,3.2,21277,235.89,8633.0,983236.0,95.71,,,,90200
Wayne,2018-10,2018,3.1,21298,236.12,8590.0,997638.0,95.23,,,,90200
Wayne,2018-11,2018,3.2,21250,235.59,8558.0,974837.0,94.88,,,,90200
Wayne,2018-12,2018,4.0,21256,235.65,8593.0,979879.0,95.27,,,,90200
Wayne,2019-01,2019,4.5,21209,235.87,8716.0,999377.0,96.93,,,,89918
Wayne,2019-02,2019,4.6,21255,236.38,8664.0,981484.0,96.35,,,,89918
Wayne,2019-03,2019,4.5,21220,235.99,8640.0,970050.0,96.09,,,,89918
Wayne,2019-04,2019,3.5,21127,234.96,8632.0,972602.0,96.0,,,,89918
Wayne,2019-05,2019,3.3,21116,234.84,8598.0,978091.0,95.62,,,,89918
Wayne,2019-06,2019,3.4,21081,234.45,8567.0,972434.0,95.28,,,,89918
Wayne,2019-07,2019,3.7,21132,235.01,8541.0,969089.0,94.99,,,,89918
Wayne,2019-08,2019,3.8,21167,235.4,8410.0,955810.0,93.53,,,,89918
Wayne,2019-09,2019,3.3,21080,234.44,8334.0,940485.0,92.68,,,,89918
Wayne,2019-10,2019,3.4,20998,233.52,8302.0,962193.0,92.33,,,,89918
Wayne,2019-11,2019,3.6,20921,232.67,8197.0,945392.0,91.16,,,,89918
Wayne,2019-12,2019,4.5,20877,232.18,8203.0,942335.0,91.23,,,,89918
Wayne,2020-01,2020,4.9,20905,229.22,8210.0,948611.0,90.02,,,,91201
Wayne,2020-02,2020,5.0,20943,229.64,8145.0,929264.0,89.31,,,,91201
Wayne,2020-03,2020,5.7,20960,229.82,8227.0,939563.0,90.21,,,,91201
Wayne,2020-04,2020,15.6,21344,234.03,8491.0,2051927.0,93.1,,,,91201
Wayne,2020-05,2020,11.3,21617,237.03,8376.0,1493830.0,91.84,,,,91201
Wayne,2020-06,2020,8.5,21950,240.68,8294.0,1358294.0,90.94,,,,91201
Wayne,2020-07,2020,8.3,22174,243.13,7951.0,1535012.0,87.18,,,,91201
Wayne,2020-08,2020,6.5,22421,245.84,7737.0,1375003.0,84.83,,,,91201
Wayne,2020-09,2020,5.5,22653,248.39,7901.0,1285917.0,86.63,,,,91201
Wayne,2020-10,2020,4.7,22874,250.81,8057.0,1675184.0,88.34,,,,91201
Wayne,2020-11,2020,4.7,23101,253.3,7995.0,1525544.0,87.66,,,,91201
Wayne,2020-12,2020,5.3,23330,255.81,8145.0,1524411.0,89.31,,,,91201
Wayne,2021-01,2021,6.0,23513,257.87,8082.0,1736445.0,88.64,161.0,176.57,,91181
Wayne,2021-02,2021,6.3,23586,258.67,8092.0,1766166.0,88.75,127.0,139.28,,91181
Wayne,2021-03,2021,6.0,23756,260.54,8178.0,1776927.0,89.69,136.0,149.15,,91181
Wayne,2021-04,2021,5.0,23871,261.8,8213.0,2005346.0,90.07,112.0,122.83,,91181
Wayne,2021-05,2021,4.5,23952,262.69,8222.0,1977924.0,90.17,145.0,159.02,,91181
Wayne,2021-06,2021,4.8,24147,264.82,8197.0,1962569.0,89.9,140.0,153.54,,91181
Wayne,2021-07,2021,4.6,24278,266.26,8301.0,2021705.0,91.04,135.0,148.06,,91181
Wayne,2021-08,2021,4.3,24350,267.05,8198.0,2015370.0,89.91,118.0,129.41,,91181
Wayne,2021-09,2021,3.5,24543,269.17,8229.0,1972517.0,90.25,139.0,152.44,,91181
Wayne,2021-10,2021,3.3,24740,271.33,8208.0,2121189.0,90.02,199.0,218.25,,91181
Wayne,2021-11,2021,3.0,24874,272.8,8266.0,2135134.0,90.65,245.0,268.7,,91181
Wayne,2021-12,2021,3.0,25076,275.01,8298.0,2175950.0,91.01,158.0,173.28,,91181
Wayne,2022-01,2022,3.9,25262,278.1,8232.0,2142989.0,90.62,177.0,194.85,,90839
Wayne,2022-02,2022,4.2,25344,279.0,8305.0,2187480.0,91.43,145.0,159.62,,90839
Wayne,2022-03,2022,3.8,25449,280.15,8521.0,2223692.0,93.8,171.0,188.25,,90839
Wayne,2022-04,2022,3.1,25519,280.93,8602.0,2250343.0,94.7,100.0,110.08,,90839
Wayne,2022-05,2022,2.8,25597,281.78,8616.0,2209731.0,94.85,126.0,138.71,,90839
Wayne,2022-06,2022,3.2,25728,283.23,8515.0,2173602.0,93.74,171.0,188.25,,90839
Wayne,2022-07,2022,3.3,25859,284.67,8524.0,2207269.0,93.84,152.0,167.33,,90839
Wayne,2022-08,2022,3.4,25964,285.82,8543.0,2210279.0,94.05,136.0,149.72,,90839
Wayne,2022-09,2022,2.7,26139,287.75,8521.0,2201815.0,93.8,153.0,168.43,,90839
Wayne,2022-10,2022,2.6,26221,288.65,8422.0,2459045.0,92.71,213.0,234.48,,90839
Wayne,2022-11,2022,2.8,26359,290.17,8427.0,2484887.0,92.77,216.0,237.78,,90839
Wayne,2022-12,2022,3.1,26475,291.45,8360.0,2450142.0,92.03,227.0,249.89,,90839
Wayne,2023-01,2023,3.9,26654,293.8,8327.0,2446628.0,91.79,221.0,243.6,,90721
Wayne,2023-02,2023,4.0,26799,295.4,8344.0,2445177.0,91.97,141.0,155.42,,90721
Wayne,2023-03,2023,3.6,26912,296.65,8406.0,1663444.0,92.66,170.0,187.39,,90721
Wayne,2023-04,2023,2.6,26943,296.99,8310.0,1527369.0,91.6,105.0,115.74,,90721
Wayne,2023-05,2023,2.7,27013,297.76,8392.0,1564757.0,92.5,174.0,191.8,,90721
Wayne,2023-06,2023,2.8,27173,299.52,8466.0,1602105.0,93.32,165.0,181.88,,90721
Wayne,2023-07,2023,3.0,26766,295.04,8383.0,1500695.0,92.4,147.0,162.04,,90721
Wayne,2023-08,2023,3.3,26374,290.72,8346.0,1505515.0,92.0,134.0,147.71,,90721
Wayne,2023-09,2023,2.9,25967,286.23,8221.0,1465149.0,90.62,160.0,176.36,,90721
Wayne,2023-10,2023,3.0,25567,281.82,8361.0,1604283.0,92.16,199.0,219.35,,90721
Wayne,2023-11,2023,3.1,25054,276.17,8376.0,1552179.0,92.33,237.0,261.24,,90721
Wayne,2023-12,2023,3.6,24553,270.64,8326.0,1532430.0,91.78,208.0,229.27,,90721
Wayne,2024-01,2024,4.4,24122,265.11,8287.0,1520026.0,91.08,222.0,243.99,,90988
Wayne,2024-02,2024,4.6,23694,260.41,8296.0,1513032.0,91.18,175.0,192.33,,90988
Wayne,2024-03,2024,4.2,23363,256.77,8442.0,1556179.0,92.78,140.0,153.87,,90988
Wayne,2024-04,2024,3.5,22903,251.71,8494.0,1536510.0,93.35,108.0,118.7,,90988
Wayne,2024-05,2024,3.1,22392,246.1,8636.0,1576738.0,94.91,154.0,169.25,,90988
Wayne,2024-06,2024,3.2,21931,241.03,8588.0,1512706.0,94.39,157.0,172.55,,90988
Wayne,2024-07,2024,3.5,21804,239.64,8637.0,1533165.0,94.92,156.0,171.45,,90988
Wayne,2024-08,2024,3.4,21673,238.2,8562.0,1524074.0,94.1,125.0,137.38,,90988
Wayne,2024-09,2024,2.9,21496,236.25,8450.0,1496728.0,92.87,129.0,141.78,,90988
Wayne,2024-10,2024,3.0,21468,235.94,8533.0,1563242.0,93.78,221.0,242.89,,90988
Wayne,2024-11,2024,3.1,21436,235.59,8485.0,1539469.0,93.25,229.0,251.68,,90988
Wayne,2024-12,2024,3.4,21419,235.4,8509.0,1565907.0,93.52,249.0,273.66,,90988
Wayne,2025-01,2025,4.2,21471,235.3,8606.0,1551906.0,94.31,,,,91250
Wayne,2025-02,2025,4.6,21386,234.37,8461.0,1513713.0,92.72,,,,91250
Wayne,2025-03,2025,4.0,21440,234.96,8527.0,1556622.0,93.45,,,,91250
Wayne,2025-04,2025,3.0,21442,234.98,8380.0,1507693.0,91.84,,,,91250
Wayne,2025-05,2025,2.7,21423,234.77,8338.0,1492474.0,91.38,,,,91250
Wayne,2025-06,2025,2.9,21399,234.51,8266.0,1487384.0,90.59,,,,91250
Wayne,2025-07,2025,3.3,21412,234.65,8229.0,1465398.0,90.18,,,,91250
Wayne,2025-08,2025,3.6,21402,234.54,8142.0,1448564.0,89.23,,,,91250
Wayne,2025-09,2025,3.5,21462,235.2,8112.0,1432979.0,88.9,,,,91250
Wayne,2025-10,2025,,21406,234.59,7983.0,1485036.0,87.48,,,,91250
Wayne,2025-11,2025,3.5,21490,235.51,7750.0,1440767.0,84.93,,,,91250
Wayne,2025-12,2025,3.6,21423,234.77,7696.0,1427919.0,84.34,,,,91250
Westchester,2018-01,2018,4.5,205384,212.13,78206.0,10455584.0,80.77,,,,968213
Westchester,2018-02,2018,4.7,205764,212.52,78116.0,10440792.0,80.68,,,,968213
Westchester,2018-03,2018,4.2,206000,212.76,78407.0,10541551.0,80.98,,,,968213
Westchester,2018-04,2018,3.7,206113,212.88,78106.0,10385626.0,80.67,,,,968213
Westchester,2018-05,2018,3.5,206220,212.99,78353.0,10434676.0,80.93,,,,968213
Westchester,2018-06,2018,3.9,206175,212.94,78127.0,10341243.0,80.69,,,,968213
Westchester,2018-07,2018,4.0,206188,212.96,78028.0,10320543.0,80.59,,,,968213
Westchester,2018-08,2018,4.0,206542,213.32,77702.0,10424301.0,80.25,,,,968213
Westchester,2018-09,2018,3.4,206230,213.0,77124.0,10353551.0,79.66,,,,968213
Westchester,2018-10,2018,3.3,206516,213.3,76589.0,10417516.0,79.1,,,,968213
Westchester,2018-11,2018,3.2,206391,213.17,75891.0,10304298.0,78.38,,,,968213
Westchester,2018-12,2018,3.4,206552,213.33,75752.0,10313649.0,78.24,,,,968213
Westchester,2019-01,2019,3.8,207045,214.0,75222.0,10169580.0,77.75,,,,967506
Westchester,2019-02,2019,3.8,206760,213.7,73934.0,9979007.0,76.42,,,,967506
Westchester,2019-03,2019,3.6,206639,213.58,74054.0,9990070.0,76.54,,,,967506
Westchester,2019-04,2019,3.1,206587,213.53,73471.0,9892223.0,75.94,,,,967506
Westchester,2019-05,2019,3.2,206662,213.6,73264.0,9877881.0,75.72,,,,967506
Westchester,2019-06,2019,3.4,206399,213.33,72939.0,9832881.0,75.39,,,,967506
Westchester,2019-07,2019,3.9,206346,213.28,72484.0,9775165.0,74.92,,,,967506
Westchester,2019-08,2019,4.0,206426,213.36,71819.0,9745868.0,74.23,,,,967506
Westchester,2019-09,2019,3.4,206106,213.03,71331.0,9688235.0,73.73,,,,967506
Westchester,2019-10,2019,3.5,205778,212.69,71141.0,9841741.0,73.53,,,,967506
Westchester,2019-11,2019,3.4,204953,211.84,70678.0,9758860.0,73.05,,,,967506
Westchester,2019-12,2019,3.5,204502,211.37,70428.0,9729305.0,72.79,,,,967506
Westchester,2020-01,2020,3.8,205139,204.84,70052.0,9644607.0,69.95,,,,1001451
Westchester,2020-02,2020,3.8,205279,204.98,69603.0,9550187.0,69.5,,,,1001451
Westchester,2020-03,2020,4.5,205352,205.05,69321.0,9511996.0,69.22,,,,1001451
Westchester,2020-04,2020,15.3,210556,210.25,73413.0,15412156.0,73.31,,,,1001451
Westchester,2020-05,2020,12.5,214529,214.22,75102.0,13095958.0,74.99,,,,1001451
Westchester,2020-06,2020,11.0,217670,217.35,77056.0,13092071.0,76.94,,,,1001451
Westchester,2020-07,2020,10.5,220748,220.43,73722.0,13540111.0,73.62,,,,1001451
Westchester,2020-08,2020,8.4,223620,223.3,72398.0,12908814.0,72.29,,,,1001451
Westchester,2020-09,2020,7.6,226436,226.11,72797.0,12541523.0,72.69,,,,1001451
Westchester,2020-10,2020,6.0,229233,228.9,73222.0,14157234.0,73.12,,,,1001451
Westchester,2020-11,2020,5.6,231543,231.21,72967.0,14355620.0,72.86,,,,1001451
Westchester,2020-12,2020,5.7,235479,235.14,73848.0,14034470.0,73.74,,,,1001451
Westchester,2021-01,2021,6.1,238000,237.94,73651.0,15566517.0,73.63,1289.0,128.87,,1000252
Westchester,2021-02,2021,6.3,238878,238.82,74096.0,16574639.0,74.08,1422.0,142.16,,1000252
Westchester,2021-03,2021,5.8,240559,240.5,74238.0,16154672.0,74.22,1339.0,133.87,,1000252
Westchester,2021-04,2021,5.1,242148,242.09,73977.0,18297380.0,73.96,1485.0,148.46,,1000252
Westchester,2021-05,2021,4.7,243376,243.31,73648.0,18288245.0,73.63,1622.0,162.16,,1000252
Westchester,2021-06,2021,5.1,245017,244.96,73181.0,18035782.0,73.16,1823.0,182.25,,1000252
Westchester,2021-07,2021,5.0,246656,246.59,72513.0,17932133.0,72.49,1771.0,177.06,,1000252
Westchester,2021-08,2021,4.7,248049,247.99,72381.0,17992916.0,72.36,1647.0,164.66,,1000252
Westchester,2021-09,2021,3.9,249991,249.93,72927.0,18043757.0,72.91,1790.0,178.95,,1000252
Westchester,2021-10,2021,3.5,251757,251.69,74163.0,19741831.0,74.14,1955.0,195.45,,1000252
Westchester,2021-11,2021,3.2,252715,252.65,74520.0,19680349.0,74.5,1774.0,177.36,,1000252
Westchester,2021-12,2021,2.8,254709,254.64,75307.0,20099948.0,75.29,1787.0,178.65,,1000252
Westchester,2022-01,2022,3.5,256543,258.01,75464.0,19956683.0,75.9,1871.0,188.17,,994313
Westchester,2022-02,2022,3.7,257790,259.26,75850.0,20104148.0,76.28,1372.0,137.98,,994313
Westchester,2022-03,2022,3.3,259484,260.97,76545.0,20257234.0,76.98,1523.0,153.17,,994313
Westchester,2022-04,2022,2.8,260142,261.63,76718.0,20391505.0,77.16,1528.0,153.67,,994313
Westchester,2022-05,2022,2.8,260796,262.29,76940.0,20321216.0,77.38,1718.0,172.78,,994313
Westchester,2022-06,2022,3.0,262290,263.79,77196.0,20373030.0,77.64,1889.0,189.98,,994313
Westchester,2022-07,2022,3.3,263965,265.47,77098.0,20414495.0,77.54,1796.0,180.63,,994313
Westchester,2022-08,2022,3.4,265275,266.79,76952.0,20362387.0,77.39,1734.0,174.39,,994313
Westchester,2022-09,2022,2.7,267110,268.64,76715.0,20467415.0,77.15,1814.0,182.44,,994313
Westchester,2022-10,2022,2.5,268323,269.86,76125.0,22594287.0,76.56,2074.0,208.59,,994313
Westchester,2022-11,2022,2.6,269556,271.1,75728.0,22699290.0,76.16,1907.0,191.79,,994313
Westchester,2022-12,2022,2.5,271679,273.23,76104.0,22951314.0,76.54,2026.0,203.76,,994313
Westchester,2023-01,2023,3.1,273560,274.02,76071.0,22860381.0,76.2,1615.0,161.77,,998335
Westchester,2023-02,2023,3.2,274625,275.08,75827.0,22908707.0,75.95,1504.0,150.65,,998335
Westchester,2023-03,2023,2.8,276535,277.0,76242.0,16401624.0,76.37,1617.0,161.97,,998335
Westchester,2023-04,2023,2.3,277891,278.35,76069.0,16041683.0,76.2,1741.0,174.39,,998335
Westchester,2023-05,2023,2.7,279270,279.74,76940.0,16135508.0,77.07,1945.0,194.82,,998335
Westchester,2023-06,2023,2.9,281549,282.02,76908.0,15784422.0,77.04,1785.0,178.8,,998335
Westchester,2023-07,2023,3.2,278103,278.57,76031.0,15521775.0,76.16,1805.0,180.8,,998335
Westchester,2023-08,2023,3.5,274167,274.62,75469.0,15618468.0,75.59,1683.0,168.58,,998335
Westchester,2023-09,2023,3.1,269839,270.29,74766.0,15340552.0,74.89,1940.0,194.32,,998335
Westchester,2023-10,2023,3.3,266331,266.78,73932.0,15864413.0,74.06,1975.0,197.83,,998335
Westchester,2023-11,2023,3.1,263409,263.85,73781.0,16032063.0,73.9,1872.0,187.51,,998335
Westchester,2023-12,2023,3.2,259745,260.18,74007.0,16145552.0,74.13,2004.0,200.73,,998335
Westchester,2024-01,2024,3.5,257032,254.7,74145.0,15999322.0,73.47,1790.0,177.37,,1009165
Westchester,2024-02,2024,3.7,254860,252.55,74336.0,15880890.0,73.66,1487.0,147.35,,1009165
Westchester,2024-03,2024,3.4,252562,250.27,74787.0,15848825.0,74.11,1709.0,169.35,,1009165
Westchester,2024-04,2024,2.9,248287,246.03,75280.0,15755907.0,74.6,1630.0,161.52,,1009165
Westchester,2024-05,2024,3.1,245428,243.2,76054.0,15862783.0,75.36,1923.0,190.55,,1009165
Westchester,2024-06,2024,3.3,242261,240.06,75865.0,15621084.0,75.18,1843.0,182.63,,1009165
Westchester,2024-07,2024,3.7,241678,239.48,75931.0,15634041.0,75.24,1619.0,160.43,,1009165
Westchester,2024-08,2024,3.6,241404,239.21,75584.0,15630372.0,74.9,1556.0,154.19,,1009165
Westchester,2024-09,2024,2.9,241030,238.84,74901.0,15537242.0,74.22,1644.0,162.91,,1009165
Westchester,2024-10,2024,3.0,241397,239.2,74914.0,15887206.0,74.23,1833.0,181.64,,1009165
Westchester,2024-11,2024,3.0,241018,238.83,74677.0,15895584.0,74.0,1874.0,185.7,,1009165
Westchester,2024-12,2024,3.0,240478,238.29,74583.0,15849555.0,73.91,1989.0,197.09,,1009165
Westchester,2025-01,2025,3.6,239813,236.1,74181.0,15587852.0,73.03,,,,1015743
Westchester,2025-02,2025,3.9,238950,235.25,73925.0,15407291.0,72.78,,,,1015743
Westchester,2025-03,2025,3.4,239011,235.31,73716.0,15400301.0,72.57,,,,1015743
Westchester,2025-04,2025,2.6,238880,235.18,73665.0,15380322.0,72.52,,,,1015743
Westchester,2025-05,2025,2.7,238663,234.96,73557.0,15237695.0,72.42,,,,1015743
Westchester,2025-06,2025,2.9,238098,234.41,73178.0,15075732.0,72.04,,,,1015743
Westchester,2025-07,2025,3.4,238195,234.5,72827.0,15043873.0,71.7,,,,1015743
Westchester,2025-08,2025,3.7,237318,233.64,72262.0,14838638.0,71.14,,,,1015743
Westchester,2025-09,2025,3.6,236417,232.75,71781.0,14787231.0,70.67,,,,1015743
Westchester,2025-10,2025,,235785,232.13,71588.0,15334668.0,70.48,,,,1015743
Westchester,2025-11,2025,3.3,237366,233.69,70219.0,14870506.0,69.13,,,,1015743
Westchester,2025-12,2025,3.1,236399,232.74,70148.0,14874723.0,69.06,,,,1015743
Wyoming,2018-01,2018,6.8,8474,211.73,2581.0,273289.0,64.49,,,,40023
Wyoming,2018-02,2018,6.9,8484,211.98,2631.0,280129.0,65.74,,,,40023
Wyoming,2018-03,2018,6.2,8521,212.9,2638.0,281809.0,65.91,,,,40023
Wyoming,2018-04,2018,4.7,8538,213.33,2615.0,282198.0,65.34,,,,40023
Wyoming,2018-05,2018,3.6,8509,212.6,2539.0,273899.0,63.44,,,,40023
Wyoming,2018-06,2018,3.5,8511,212.65,2486.0,267739.0,62.11,,,,40023
Wyoming,2018-07,2018,3.5,8518,212.83,2464.0,264483.0,61.56,,,,40023
Wyoming,2018-08,2018,3.4,8509,212.6,2466.0,266268.0,61.61,,,,40023
Wyoming,2018-09,2018,2.9,8511,212.65,2406.0,258708.0,60.12,,,,40023
Wyoming,2018-10,2018,3.0,8532,213.18,2391.0,261623.0,59.74,,,,40023
Wyoming,2018-11,2018,3.3,8575,214.25,2408.0,259816.0,60.17,,,,40023
Wyoming,2018-12,2018,4.7,8537,213.3,2478.0,273746.0,61.91,,,,40023
Wyoming,2019-01,2019,5.6,8555,214.63,2453.0,266003.0,61.54,,,,39859
Wyoming,2019-02,2019,5.6,8579,215.23,2447.0,265777.0,61.39,,,,39859
Wyoming,2019-03,2019,5.1,8533,214.08,2419.0,259565.0,60.69,,,,39859
Wyoming,2019-04,2019,3.6,8553,214.58,2361.0,257446.0,59.23,,,,39859
Wyoming,2019-05,2019,3.1,8647,216.94,2289.0,244714.0,57.43,,,,39859
Wyoming,2019-06,2019,3.1,8658,217.22,2315.0,246275.0,58.08,,,,39859
Wyoming,2019-07,2019,3.7,8640,216.76,2268.0,238848.0,56.9,,,,39859
Wyoming,2019-08,2019,3.5,8625,216.39,2282.0,245033.0,57.25,,,,39859
Wyoming,2019-09,2019,3.0,8613,216.09,2311.0,249205.0,57.98,,,,39859
Wyoming,2019-10,2019,3.1,8602,215.81,2303.0,250007.0,57.78,,,,39859
Wyoming,2019-11,2019,3.7,8538,214.21,2319.0,252735.0,58.18,,,,39859
Wyoming,2019-12,2019,4.9,8533,214.08,2329.0,255630.0,58.43,,,,39859
Wyoming,2020-01,2020,5.9,8492,210.91,2369.0,254962.0,58.84,,,,40264
Wyoming,2020-02,2020,5.9,8418,209.07,2375.0,261348.0,58.99,,,,40264
Wyoming,2020-03,2020,6.6,8433,209.44,2354.0,262028.0,58.46,,,,40264
Wyoming,2020-04,2020,16.2,8554,212.45,2467.0,597572.0,61.27,,,,40264
Wyoming,2020-05,2020,10.8,8624,214.19,2350.0,419909.0,58.36,,,,40264
Wyoming,2020-06,2020,7.4,8677,215.5,2302.0,375157.0,57.17,,,,40264
Wyoming,2020-07,2020,7.1,8753,217.39,2127.0,426624.0,52.83,,,,40264
Wyoming,2020-08,2020,5.4,8845,219.68,2137.0,384434.0,53.07,,,,40264
Wyoming,2020-09,2020,4.5,8924,221.64,2188.0,347599.0,54.34,,,,40264
Wyoming,2020-10,2020,4.0,8973,222.85,2325.0,484762.0,57.74,,,,40264
Wyoming,2020-11,2020,4.3,9037,224.44,2390.0,471218.0,59.36,,,,40264
Wyoming,2020-12,2020,5.5,9114,226.36,2480.0,467577.0,61.59,,,,40264
Wyoming,2021-01,2021,6.1,9181,228.81,2477.0,526376.0,61.73,106.0,264.17,,40125
Wyoming,2021-02,2021,6.7,9217,229.71,2515.0,552742.0,62.68,60.0,149.53,,40125
Wyoming,2021-03,2021,6.1,9264,230.88,2523.0,544676.0,62.88,79.0,196.88,,40125
Wyoming,2021-04,2021,4.6,9294,231.63,2477.0,583139.0,61.73,47.0,117.13,,40125
Wyoming,2021-05,2021,4.0,9342,232.82,2463.0,586514.0,61.38,66.0,164.49,,40125
Wyoming,2021-06,2021,4.3,9390,234.02,2443.0,585983.0,60.88,81.0,201.87,,40125
Wyoming,2021-07,2021,4.2,9449,235.49,2431.0,579896.0,60.59,64.0,159.5,,40125
Wyoming,2021-08,2021,3.9,9493,236.59,2429.0,588035.0,60.54,65.0,161.99,,40125
Wyoming,2021-09,2021,3.1,9555,238.13,2385.0,568773.0,59.44,67.0,166.98,,40125
Wyoming,2021-10,2021,2.9,9640,240.25,2513.0,654625.0,62.63,102.0,254.21,,40125
Wyoming,2021-11,2021,3.1,9655,240.62,2618.0,666183.0,65.25,136.0,338.94,,40125
Wyoming,2021-12,2021,3.3,9731,242.52,2670.0,689955.0,66.54,76.0,189.41,,40125
Wyoming,2022-01,2022,4.7,9782,245.63,2701.0,685466.0,67.82,82.0,205.91,,39824
Wyoming,2022-02,2022,5.0,9811,246.36,2715.0,694727.0,68.17,82.0,205.91,,39824
Wyoming,2022-03,2022,4.5,9895,248.47,2632.0,657089.0,66.09,89.0,223.48,,39824
Wyoming,2022-04,2022,3.2,9904,248.69,2563.0,655976.0,64.36,59.0,148.15,,39824
Wyoming,2022-05,2022,2.7,9911,248.87,2543.0,643734.0,63.86,66.0,165.73,,39824
Wyoming,2022-06,2022,2.8,9971,250.38,2529.0,637247.0,63.5,97.0,243.57,,39824
Wyoming,2022-07,2022,3.0,10010,251.36,2508.0,632768.0,62.98,84.0,210.93,,39824
Wyoming,2022-08,2022,3.1,10097,253.54,2568.0,643650.0,64.48,83.0,208.42,,39824
Wyoming,2022-09,2022,2.4,10161,255.15,2562.0,645314.0,64.33,106.0,266.17,,39824
Wyoming,2022-10,2022,2.4,10148,254.82,2564.0,735185.0,64.38,128.0,321.41,,39824
Wyoming,2022-11,2022,3.0,10164,255.22,2564.0,742803.0,64.38,144.0,361.59,,39824
Wyoming,2022-12,2022,3.6,10234,256.98,2616.0,757746.0,65.69,110.0,276.22,,39824
Wyoming,2023-01,2023,4.9,10354,260.48,2603.0,737148.0,65.48,99.0,249.06,,39750
Wyoming,2023-02,2023,4.9,10430,262.39,2625.0,744874.0,66.04,83.0,208.81,,39750
Wyoming,2023-03,2023,4.4,10491,263.92,2640.0,430879.0,66.42,99.0,249.06,,39750
Wyoming,2023-04,2023,2.9,10558,265.61,2647.0,428064.0,66.59,51.0,128.3,,39750
Wyoming,2023-05,2023,2.7,10565,265.79,2633.0,419571.0,66.24,54.0,135.85,,39750
Wyoming,2023-06,2023,2.8,10653,268.0,2575.0,419288.0,64.78,108.0,271.7,,39750
Wyoming,2023-07,2023,3.0,10559,265.64,2528.0,411416.0,63.6,76.0,191.19,,39750
Wyoming,2023-08,2023,3.3,10416,262.04,2466.0,398843.0,62.04,90.0,226.42,,39750
Wyoming,2023-09,2023,2.9,10257,258.04,2448.0,397634.0,61.58,81.0,203.77,,39750
Wyoming,2023-10,2023,3.1,10104,254.19,2465.0,417360.0,62.01,85.0,213.84,,39750
Wyoming,2023-11,2023,3.6,9970,250.82,2480.0,418470.0,62.39,139.0,349.69,,39750
Wyoming,2023-12,2023,4.4,9775,245.91,2528.0,431639.0,63.6,103.0,259.12,,39750
Wyoming,2024-01,2024,5.4,9638,242.06,2558.0,424240.0,64.24,125.0,313.94,,39817
Wyoming,2024-02,2024,5.5,9445,237.21,2620.0,440138.0,65.8,85.0,213.48,,39817
Wyoming,2024-03,2024,4.7,9346,234.72,2638.0,435846.0,66.25,70.0,175.8,,39817
Wyoming,2024-04,2024,3.7,9201,231.08,2629.0,429464.0,66.03,73.0,183.34,,39817
Wyoming,2024-05,2024,2.9,9089,228.27,2609.0,425025.0,65.52,86.0,215.99,,39817
Wyoming,2024-06,2024,2.9,8975,225.41,2568.0,421242.0,64.5,86.0,215.99,,39817
Wyoming,2024-07,2024,3.3,8910,223.77,2581.0,427565.0,64.82,83.0,208.45,,39817
Wyoming,2024-08,2024,3.2,8858,222.47,2582.0,423656.0,64.85,75.0,188.36,,39817
Wyoming,2024-09,2024,2.6,8851,222.29,2568.0,415596.0,64.5,72.0,180.83,,39817
Wyoming,2024-10,2024,2.7,8792,220.81,2581.0,437861.0,64.82,134.0,336.54,,39817
Wyoming,2024-11,2024,3.2,8784,220.61,2574.0,432883.0,64.65,160.0,401.84,,39817
Wyoming,2024-12,2024,4.1,8819,221.49,2601.0,436643.0,65.32,136.0,341.56,,39817
Wyoming,2025-01,2025,5.4,8847,222.62,2570.0,423286.0,64.67,,,,39741
Wyoming,2025-02,2025,5.6,8808,221.64,2522.0,417295.0,63.46,,,,39741
Wyoming,2025-03,2025,4.8,8866,223.09,2534.0,419845.0,63.76,,,,39741
Wyoming,2025-04,2025,3.3,8860,222.94,2498.0,418047.0,62.86,,,,39741
Wyoming,2025-05,2025,2.6,8855,222.82,2469.0,411983.0,62.13,,,,39741
Wyoming,2025-06,2025,2.7,8791,221.21,2411.0,401041.0,60.67,,,,39741
Wyoming,2025-07,2025,3.2,8800,221.43,2431.0,404012.0,61.17,,,,39741
Wyoming,2025-08,2025,3.4,8807,221.61,2431.0,396233.0,61.17,,,,39741
Wyoming,2025-09,2025,3.1,8794,221.28,2460.0,407125.0,61.9,,,,39741
Wyoming,2025-10,2025,,8799,221.41,2484.0,425951.0,62.5,,,,39741
Wyoming,2025-11,2025,3.7,8857,222.87,2455.0,417260.0,61.77,,,,39741
Wyoming,2025-12,2025,4.3,8881,223.47,2480.0,418187.0,62.4,,,,39741
Yates,2018-01,2018,5.8,4934,197.75,2407.0,274881.0,96.47,,,,24951
Yates,2018-02,2018,5.7,4941,198.03,2411.0,284722.0,96.63,,,,24951
Yates,2018-03,2018,5.2,4930,197.59,2400.0,277663.0,96.19,,,,24951
Yates,2018-04,2018,4.1,4937,197.87,2382.0,274348.0,95.47,,,,24951
Yates,2018-05,2018,3.2,4990,199.99,2349.0,278987.0,94.14,,,,24951
Yates,2018-06,2018,3.6,4945,198.19,2313.0,271899.0,92.7,,,,24951
Yates,2018-07,2018,3.3,4936,197.83,2278.0,263769.0,91.3,,,,24951
Yates,2018-08,2018,3.2,4957,198.67,2280.0,264032.0,91.38,,,,24951
Yates,2018-09,2018,2.9,4948,198.31,2236.0,255824.0,89.62,,,,24951
Yates,2018-10,2018,3.1,4955,198.59,2244.0,262675.0,89.94,,,,24951
Yates,2018-11,2018,3.1,4982,199.67,2226.0,253769.0,89.21,,,,24951
Yates,2018-12,2018,3.9,4976,199.43,2257.0,259026.0,90.46,,,,24951
Yates,2019-01,2019,4.8,4985,200.1,2302.0,261461.0,92.4,,,,24913
Yates,2019-02,2019,4.8,4974,199.65,2253.0,254281.0,90.43,,,,24913
Yates,2019-03,2019,4.3,4977,199.78,2259.0,254962.0,90.68,,,,24913
Yates,2019-04,2019,3.4,4980,199.9,2229.0,251145.0,89.47,,,,24913
Yates,2019-05,2019,3.1,4939,198.25,2156.0,242155.0,86.54,,,,24913
Yates,2019-06,2019,3.3,4898,196.6,2036.0,230938.0,81.72,,,,24913
Yates,2019-07,2019,3.4,4953,198.81,1966.0,224503.0,78.91,,,,24913
Yates,2019-08,2019,3.3,4939,198.25,1929.0,222854.0,77.43,,,,24913
Yates,2019-09,2019,3.0,4930,197.89,1985.0,226945.0,79.68,,,,24913
Yates,2019-10,2019,3.3,4919,197.45,1977.0,230737.0,79.36,,,,24913
Yates,2019-11,2019,3.6,4944,198.45,2045.0,237551.0,82.09,,,,24913
Yates,2019-12,2019,4.5,4938,198.21,2081.0,241642.0,83.53,,,,24913
Yates,2020-01,2020,5.4,5001,202.18,2155.0,247561.0,87.12,,,,24735
Yates,2020-02,2020,5.4,4953,200.24,2176.0,249558.0,87.97,,,,24735
Yates,2020-03,2020,6.1,4932,199.39,2171.0,247374.0,87.77,,,,24735
Yates,2020-04,2020,15.8,5009,202.51,2216.0,515919.0,89.59,,,,24735
Yates,2020-05,2020,10.8,5079,205.34,2160.0,383433.0,87.33,,,,24735
Yates,2020-06,2020,7.7,5096,206.02,2006.0,340868.0,81.1,,,,24735
Yates,2020-07,2020,7.3,5166,208.85,1880.0,348427.0,76.01,,,,24735
Yates,2020-08,2020,5.5,5223,211.16,1774.0,318348.0,71.72,,,,24735
Yates,2020-09,2020,4.7,5299,214.23,1898.0,309538.0,76.73,,,,24735
Yates,2020-10,2020,4.1,5347,216.17,1953.0,399790.0,78.96,,,,24735
Yates,2020-11,2020,4.5,5403,218.44,1969.0,370631.0,79.6,,,,24735
Yates,2020-12,2020,5.3,5472,221.22,2079.0,391787.0,84.05,,,,24735
Yates,2021-01,2021,5.9,5512,224.3,2115.0,451119.0,86.07,72.0,292.99,,24574
Yates,2021-02,2021,6.1,5553,225.97,2108.0,455942.0,85.78,56.0,227.88,,24574
Yates,2021-03,2021,5.7,5591,227.52,2085.0,446768.0,84.85,38.0,154.63,,24574
Yates,2021-04,2021,4.3,5619,228.66,2068.0,490841.0,84.15,31.0,126.15,,24574
Yates,2021-05,2021,3.8,5640,229.51,2041.0,489114.0,83.06,59.0,240.09,,24574
Yates,2021-06,2021,4.1,5666,230.57,1990.0,470918.0,80.98,69.0,280.78,,24574
Yates,2021-07,2021,4.0,5708,232.28,1998.0,474629.0,81.31,41.0,166.84,,24574
Yates,2021-08,2021,3.8,5714,232.52,1968.0,467821.0,80.08,44.0,179.05,,24574
Yates,2021-09,2021,3.1,5714,232.52,2016.0,480168.0,82.04,56.0,227.88,,24574
Yates,2021-10,2021,2.9,5726,233.01,2075.0,529161.0,84.44,70.0,284.85,,24574
Yates,2021-11,2021,2.9,5738,233.5,2094.0,528978.0,85.21,91.0,370.31,,24574
Yates,2021-12,2021,2.9,5783,235.33,2136.0,547294.0,86.92,57.0,231.95,,24574
Yates,2022-01,2022,4.0,5826,238.23,2208.0,555695.0,90.29,49.0,200.37,,24455
Yates,2022-02,2022,4.1,5854,239.38,2224.0,563948.0,90.94,64.0,261.71,,24455
Yates,2022-03,2022,3.6,5850,239.21,2237.0,566998.0,91.47,37.0,151.3,,24455
Yates,2022-04,2022,2.9,5866,239.87,2196.0,552556.0,89.8,39.0,159.48,,24455
Yates,2022-05,2022,2.7,5859,239.58,2194.0,554454.0,89.72,50.0,204.46,,24455
Yates,2022-06,2022,2.9,5862,239.71,2133.0,534376.0,87.22,74.0,302.6,,24455
Yates,2022-07,2022,3.0,5860,239.62,2076.0,525843.0,84.89,50.0,204.46,,24455
Yates,2022-08,2022,3.1,5881,240.48,2040.0,517836.0,83.42,53.0,216.72,,24455
Yates,2022-09,2022,2.6,5896,241.1,2067.0,524031.0,84.52,45.0,184.01,,24455
Yates,2022-10,2022,2.5,5934,242.65,2047.0,588385.0,83.7,73.0,298.51,,24455
Yates,2022-11,2022,2.9,5916,241.91,2077.0,599250.0,84.93,94.0,384.38,,24455
Yates,2022-12,2022,3.5,5935,242.69,2154.0,624104.0,88.08,64.0,261.71,,24455
Yates,2023-01,2023,4.2,5985,245.62,2178.0,622562.0,89.38,59.0,242.13,,24367
Yates,2023-02,2023,4.1,6014,246.81,2195.0,627170.0,90.08,52.0,213.4,,24367
Yates,2023-03,2023,3.5,6026,247.3,2176.0,366062.0,89.3,80.0,328.31,,24367
Yates,2023-04,2023,2.4,6033,247.59,2148.0,355184.0,88.15,48.0,196.99,,24367
Yates,2023-05,2023,2.5,6068,249.03,2096.0,346555.0,86.02,51.0,209.3,,24367
Yates,2023-06,2023,2.7,6103,250.46,2051.0,341689.0,84.17,46.0,188.78,,24367
Yates,2023-07,2023,2.8,6050,248.29,1966.0,327847.0,80.68,48.0,196.99,,24367
Yates,2023-08,2023,3.0,5972,245.09,1974.0,331633.0,81.01,49.0,201.09,,24367
Yates,2023-09,2023,2.7,5875,241.1,1954.0,326676.0,80.19,53.0,217.51,,24367
Yates,2023-10,2023,2.8,5813,238.56,1988.0,348439.0,81.59,64.0,262.65,,24367
Yates,2023-11,2023,3.2,5737,235.44,1969.0,351526.0,80.81,68.0,279.07,,24367
Yates,2023-12,2023,3.8,5614,230.39,1940.0,343370.0,79.62,51.0,209.3,,24367
Yates,2024-01,2024,4.5,5501,225.14,2000.0,345499.0,81.85,61.0,249.65,,24434
Yates,2024-02,2024,4.5,5443,222.76,2044.0,355779.0,83.65,48.0,196.45,,24434
Yates,2024-03,2024,3.9,5377,220.06,2078.0,359604.0,85.05,54.0,221.0,,24434
Yates,2024-04,2024,3.1,5266,215.52,2077.0,358335.0,85.0,41.0,167.8,,24434
Yates,2024-05,2024,2.8,5197,212.7,2075.0,360829.0,84.92,54.0,221.0,,24434
Yates,2024-06,2024,3.0,5084,208.07,2016.0,356148.0,82.51,35.0,143.24,,24434
Yates,2024-07,2024,3.2,5057,206.97,2032.0,358097.0,83.16,54.0,221.0,,24434
Yates,2024-08,2024,3.0,5025,205.66,2045.0,364629.0,83.69,52.0,212.82,,24434
Yates,2024-09,2024,2.5,4991,204.26,2024.0,358203.0,82.84,43.0,175.98,,24434
Yates,2024-10,2024,2.5,4981,203.86,2023.0,370447.0,82.79,88.0,360.15,,24434
Yates,2024-11,2024,2.9,4963,203.12,2062.0,366776.0,84.39,79.0,323.32,,24434
Yates,2024-12,2024,3.4,4951,202.63,2091.0,378712.0,85.58,54.0,221.0,,24434
Yates,2025-01,2025,4.5,4946,201.49,2101.0,360750.0,85.59,,,,24547
Yates,2025-02,2025,4.6,4967,202.35,2083.0,356596.0,84.86,,,,24547
Yates,2025-03,2025,3.8,4942,201.33,2103.0,360474.0,85.67,,,,24547
Yates,2025-04,2025,2.8,4921,200.47,2070.0,354409.0,84.33,,,,24547
Yates,2025-05,2025,2.5,4910,200.02,2052.0,353513.0,83.59,,,,24547
Yates,2025-06,2025,2.7,4923,200.55,2023.0,344872.0,82.41,,,,24547
Yates,2025-07,2025,3.1,4939,201.21,2092.0,354860.0,85.22,,,,24547
Yates,2025-08,2025,3.3,4915,200.23,2028.0,342273.0,82.62,,,,24547
Yates,2025-09,2025,3.3,4929,200.8,1966.0,333872.0,80.09,,,,24547
Yates,2025-10,2025,,4917,200.31,1921.0,340066.0,78.26,,,,24547
Yates,2025-11,2025,3.7,4927,200.72,1867.0,327213.0,76.06,,,,24547
Yates,2025-12,2025,3.9,4971,202.51,1926.0,338418.0,78.46,,,,24547
